amount,transaction_hour,failed_attempts,account_age_days,velocity_1h,location_change,new_device,device_trust,merchant_risk,channel,is_fraud
1510.13,21,0,3091,2,0,0,0.6687,0.1007,UPI,0
367.98,18,1,749,1,0,0,0.6355,0.4584,UPI,0
2411.43,16,0,331,2,0,0,0.9604,0.2018,Ecommerce,0
2944.2,5,1,3273,1,0,0,0.5494,0.3475,UPI,0
141.37,14,0,1528,1,0,0,0.8484,0.3075,NetBanking,0
279.42,19,1,1471,1,0,0,0.9589,0.2825,Card,0
1254.17,1,3,1060,1,1,0,0.6851,0.2393,Card,0
786.78,4,0,3317,0,0,0,0.8508,0.2826,Card,0
1077.46,12,0,1223,1,0,0,0.9263,0.0535,UPI,0
447.78,8,0,3009,2,0,0,0.2646,0.364,Ecommerce,0
2761.05,17,1,3472,2,0,0,0.9196,0.2646,Card,0
2481.66,9,1,1581,1,0,0,0.7268,0.4522,Card,0
1175.36,23,0,2454,2,0,0,0.5691,0.5882,UPI,0
3581.74,7,0,93,2,0,1,0.8318,0.2142,Ecommerce,0
1791.64,8,1,2737,0,0,0,0.5479,0.4217,NetBanking,0
444.85,0,0,3405,0,0,0,0.5236,0.2258,UPI,0
1615.16,5,0,688,3,0,1,0.7379,0.3128,Card,0
400.68,5,0,42,4,0,0,0.9229,0.0286,Card,0
2758.31,18,1,160,1,0,0,0.5278,0.1621,Card,0
1040.63,8,0,2997,0,0,0,0.9584,0.1727,Card,0
903.16,4,0,858,4,0,1,0.8781,0.2781,UPI,0
536.48,7,0,1450,0,0,0,0.8907,0.4804,NetBanking,0
3958.69,13,0,1180,1,0,0,0.7916,0.2512,NetBanking,0
932.38,18,0,1059,2,0,0,0.6371,0.5362,UPI,0
699.42,23,0,584,1,0,1,0.9093,0.4161,Wallet,0
757.68,1,0,1433,0,0,0,0.4431,0.1379,Card,0
1917.78,20,0,3235,3,0,1,0.6765,0.2558,NetBanking,0
1609.56,9,1,1253,1,0,1,0.596,0.3053,Card,0
1691.5,19,0,2806,3,0,0,0.6639,0.4569,Card,0
1723.93,0,0,2414,4,1,0,0.859,0.2483,UPI,0
10391.36,15,1,2791,0,0,0,0.8456,0.1525,NetBanking,0
715.7,22,1,2007,4,0,0,0.7173,0.2354,UPI,0
640.43,0,2,1304,2,0,0,0.9593,0.0871,UPI,0
466.63,18,2,904,1,0,0,0.7007,0.117,NetBanking,0
2093.89,2,0,985,2,0,1,0.4602,0.2134,Card,0
3588.25,23,1,1849,1,0,0,0.8409,0.3604,Card,0
972.97,17,1,1418,4,0,0,0.789,0.1901,NetBanking,0
453.88,21,1,1421,3,0,0,0.9489,0.6765,Ecommerce,0
461.41,21,1,1295,2,1,0,0.4435,0.4182,UPI,0
2171.39,7,1,3222,2,0,0,0.6334,0.1952,UPI,0
2393.27,9,0,2254,3,0,0,0.343,0.2144,Card,1
1939.75,16,0,3124,4,1,0,0.6574,0.1033,UPI,0
545.23,4,0,3249,0,0,0,0.7872,0.1818,NetBanking,0
1399.36,7,1,2163,1,0,0,0.595,0.023,Card,0
1239.57,2,0,327,3,0,0,0.6866,0.1897,UPI,0
1379.7,21,1,3379,3,0,0,0.833,0.2725,UPI,0
2738.05,5,0,1677,1,1,0,0.9578,0.1549,UPI,0
1386.83,9,0,1317,7,0,0,0.8068,0.331,UPI,0
2236.93,10,0,1451,4,1,0,0.9277,0.4513,Card,0
1177.28,9,1,314,2,0,0,0.3649,0.0471,Card,0
1485.6,18,0,2327,2,0,1,0.5959,0.5272,Card,0
2127.82,21,0,173,2,0,1,0.6295,0.5705,Card,0
237.46,13,1,2524,4,0,0,0.5818,0.2576,NetBanking,0
783.95,20,1,2918,2,0,1,0.8008,0.1792,Card,0
669.22,2,0,1481,3,0,1,0.6607,0.1914,Ecommerce,0
560.7,23,1,1346,1,0,0,0.7918,0.1185,UPI,0
821.47,2,0,2358,1,0,0,0.4802,0.0999,Card,0
5269.49,1,0,3011,2,0,0,0.7091,0.3356,Card,0
441.81,0,1,341,1,0,0,0.7672,0.0454,UPI,0
3031.13,5,0,1609,2,1,0,0.9052,0.0631,Card,0
187.35,20,0,1135,1,0,0,0.5003,0.0488,UPI,0
771.53,7,1,46,3,0,0,0.6951,0.3783,UPI,0
1301.0,18,0,36,1,0,0,0.8463,0.1803,UPI,0
2029.48,10,0,1853,3,0,0,0.6542,0.3716,UPI,0
2314.13,2,0,2674,0,0,0,0.6194,0.2349,Ecommerce,0
2522.52,11,0,2083,1,0,0,0.4543,0.3105,UPI,0
760.4,5,1,876,3,0,0,0.8445,0.149,Card,0
674.88,6,0,1584,2,0,0,0.7889,0.2379,Card,0
2699.64,12,0,3380,4,1,0,0.8188,0.071,UPI,0
897.07,18,0,2934,0,0,0,0.8793,0.1573,Wallet,0
287.3,14,0,425,1,0,0,0.2112,0.1026,Card,0
333.64,5,0,2256,0,0,0,0.9562,0.2405,Card,0
417.62,17,0,2189,2,0,0,0.4752,0.5279,NetBanking,0
1848.29,16,1,1281,1,0,0,0.6481,0.4901,Ecommerce,0
1273.53,5,0,1280,3,0,0,0.4794,0.0544,Card,0
2264.27,20,1,2518,0,0,0,0.6788,0.054,Card,0
700.21,20,0,3272,3,0,0,0.6768,0.1017,UPI,0
1295.26,14,0,1123,1,1,0,0.8734,0.0652,UPI,0
2115.13,7,1,3245,3,0,0,0.9294,0.196,UPI,0
792.49,8,0,2936,2,0,0,0.3625,0.5649,NetBanking,0
1771.56,10,0,190,3,0,0,0.8368,0.3922,Wallet,0
547.29,4,0,985,1,0,0,0.4392,0.2803,Wallet,0
749.04,7,0,1547,1,0,0,0.7451,0.1355,Wallet,0
734.49,3,0,2335,1,0,0,0.76,0.0243,UPI,0
312.43,3,1,798,1,0,0,0.9288,0.1088,Ecommerce,0
1828.63,17,0,1456,3,0,0,0.8162,0.0436,Card,0
669.9,3,0,330,2,0,0,0.3874,0.2749,NetBanking,0
1111.11,11,0,360,3,0,0,0.5955,0.4891,NetBanking,0
1816.71,10,0,1526,2,0,0,0.662,0.0174,UPI,0
1752.6,1,0,2206,1,0,0,0.8439,0.0657,UPI,0
2205.38,19,0,1587,1,1,0,0.7407,0.5237,UPI,0
988.9,23,1,1345,1,0,0,0.7154,0.1173,Card,0
703.13,15,0,1746,1,0,0,0.7949,0.1296,Card,0
1008.58,16,1,2222,0,0,0,0.8064,0.1713,Wallet,0
186.48,5,2,2501,1,0,0,0.432,0.1046,NetBanking,0
239.97,20,0,1892,1,0,0,0.8389,0.3926,NetBanking,0
273.46,18,0,327,1,0,0,0.6001,0.1361,UPI,0
384.86,10,1,152,2,0,0,0.6883,0.0801,UPI,0
1668.64,16,1,1205,0,0,0,0.8697,0.5584,UPI,0
423.79,22,1,722,0,1,0,0.8344,0.2644,Ecommerce,0
737.25,14,1,1882,2,0,0,0.8046,0.1795,UPI,0
4290.63,4,0,2453,1,0,0,0.9036,0.1434,UPI,0
754.4,7,1,887,3,0,0,0.8006,0.2168,Ecommerce,0
2378.89,4,0,1640,2,0,0,0.6266,0.2331,UPI,0
411.46,7,2,770,3,0,0,0.6152,0.3557,Ecommerce,0
883.85,21,0,1636,2,0,0,0.4338,0.1651,Wallet,0
404.43,4,0,1327,1,0,0,0.8268,0.2909,UPI,0
768.17,21,0,15,1,0,0,0.7127,0.071,UPI,0
2650.02,6,0,2330,4,0,0,0.5827,0.2451,Card,0
178.81,11,0,1064,1,0,0,0.8059,0.3055,UPI,0
1730.46,12,0,2619,2,0,0,0.7776,0.4761,UPI,0
1407.57,3,0,2345,5,0,0,0.5611,0.1616,NetBanking,0
587.66,4,1,688,2,0,0,0.9111,0.479,NetBanking,0
240.24,7,0,3105,4,1,0,0.9726,0.0265,UPI,0
1182.91,1,2,84,2,0,0,0.8086,0.3879,UPI,0
628.94,18,1,2012,3,0,0,0.2702,0.4561,UPI,0
1400.12,13,0,2810,0,0,0,0.8097,0.1922,UPI,0
1122.09,20,0,1895,3,0,0,0.7654,0.3545,NetBanking,0
5895.05,20,0,1954,3,0,0,0.6871,0.4281,UPI,0
852.93,8,0,1649,5,0,0,0.5837,0.1774,UPI,0
374.4,19,0,216,4,0,0,0.813,0.1044,Card,0
1323.77,1,1,2376,3,0,0,0.7263,0.2035,Card,0
1381.6,10,0,3335,1,1,0,0.7261,0.3541,Card,0
4569.44,15,0,2794,0,0,0,0.6078,0.19,UPI,0
2635.6,11,0,212,1,0,0,0.9428,0.2522,NetBanking,0
1595.14,17,1,777,2,0,0,0.8982,0.3193,NetBanking,0
5097.31,20,1,2915,2,0,0,0.8149,0.3226,Ecommerce,0
314.76,10,0,2500,2,0,0,0.9021,0.1809,Wallet,0
560.18,6,0,1287,0,0,0,0.8585,0.2986,UPI,0
414.51,13,0,858,2,0,1,0.7098,0.4108,UPI,0
728.29,20,1,1621,2,0,0,0.954,0.1306,UPI,0
258.39,23,0,118,3,0,0,0.9144,0.1302,UPI,0
2136.47,19,0,319,3,0,0,0.8429,0.1182,Card,0
868.41,5,0,267,1,0,0,0.6722,0.1512,UPI,0
234.08,4,0,2888,4,0,0,0.8013,0.3049,NetBanking,0
377.53,13,0,169,1,0,0,0.6276,0.2133,Ecommerce,0
1524.15,9,0,1937,2,0,1,0.7137,0.3307,Card,0
2643.96,14,0,985,1,0,0,0.7769,0.2035,UPI,0
8924.61,22,1,2649,5,0,0,0.6649,0.2803,UPI,0
23378.11,13,0,451,2,0,0,0.7992,0.2314,Ecommerce,0
1694.48,8,1,3186,1,1,0,0.8828,0.5281,NetBanking,0
387.99,20,0,304,1,0,1,0.916,0.5473,Card,0
116.9,10,2,2963,1,0,0,0.9553,0.3167,NetBanking,0
1452.58,14,0,522,1,0,0,0.8357,0.096,Card,0
467.04,3,0,110,0,0,0,0.5488,0.1615,UPI,0
709.01,12,0,140,6,1,0,0.5796,0.135,UPI,0
576.69,10,1,2734,3,1,1,0.5754,0.1766,UPI,0
945.93,2,0,1207,5,0,0,0.7438,0.0683,Card,0
3358.6,5,1,1462,3,0,0,0.5414,0.0523,Card,0
1293.23,16,0,2881,3,0,1,0.8136,0.4288,Card,0
928.37,4,1,920,4,0,0,0.6274,0.2175,UPI,0
369.65,3,0,1941,3,0,1,0.4102,0.2681,UPI,0
188.97,1,0,1049,1,0,0,0.8027,0.4958,Card,0
658.11,0,1,233,2,0,0,0.9101,0.3047,UPI,0
1036.42,10,0,3477,1,0,1,0.7234,0.5272,Ecommerce,0
7018.65,11,0,1316,0,0,1,0.9244,0.0488,UPI,0
1257.38,14,1,2966,0,1,0,0.3703,0.3705,UPI,0
3077.51,13,0,1508,5,0,0,0.869,0.314,NetBanking,0
649.2,12,2,3036,2,0,0,0.5812,0.4279,Card,0
316.02,23,0,609,2,0,0,0.8794,0.1188,Card,0
398.07,5,0,1893,1,0,0,0.7744,0.464,Card,0
512.1,17,0,1309,0,1,0,0.705,0.6171,Wallet,0
10248.57,1,0,3473,1,0,0,0.8869,0.1752,UPI,0
462.92,20,1,1183,2,0,1,0.7739,0.1956,NetBanking,0
2644.97,8,1,2701,3,0,0,0.531,0.3263,Card,0
424.93,8,1,1731,3,0,0,0.6848,0.082,Card,1
2916.54,3,0,1406,5,0,0,0.877,0.4506,UPI,0
1642.87,12,0,2442,2,0,0,0.896,0.2729,UPI,0
930.32,9,0,2258,1,1,0,0.6799,0.0764,Card,0
1050.69,23,0,1679,1,0,0,0.9098,0.1937,Card,0
551.41,4,0,200,2,0,0,0.8272,0.1915,NetBanking,0
1751.76,10,1,265,3,0,0,0.7566,0.3124,UPI,0
680.12,21,0,2098,3,0,1,0.6941,0.3469,Ecommerce,0
302.81,19,0,199,3,1,0,0.4668,0.223,Card,0
286.62,18,1,2122,4,0,0,0.7156,0.3388,NetBanking,0
1314.51,12,0,3108,5,0,1,0.7251,0.0925,Ecommerce,0
5756.27,20,0,2763,3,0,1,0.5728,0.2443,Card,0
1297.24,5,0,2433,2,0,0,0.7007,0.0312,Ecommerce,0
968.19,19,0,962,2,0,1,0.9233,0.228,UPI,0
1480.47,13,0,2302,0,1,0,0.6921,0.1417,Card,0
4321.26,8,0,647,1,0,1,0.8398,0.2819,Ecommerce,0
1380.71,5,1,3196,2,0,0,0.7414,0.1236,UPI,0
712.32,12,0,321,2,0,0,0.7802,0.1861,UPI,0
3503.8,0,0,1898,2,0,0,0.716,0.5876,Card,0
1720.2,17,1,1705,1,0,0,0.6595,0.2623,UPI,0
5500.22,5,0,264,5,0,0,0.4709,0.1028,UPI,0
1329.28,9,1,658,2,1,0,0.8561,0.1662,Card,0
303.17,4,0,2502,1,1,0,0.6203,0.2595,UPI,0
260.72,11,0,2088,6,1,0,0.5442,0.1616,UPI,0
6207.26,8,1,573,2,0,0,0.7143,0.5072,Wallet,0
6699.91,4,0,498,4,0,0,0.9288,0.5071,Wallet,0
908.24,21,0,2334,3,0,0,0.5977,0.377,UPI,0
733.37,18,0,2314,2,0,0,0.7029,0.1576,UPI,0
5087.37,9,1,1406,2,0,0,0.7649,0.204,UPI,0
342.96,1,1,77,2,0,0,0.6929,0.476,NetBanking,0
428.61,20,2,105,4,0,0,0.8596,0.2596,NetBanking,0
2154.89,16,0,534,0,0,1,0.7087,0.2194,Card,0
724.63,13,0,200,2,0,0,0.3183,0.2072,Card,0
1090.75,14,0,1951,2,0,1,0.6156,0.3714,Card,0
923.7,0,0,1378,4,1,0,0.9698,0.2533,NetBanking,0
1563.14,11,1,766,2,0,1,0.6851,0.123,Ecommerce,0
4807.13,4,0,2083,1,0,0,0.974,0.1794,Ecommerce,0
1206.06,15,0,2467,1,0,0,0.854,0.0274,NetBanking,0
2156.27,22,0,603,0,0,1,0.7586,0.2459,Card,0
127.4,12,0,2190,1,0,0,0.7482,0.1084,Card,0
1041.95,14,0,379,1,1,0,0.5113,0.4037,NetBanking,0
452.42,16,1,2102,5,0,0,0.8732,0.1109,UPI,0
304.98,22,0,1321,3,0,0,0.7247,0.2041,UPI,0
436.13,0,0,390,1,0,0,0.733,0.2482,Wallet,0
772.14,7,0,2816,1,0,0,0.6842,0.1606,Wallet,0
2868.94,6,0,645,1,0,0,0.4041,0.1841,NetBanking,0
272.4,17,0,2745,4,0,0,0.672,0.2345,Wallet,0
1132.48,10,0,1282,3,0,0,0.6445,0.1436,Card,0
659.59,18,1,2396,0,0,0,0.8528,0.3206,Card,0
777.39,11,0,2477,2,1,0,0.3217,0.102,Card,0
3142.88,23,2,1492,1,0,0,0.7781,0.4363,UPI,0
1929.51,18,2,2336,2,0,0,0.8238,0.0613,Card,0
4466.09,0,0,1550,2,0,0,0.7175,0.1652,Ecommerce,0
932.41,23,0,2124,0,0,0,0.83,0.4377,UPI,0
528.09,22,0,796,0,0,0,0.727,0.0579,UPI,0
866.92,1,1,1492,0,0,1,0.9432,0.3524,Card,0
1414.63,9,0,486,2,0,0,0.7481,0.229,NetBanking,0
1320.02,23,0,1459,3,0,0,0.6478,0.0916,NetBanking,0
351.21,20,0,62,1,0,0,0.7129,0.0749,UPI,0
1205.94,11,1,1438,3,0,1,0.4985,0.1031,Card,0
1393.59,13,0,3011,2,0,0,0.6626,0.0521,UPI,0
15418.88,0,0,1269,3,0,0,0.651,0.2171,Ecommerce,0
7869.0,13,1,1740,2,0,0,0.5886,0.3851,Card,0
447.69,15,0,2997,6,0,0,0.3452,0.0652,Card,0
810.98,8,0,17,2,0,0,0.5652,0.3009,Ecommerce,0
235.89,7,0,2349,2,0,0,0.775,0.4575,Card,0
589.78,19,0,1855,3,0,0,0.8677,0.5081,UPI,0
1527.5,10,0,1205,0,0,0,0.7327,0.2048,Card,0
3889.93,6,0,909,3,0,1,0.7907,0.2515,Wallet,1
510.03,8,1,2077,7,0,1,0.7618,0.2573,Ecommerce,0
551.78,11,0,1499,0,0,0,0.7848,0.2205,UPI,0
115.05,6,1,1387,1,0,0,0.8661,0.4873,UPI,0
924.45,13,1,2355,1,0,1,0.745,0.2599,Wallet,0
359.41,20,1,1402,5,1,0,0.8541,0.1602,Card,0
628.97,17,1,2835,3,0,0,0.6675,0.2714,UPI,0
436.72,5,0,1002,1,0,0,0.6341,0.2514,UPI,0
993.29,11,0,2453,2,1,0,0.8763,0.2218,UPI,0
173.19,13,0,1974,3,0,0,0.6167,0.0084,UPI,0
235.0,16,0,3137,1,0,0,0.8099,0.5594,Card,0
10256.94,18,1,1405,3,0,0,0.9539,0.0855,Ecommerce,0
283.78,11,1,826,3,0,0,0.8048,0.3053,Ecommerce,0
346.67,7,0,1399,1,0,0,0.6641,0.1832,Card,0
7545.9,15,1,2317,1,0,1,0.6869,0.1396,Ecommerce,0
23163.21,3,0,1508,3,0,0,0.6843,0.5034,UPI,0
320.49,16,0,3115,2,0,0,0.4689,0.1298,Card,0
744.97,21,0,551,0,0,0,0.5591,0.454,UPI,0
1569.69,17,0,1084,1,0,0,0.6016,0.2913,NetBanking,0
6735.4,10,0,3441,2,1,0,0.7708,0.3842,UPI,0
389.09,19,0,2799,1,0,0,0.6754,0.6115,NetBanking,0
847.64,12,1,275,1,0,1,0.7527,0.2502,Ecommerce,0
2480.47,12,0,3291,0,1,1,0.4999,0.2381,Card,0
1731.09,20,0,1494,1,1,0,0.7324,0.1755,Ecommerce,0
738.81,4,0,2256,2,0,0,0.8914,0.2086,UPI,0
952.88,18,1,65,2,0,1,0.5853,0.108,UPI,0
258.88,16,0,580,2,1,0,0.6957,0.0244,Ecommerce,0
853.99,12,0,2446,2,0,0,0.8201,0.386,UPI,0
829.06,1,0,918,2,0,0,0.6544,0.2161,Card,0
1399.37,18,0,417,3,0,0,0.6512,0.2834,UPI,0
612.11,5,0,2382,4,0,0,0.646,0.2546,Ecommerce,0
1799.23,21,0,765,2,0,1,0.8745,0.3563,UPI,0
3175.92,19,0,3032,4,0,0,0.8313,0.1399,Card,0
1291.04,8,0,631,4,0,0,0.6331,0.0221,Card,0
1586.59,10,0,89,3,0,0,0.4004,0.172,NetBanking,0
1159.58,0,0,1371,1,0,0,0.7985,0.4037,UPI,0
1096.73,11,0,1146,1,0,0,0.8726,0.1952,Card,0
514.07,1,0,2237,2,0,1,0.6665,0.2276,NetBanking,0
1528.92,23,0,822,3,0,1,0.5609,0.2819,UPI,0
990.14,15,0,3432,3,0,0,0.3756,0.5816,Ecommerce,0
9875.64,5,0,1481,1,0,1,0.7354,0.1896,UPI,0
5721.71,19,0,2483,3,0,0,0.5528,0.2662,Card,0
1644.41,0,0,2691,1,0,0,0.7589,0.3401,Card,0
492.15,13,0,3094,3,0,0,0.9529,0.2504,UPI,0
341.03,2,0,1763,1,0,0,0.6718,0.2183,UPI,0
3830.31,1,0,801,1,0,0,0.6863,0.3128,Card,0
1445.03,5,0,1817,2,0,0,0.8482,0.2135,Ecommerce,0
1815.56,7,0,1493,2,0,0,0.6975,0.1169,Card,0
175.6,17,0,2134,3,0,0,0.6945,0.3518,NetBanking,0
2903.9,21,0,832,0,1,0,0.9632,0.6072,NetBanking,0
1767.18,18,2,1808,5,0,0,0.7791,0.4351,Ecommerce,0
341.74,17,0,3352,2,0,0,0.778,0.345,Wallet,0
668.41,13,0,2411,2,0,0,0.69,0.4424,Card,0
1446.5,8,1,3351,0,0,0,0.809,0.4476,UPI,0
1158.74,6,0,380,5,1,0,0.4402,0.3248,Wallet,0
806.92,22,1,2290,1,0,0,0.7324,0.1416,UPI,0
983.72,12,0,86,4,0,0,0.9574,0.4496,Card,0
841.7,13,0,716,2,0,0,0.8567,0.0742,UPI,0
1287.16,0,0,2894,2,0,0,0.9728,0.0226,UPI,0
5141.33,10,1,359,1,0,0,0.9358,0.2149,UPI,0
74.07,16,0,1679,0,0,0,0.533,0.2706,Wallet,0
855.18,11,0,251,1,0,0,0.7952,0.5442,UPI,0
1319.94,14,0,1049,2,0,0,0.8361,0.3345,Card,0
1496.36,19,1,438,4,0,0,0.7987,0.6124,UPI,0
742.1,0,1,1593,2,1,1,0.5587,0.149,Ecommerce,0
173.37,21,0,2252,4,0,1,0.6866,0.0857,Card,1
1547.5,19,0,2277,2,0,1,0.8438,0.1107,Card,0
6725.88,10,0,3263,2,0,0,0.8483,0.1908,UPI,0
219.08,18,0,432,2,0,0,0.7857,0.0262,Card,0
2716.28,1,0,1405,1,0,0,0.6245,0.5292,UPI,0
776.7,7,0,1835,0,0,0,0.5593,0.2692,Ecommerce,0
1028.25,2,0,307,3,0,0,0.7015,0.151,UPI,0
363.02,15,1,393,2,0,0,0.552,0.0475,Card,0
771.87,20,0,1090,4,0,0,0.8049,0.2087,UPI,0
4294.31,14,1,3009,5,0,0,0.4815,0.0844,UPI,0
2021.89,17,0,2054,2,1,0,0.7445,0.1424,Ecommerce,0
6761.01,3,0,1971,6,0,0,0.6289,0.2739,UPI,0
3775.48,22,1,1931,1,0,0,0.7106,0.2248,Card,0
1738.96,4,0,2839,2,0,1,0.7061,0.3578,UPI,0
6844.02,12,0,1910,3,0,0,0.5218,0.2128,UPI,0
1738.79,16,0,2525,2,0,0,0.8362,0.1757,NetBanking,0
2615.96,20,0,1087,2,0,0,0.9059,0.3674,Wallet,0
803.2,22,1,2854,6,0,0,0.4079,0.2052,Card,0
1176.0,14,2,120,0,0,0,0.8118,0.1383,NetBanking,0
527.27,13,1,1200,0,0,1,0.458,0.3222,Card,0
3099.71,10,0,880,2,0,0,0.8828,0.2011,UPI,0
318.23,13,1,494,1,0,0,0.9563,0.2776,NetBanking,0
2493.56,16,1,1882,2,1,0,0.7898,0.2233,Card,0
897.68,15,0,3121,1,0,0,0.6966,0.3102,UPI,0
3751.12,14,1,574,3,0,0,0.7302,0.422,Wallet,0
2412.48,10,0,3097,3,0,0,0.8408,0.297,Card,0
7418.1,4,0,3000,0,0,0,0.7007,0.5383,Card,0
2362.12,1,0,3092,1,1,0,0.3298,0.2476,Ecommerce,0
210.47,10,0,28,1,0,0,0.5961,0.2157,Card,0
1022.19,9,1,3462,3,0,0,0.8068,0.3154,UPI,0
320.34,14,1,1500,0,0,0,0.6184,0.347,Card,0
636.39,21,0,2089,1,0,0,0.7084,0.1828,Card,0
5360.38,16,0,1071,5,0,0,0.5107,0.0642,NetBanking,0
2141.82,19,0,1797,1,0,1,0.6209,0.2249,Ecommerce,0
526.43,13,1,1928,1,0,0,0.7849,0.3301,UPI,0
378.27,22,0,2792,2,0,0,0.5655,0.4265,Ecommerce,0
1135.04,22,1,1199,2,0,0,0.4237,0.2285,Card,0
305.7,3,0,391,1,0,0,0.591,0.2786,UPI,0
542.02,15,1,2055,0,0,0,0.5971,0.3237,UPI,0
1521.74,12,0,2742,0,0,0,0.7686,0.4378,Wallet,0
3688.88,23,0,61,1,0,0,0.7904,0.2911,Card,0
2078.08,14,1,2844,1,0,0,0.6816,0.1144,UPI,0
98.9,0,2,2813,0,0,0,0.8767,0.3006,Ecommerce,0
1509.58,5,0,2023,3,0,0,0.9505,0.5163,Card,0
1182.79,3,0,3319,4,0,0,0.6317,0.26,NetBanking,0
1693.55,4,2,1362,1,0,0,0.3883,0.3094,Ecommerce,1
5985.05,2,1,473,4,0,0,0.4745,0.6902,UPI,0
125.66,18,0,2299,1,0,0,0.679,0.2407,UPI,0
589.54,11,0,2137,2,0,0,0.6575,0.1491,Card,0
2039.48,16,1,3203,3,0,0,0.9147,0.2258,Ecommerce,0
208.37,23,0,790,2,0,1,0.933,0.461,Ecommerce,1
5165.44,15,1,558,0,0,0,0.9053,0.1578,UPI,0
1614.49,11,0,2379,3,0,0,0.7477,0.1035,UPI,0
2667.54,6,1,1093,2,1,0,0.1967,0.3104,UPI,0
602.15,18,0,652,0,0,0,0.9099,0.3863,Ecommerce,0
2577.18,12,0,2352,1,0,1,0.5868,0.0155,Ecommerce,0
3367.4,18,1,654,4,0,0,0.6349,0.3028,Ecommerce,0
1400.41,0,0,2917,1,0,0,0.1408,0.2563,Card,0
1402.65,3,1,1093,2,0,0,0.9148,0.238,Card,0
1456.6,3,1,2284,1,1,0,0.8504,0.0697,UPI,0
442.96,16,1,2023,2,0,0,0.7406,0.1562,Card,0
939.26,12,0,2070,0,0,0,0.8006,0.2483,UPI,0
934.35,7,0,1069,2,0,0,0.6835,0.1598,UPI,0
1640.18,7,2,306,1,0,1,0.5355,0.3056,Wallet,0
3133.22,14,0,2240,3,0,0,0.4958,0.4221,Card,0
360.88,23,0,1521,2,0,0,0.8108,0.3295,Card,0
961.74,23,0,3419,4,0,0,0.9327,0.1847,NetBanking,0
5195.4,11,1,3116,3,0,0,0.5189,0.445,NetBanking,0
502.32,16,0,266,5,1,0,0.6813,0.0731,Ecommerce,0
462.5,2,1,1270,0,0,0,0.649,0.3292,Ecommerce,0
1356.17,22,0,1458,4,0,1,0.8775,0.189,NetBanking,0
2661.39,0,0,1337,1,0,0,0.7214,0.1097,Wallet,0
1109.87,8,0,2533,1,0,0,0.8367,0.0455,Card,0
4426.7,17,1,1255,0,0,1,0.6633,0.3934,UPI,0
2696.29,23,0,540,3,0,0,0.8068,0.2072,Card,0
2654.23,4,0,1274,2,0,0,0.9261,0.477,Card,0
1962.2,15,0,2756,2,0,1,0.7044,0.024,Ecommerce,1
12632.6,4,0,1420,3,0,0,0.5508,0.3644,Ecommerce,0
884.11,1,0,1004,3,0,0,0.8874,0.0196,Card,0
133.79,10,0,2708,1,0,1,0.5286,0.034,UPI,0
5910.39,13,0,237,4,0,0,0.8062,0.2414,NetBanking,0
678.18,6,1,1596,3,0,0,0.6063,0.2012,UPI,0
1228.16,23,0,367,4,1,1,0.8501,0.3792,UPI,0
4337.39,14,0,2127,2,0,0,0.6051,0.3703,NetBanking,0
203.9,10,0,3150,2,0,1,0.5673,0.1077,UPI,0
294.64,11,0,1552,1,0,0,0.7369,0.2677,UPI,0
204.11,11,0,3435,1,0,0,0.7465,0.2166,NetBanking,0
476.35,2,1,3059,4,0,1,0.4937,0.1264,NetBanking,0
1739.96,14,0,2549,1,0,0,0.79,0.2718,Card,0
1901.5,18,1,631,0,0,0,0.8337,0.3438,Card,0
1465.7,10,0,121,1,0,0,0.576,0.3401,Card,0
248.79,10,0,436,5,0,1,0.619,0.4071,NetBanking,0
96.97,21,0,1223,3,0,0,0.6604,0.5494,Wallet,0
1161.04,14,0,1431,1,0,0,0.7148,0.2552,Card,0
668.23,7,1,740,4,0,0,0.7038,0.0979,UPI,0
1776.42,0,1,3410,0,0,1,0.6809,0.2788,Ecommerce,0
2291.7,19,0,2602,4,1,0,0.5589,0.2329,UPI,0
1267.95,15,0,2451,2,0,0,0.7618,0.287,UPI,0
2436.07,15,0,2281,4,0,0,0.6958,0.1012,UPI,0
1395.03,6,0,2159,3,0,0,0.7402,0.278,UPI,0
1913.27,4,1,3087,2,0,0,0.8111,0.1325,NetBanking,0
523.27,11,1,1370,0,0,0,0.6928,0.0506,UPI,0
908.15,18,0,497,0,0,0,0.6883,0.2719,UPI,0
1348.32,7,0,1037,1,0,1,0.9288,0.3788,Card,0
2595.55,12,0,806,2,0,0,0.4978,0.2703,Card,0
725.29,23,0,3348,1,0,0,0.8303,0.2727,Card,0
1895.48,5,0,1987,2,0,0,0.9845,0.0688,Ecommerce,0
829.54,5,0,1498,5,0,1,0.6082,0.0973,UPI,0
969.31,5,0,97,4,0,0,0.7879,0.4005,UPI,0
2620.17,21,1,2490,3,0,0,0.4305,0.4705,Card,0
135.27,12,0,2265,1,0,0,0.8356,0.2775,Card,0
281.1,22,1,2837,3,0,0,0.9439,0.1521,Wallet,0
231.3,22,2,464,1,0,0,0.8434,0.2529,UPI,0
94.6,10,0,2303,4,0,1,0.6641,0.1079,UPI,0
537.98,1,0,1271,3,0,0,0.6159,0.1487,NetBanking,0
2408.85,7,0,819,0,1,0,0.813,0.1186,Card,0
813.11,13,1,789,2,0,0,0.7283,0.2194,Wallet,0
1349.76,9,1,1012,2,0,0,0.9705,0.1935,NetBanking,0
3441.55,0,0,2567,2,0,0,0.7166,0.2019,UPI,0
4420.78,23,0,87,2,0,0,0.8096,0.0754,UPI,0
1019.84,7,2,3316,4,0,0,0.7589,0.2292,UPI,0
4542.65,14,1,3393,1,0,0,0.8587,0.2884,Ecommerce,0
1208.01,22,0,3387,1,0,0,0.6575,0.1072,Card,0
455.2,13,0,2922,0,0,0,0.6036,0.2878,UPI,0
587.5,16,0,1137,1,0,0,0.5398,0.2835,UPI,0
231.7,0,0,1418,3,0,1,0.7875,0.0933,Ecommerce,0
431.58,16,0,449,2,1,0,0.5164,0.2289,Ecommerce,0
753.01,20,1,3124,0,1,0,0.8299,0.2352,Wallet,0
2549.78,22,1,2698,2,0,0,0.8539,0.2144,Ecommerce,0
6679.57,2,0,543,2,0,1,0.774,0.1352,Ecommerce,0
256.91,5,0,3465,2,1,0,0.6549,0.0779,UPI,0
1656.51,1,1,153,1,0,0,0.5357,0.1059,UPI,0
367.76,22,0,2687,3,0,0,0.8673,0.4979,UPI,0
1805.21,6,0,479,3,0,0,0.4428,0.4294,UPI,0
955.62,12,0,2625,2,0,0,0.922,0.1947,Card,0
160.38,11,0,3092,1,0,1,0.7322,0.1641,NetBanking,0
2906.52,16,0,3326,3,0,0,0.6398,0.4368,NetBanking,0
581.0,21,0,567,1,0,1,0.5048,0.2163,NetBanking,0
626.03,7,1,581,3,0,0,0.9136,0.15,Card,0
356.65,18,0,244,1,0,1,0.8211,0.0399,Card,0
551.7,6,1,2878,4,0,0,0.7804,0.0939,Card,0
1718.63,4,1,655,1,0,1,0.7137,0.2599,Card,1
899.01,2,0,1371,5,0,1,0.7236,0.1903,Ecommerce,0
1548.58,8,1,1456,1,0,0,0.8036,0.209,Ecommerce,0
1603.62,13,2,1232,0,0,0,0.7243,0.2402,Ecommerce,0
4388.29,18,0,1741,3,0,0,0.7858,0.2545,Card,0
765.15,20,0,1225,3,0,0,0.8443,0.0581,UPI,0
232.6,12,0,831,1,0,1,0.4104,0.4233,UPI,0
3362.98,9,0,1361,2,0,0,0.237,0.2451,Card,0
774.28,4,1,2821,3,0,0,0.7777,0.1523,Card,0
3534.48,21,0,419,6,0,0,0.6233,0.3788,Card,0
1640.15,9,0,3359,0,0,0,0.6725,0.2255,UPI,0
955.57,18,2,1438,1,0,0,0.9904,0.5564,Ecommerce,0
1581.64,15,0,1022,0,0,0,0.9514,0.1455,Card,0
8506.31,22,1,1560,3,0,0,0.4158,0.0761,Ecommerce,0
9709.2,23,2,3259,1,1,0,0.904,0.2409,Card,0
1179.51,16,0,2833,1,0,0,0.792,0.3266,Ecommerce,0
1297.51,15,0,2863,2,0,0,0.6273,0.1343,Card,0
3394.98,3,1,776,0,0,0,0.7412,0.2705,Card,0
451.27,0,1,3101,3,0,0,0.7809,0.2855,Ecommerce,0
1555.77,13,1,2473,0,0,0,0.6377,0.194,UPI,0
1067.25,16,0,215,2,1,0,0.5722,0.1958,UPI,0
1524.78,17,0,1498,4,0,0,0.8376,0.1292,Card,0
457.13,6,0,2920,0,0,0,0.6136,0.1583,NetBanking,0
206.64,12,0,1866,1,0,1,0.7119,0.2538,NetBanking,0
124.38,20,1,2053,5,0,0,0.9001,0.1534,Card,0
339.25,2,1,1315,1,0,0,0.3902,0.1984,UPI,0
677.49,9,0,140,2,0,0,0.4891,0.2998,Wallet,0
806.05,22,1,3100,1,1,0,0.9418,0.0837,Card,0
8384.1,4,2,2639,1,0,0,0.9434,0.3875,UPI,0
3502.71,7,1,955,2,0,0,0.8724,0.1806,UPI,0
399.34,11,0,851,0,0,0,0.6948,0.3853,NetBanking,0
1579.86,16,0,1816,2,0,0,0.7197,0.0412,UPI,0
715.2,6,1,2791,1,1,0,0.6743,0.1096,Card,0
813.56,19,0,310,2,0,0,0.8039,0.1964,UPI,0
1332.21,5,1,2193,3,0,0,0.722,0.265,NetBanking,0
2100.92,8,1,2965,2,1,0,0.7656,0.3221,UPI,0
767.99,13,0,1726,0,0,0,0.935,0.4637,Card,0
3351.1,0,0,191,2,0,0,0.8469,0.5351,UPI,0
330.62,18,0,88,2,0,0,0.9711,0.349,Ecommerce,0
1103.96,16,0,573,1,0,0,0.6614,0.4174,Ecommerce,0
16773.53,20,1,3114,2,0,0,0.8531,0.2568,Ecommerce,0
1386.08,6,0,1606,3,0,0,0.7905,0.0919,Card,0
4938.79,9,0,522,0,1,0,0.6871,0.5896,UPI,0
1207.25,21,0,3167,2,0,0,0.6764,0.0741,UPI,0
2017.91,1,0,2905,5,0,0,0.6867,0.0572,Ecommerce,0
1033.16,11,0,520,5,0,0,0.7325,0.19,Wallet,0
916.97,11,0,2410,1,0,0,0.7377,0.054,Card,0
483.74,10,2,1162,0,0,0,0.811,0.2813,NetBanking,0
1722.99,10,0,250,1,0,0,0.9186,0.1611,UPI,0
448.49,17,0,223,1,0,0,0.7914,0.475,Card,0
2205.84,4,0,1900,3,1,0,0.5175,0.1933,UPI,0
3427.38,21,0,2953,2,1,0,0.7939,0.1982,UPI,0
1611.4,21,0,3366,3,0,0,0.5553,0.1167,NetBanking,0
811.95,4,1,2471,4,1,0,0.5766,0.1483,UPI,0
1766.34,23,0,3230,2,0,0,0.8516,0.3223,Card,0
793.06,6,0,830,1,0,1,0.3756,0.0421,UPI,0
2928.73,1,1,518,2,0,0,0.6087,0.4605,UPI,0
160.3,9,1,393,4,0,0,0.6576,0.4686,UPI,1
770.94,19,0,611,1,0,0,0.866,0.1091,UPI,0
135.59,20,1,2640,2,0,0,0.8764,0.04,Ecommerce,0
228.19,15,1,543,5,1,0,0.9541,0.0474,UPI,0
4591.93,19,0,1517,2,0,0,0.7856,0.3257,Wallet,0
2807.2,6,0,2648,3,0,0,0.8756,0.0311,Ecommerce,0
515.2,21,2,3244,2,0,0,0.644,0.242,NetBanking,0
226.42,15,0,568,1,0,1,0.5409,0.6481,UPI,0
48.78,3,0,658,2,0,0,0.7632,0.3111,UPI,0
619.76,3,0,232,1,0,0,0.7227,0.1515,UPI,0
13924.93,6,0,398,2,0,0,0.8365,0.4106,NetBanking,0
1731.3,1,0,1370,2,0,0,0.8932,0.5119,UPI,0
609.38,6,1,1105,2,0,0,0.7796,0.4198,Ecommerce,0
1787.07,23,0,3384,3,0,0,0.7354,0.5139,Wallet,0
212.94,5,1,1559,0,0,0,0.5223,0.5587,Card,0
802.56,15,1,1083,1,0,0,0.8797,0.193,Card,0
1217.37,23,0,1646,5,0,0,0.5782,0.0985,UPI,0
1001.84,6,0,2536,1,0,0,0.6965,0.039,NetBanking,0
2515.8,16,0,1186,1,0,0,0.7984,0.3278,Ecommerce,0
1574.79,10,0,509,5,0,0,0.9737,0.1095,NetBanking,0
2212.2,6,0,1476,0,0,0,0.8987,0.2926,Card,0
532.3,22,0,2176,2,0,0,0.7598,0.366,UPI,0
2814.97,15,0,1111,3,0,0,0.6812,0.1586,Wallet,0
6065.57,10,0,2037,5,0,1,0.8277,0.348,NetBanking,0
395.97,19,0,1140,2,0,0,0.7242,0.1562,NetBanking,0
431.78,21,1,3165,1,0,0,0.8633,0.1068,UPI,0
4458.53,18,0,3107,4,0,1,0.8599,0.2797,Card,0
897.03,20,0,2509,1,0,0,0.5975,0.7397,UPI,0
4788.69,7,0,2932,3,0,0,0.9501,0.4291,UPI,0
689.07,8,0,428,0,0,0,0.7986,0.6636,UPI,0
5053.31,5,1,2288,2,1,0,0.5654,0.1478,UPI,0
1258.98,16,0,1420,1,0,0,0.9127,0.4409,Ecommerce,0
1438.19,19,0,2722,3,0,0,0.8711,0.3429,UPI,0
5670.05,15,0,8,3,0,0,0.6216,0.237,NetBanking,0
750.05,14,1,662,3,1,0,0.7824,0.3301,Wallet,0
408.23,18,0,848,2,0,0,0.5158,0.6784,Card,0
684.72,4,1,1953,5,1,1,0.9008,0.5374,NetBanking,0
1763.31,8,1,3399,2,0,0,0.7092,0.2517,UPI,0
211.87,16,0,3137,3,1,0,0.9459,0.4337,UPI,0
2141.68,1,0,1598,1,0,1,0.5768,0.0673,NetBanking,0
622.84,21,0,10,1,0,0,0.7376,0.2159,UPI,0
3659.94,4,0,3037,2,0,0,0.5443,0.4334,Ecommerce,0
88.77,18,0,2006,3,0,0,0.8502,0.1937,Card,0
480.15,14,0,89,2,0,0,0.478,0.1889,UPI,0
186.65,20,0,2260,0,0,0,0.7567,0.3488,Card,0
460.57,18,0,3081,2,0,0,0.9553,0.2318,Ecommerce,0
1422.33,12,0,3048,5,0,0,0.9495,0.3482,Card,0
908.52,18,0,3113,2,0,0,0.8977,0.0898,Card,0
840.46,8,1,3414,2,0,1,0.695,0.1207,UPI,0
927.84,14,1,2289,2,0,0,0.5961,0.2294,Card,0
1357.71,21,0,2146,1,0,0,0.878,0.1678,Card,0
380.33,2,1,413,5,0,0,0.9347,0.4405,NetBanking,0
2303.52,8,0,2215,2,0,0,0.5769,0.2864,Ecommerce,0
2199.09,0,0,3066,1,0,0,0.6447,0.3264,UPI,0
1643.02,12,1,2846,3,1,0,0.8612,0.3779,UPI,0
1967.19,18,0,3150,0,1,0,0.7246,0.2472,UPI,0
1497.03,0,0,601,3,0,0,0.7139,0.1446,UPI,0
9291.24,13,0,709,0,0,0,0.4701,0.1129,UPI,0
1000.8,9,1,3004,1,0,0,0.5173,0.1936,Wallet,0
794.38,18,0,3290,3,0,0,0.8457,0.4879,Card,0
497.1,5,0,1844,3,1,0,0.6086,0.1771,UPI,0
370.97,3,0,3084,6,0,1,0.8431,0.316,NetBanking,0
296.87,2,1,2389,0,0,0,0.546,0.0441,UPI,0
431.28,9,1,722,4,0,0,0.658,0.0887,Card,0
1018.19,11,0,1776,3,0,0,0.5306,0.1334,Card,0
1557.77,22,0,1382,4,0,0,0.8821,0.1026,NetBanking,0
1157.13,11,0,2766,3,0,0,0.6603,0.5256,UPI,0
490.87,4,0,1183,4,0,0,0.7218,0.3702,Ecommerce,0
2821.98,16,0,620,4,0,0,0.9539,0.4142,UPI,0
2383.64,1,2,1747,1,1,0,0.9319,0.1162,Ecommerce,0
927.39,8,0,1734,7,0,0,0.7147,0.3355,UPI,0
552.49,15,1,3112,1,0,0,0.7547,0.1815,NetBanking,0
1950.52,6,0,35,1,0,0,0.6813,0.0906,NetBanking,0
1335.92,14,1,3061,0,0,0,0.4362,0.1986,UPI,0
239.72,10,0,744,5,0,0,0.4783,0.1978,NetBanking,0
1021.08,22,0,620,1,0,0,0.7489,0.2329,UPI,0
1443.95,6,0,1467,5,0,0,0.7695,0.3684,Card,0
426.38,21,0,1932,1,0,0,0.7731,0.1653,Ecommerce,0
1338.54,15,1,3254,0,0,0,0.593,0.0708,Card,0
238.04,17,0,1872,5,0,0,0.5667,0.3003,NetBanking,0
4460.41,4,1,514,2,1,1,0.7533,0.1883,Ecommerce,1
4065.73,0,0,1580,2,1,0,0.6886,0.1879,Card,0
841.22,17,4,3222,0,1,0,0.7263,0.4153,Card,0
1606.2,11,0,2503,2,0,0,0.6401,0.3088,UPI,0
87.32,7,2,767,3,1,0,0.7124,0.488,NetBanking,0
325.65,21,0,2263,1,0,0,0.7709,0.3593,Wallet,0
805.56,7,0,2569,1,0,0,0.9108,0.1292,UPI,0
355.76,10,1,967,4,1,0,0.7512,0.5484,UPI,1
2321.84,17,0,1851,2,0,0,0.8071,0.1627,UPI,0
8929.91,23,0,1223,4,0,1,0.6448,0.2605,UPI,1
318.8,21,0,639,3,0,0,0.9533,0.2894,Wallet,0
455.17,15,1,3110,1,0,0,0.5738,0.1517,Card,0
1404.2,2,0,1126,0,0,0,0.647,0.0482,UPI,0
5953.13,2,0,1144,5,0,0,0.9126,0.0501,UPI,0
303.84,16,1,361,5,0,0,0.8546,0.5244,UPI,0
1424.37,12,0,1558,4,0,0,0.8697,0.0797,Card,0
7423.19,3,0,2255,0,0,0,0.8746,0.2367,Card,0
193.57,16,1,3405,5,0,0,0.789,0.2483,UPI,0
285.68,22,1,2716,1,0,0,0.9465,0.1702,Card,0
702.9,1,1,3001,3,0,0,0.7534,0.4135,NetBanking,0
634.85,19,0,3455,2,0,0,0.789,0.2939,UPI,0
2574.04,8,2,2448,0,0,0,0.7454,0.0909,Card,0
1413.38,9,1,3001,3,0,0,0.494,0.3348,NetBanking,0
170.08,17,0,1068,2,0,0,0.6452,0.3812,NetBanking,0
1884.05,5,0,2504,1,0,0,0.9765,0.2103,NetBanking,0
598.0,3,0,2203,2,0,0,0.7697,0.3934,Wallet,0
4180.43,23,0,1583,1,1,0,0.538,0.2568,Card,0
567.38,8,0,2249,0,0,1,0.8802,0.2139,UPI,0
562.03,4,1,2525,3,0,0,0.7381,0.3086,UPI,0
1935.63,16,1,1444,3,0,0,0.8066,0.1137,UPI,0
2443.22,5,0,2949,3,0,0,0.5025,0.0228,UPI,0
1755.49,18,0,133,2,0,0,0.8981,0.566,Card,0
186.82,1,0,1139,1,0,0,0.6916,0.0302,UPI,0
1929.35,12,0,1287,1,0,0,0.648,0.0739,UPI,0
370.18,9,0,2907,0,0,0,0.8423,0.2764,UPI,0
1403.94,22,0,1781,2,0,0,0.6276,0.2097,Ecommerce,0
245.94,12,0,3265,1,0,1,0.7114,0.353,Card,0
1752.22,22,0,3325,0,1,1,0.8042,0.3307,UPI,0
470.16,5,0,1608,0,0,1,0.8239,0.2104,UPI,0
285.21,11,0,2548,3,0,0,0.2604,0.4215,Card,0
2320.44,19,0,867,0,0,0,0.8141,0.4251,Card,0
1413.36,3,0,383,1,0,0,0.8417,0.4839,Card,0
575.55,22,0,1722,2,0,0,0.6404,0.1966,Ecommerce,0
5032.83,18,0,1059,4,0,0,0.495,0.1817,UPI,0
690.43,16,1,2559,2,0,0,0.5813,0.2863,Card,0
1134.23,5,0,1829,2,0,0,0.5945,0.1233,NetBanking,0
1454.42,19,0,480,3,0,0,0.7811,0.3791,Ecommerce,0
572.12,20,0,1582,3,0,0,0.4749,0.3264,UPI,0
1798.47,7,0,1410,3,0,0,0.6734,0.4093,Card,0
626.33,14,0,24,3,0,0,0.9029,0.4983,UPI,0
711.79,1,0,1910,5,0,0,0.8387,0.5463,UPI,0
4586.05,9,1,3273,3,0,0,0.8003,0.4561,Card,0
367.74,3,0,3139,1,0,0,0.8293,0.2759,Wallet,0
87.06,13,1,3164,1,0,0,0.6828,0.6595,UPI,0
5952.01,13,0,3129,0,1,0,0.8629,0.3625,Card,0
15943.31,12,0,3233,0,0,0,0.6773,0.1952,NetBanking,0
716.56,16,0,347,3,0,0,0.9027,0.1335,Wallet,0
143.5,22,1,1503,1,0,0,0.8309,0.1699,UPI,0
791.55,4,0,1910,4,0,0,0.8992,0.4474,UPI,0
811.97,5,0,2917,6,0,0,0.2518,0.1118,Wallet,0
898.37,5,0,1310,2,0,0,0.7012,0.2429,NetBanking,0
340.68,22,0,2481,3,1,0,0.801,0.0973,Card,0
2015.33,2,0,2735,1,0,1,0.3463,0.1642,Card,0
1902.14,0,0,1794,2,0,0,0.6369,0.2175,Ecommerce,0
228.35,3,0,849,2,0,0,0.7262,0.1674,Card,0
2285.08,18,2,276,1,0,0,0.6086,0.1531,UPI,0
9464.65,13,0,1560,0,0,0,0.4779,0.1763,Card,0
1313.64,22,2,593,2,0,0,0.7254,0.3959,Ecommerce,0
769.55,4,0,2256,1,0,0,0.7639,0.2061,UPI,0
944.73,9,0,839,2,1,0,0.9775,0.288,UPI,0
2092.3,13,3,3069,2,0,1,0.8621,0.3614,Ecommerce,0
178.18,1,1,3136,4,0,0,0.42,0.1267,Ecommerce,1
1303.24,22,0,2928,3,0,0,0.8087,0.2221,Card,0
727.79,19,0,2331,2,1,0,0.7883,0.0656,UPI,0
7632.85,3,1,411,3,1,0,0.7784,0.0798,Card,0
913.35,20,0,3440,5,0,0,0.6784,0.1029,Ecommerce,0
6318.78,10,0,237,1,0,0,0.522,0.3136,Card,0
344.15,8,0,1985,3,0,0,0.5199,0.0529,UPI,0
2031.69,22,0,2816,0,0,0,0.7075,0.3587,Ecommerce,0
1533.6,12,1,302,2,0,0,0.6072,0.0745,Card,0
440.32,5,0,1742,0,0,0,0.9426,0.7334,UPI,0
1321.16,19,0,1675,6,0,0,0.7665,0.2116,UPI,0
3917.25,17,1,695,2,1,0,0.852,0.2444,UPI,0
780.57,4,0,397,3,0,0,0.5789,0.1399,Ecommerce,0
185.57,16,0,3185,2,0,0,0.6853,0.379,UPI,0
1076.6,15,1,3155,3,0,1,0.4197,0.3325,NetBanking,0
425.16,6,0,334,2,0,0,0.5601,0.2035,UPI,0
765.51,10,0,979,1,1,0,0.7018,0.2332,Card,0
1006.6,20,2,1377,1,0,0,0.3448,0.0811,UPI,0
182.92,4,0,696,4,0,0,0.8403,0.4074,Ecommerce,0
201.05,17,0,239,3,0,0,0.7718,0.15,UPI,0
1819.23,19,0,1794,1,0,1,0.6141,0.1402,Ecommerce,0
633.43,22,0,1550,1,0,0,0.6805,0.2625,Ecommerce,0
74.22,7,0,2826,4,0,0,0.9095,0.4393,Card,0
2500.1,6,0,1042,1,0,0,0.6979,0.3087,Card,0
1459.7,22,0,1789,3,0,0,0.6905,0.3143,UPI,0
518.24,11,0,1103,1,0,0,0.6836,0.297,Wallet,0
275.15,13,0,140,3,0,0,0.7581,0.4568,UPI,0
2637.53,12,1,2548,5,0,0,0.602,0.1023,Wallet,0
1582.59,12,3,2602,0,0,0,0.9033,0.2808,Wallet,0
13382.89,14,0,2326,1,1,0,0.9839,0.0763,Card,0
1704.79,10,0,126,2,0,0,0.6158,0.5662,NetBanking,0
1647.62,9,0,2439,2,0,0,0.9293,0.4275,Wallet,0
920.32,9,0,2118,2,0,1,0.8277,0.2878,UPI,0
2585.35,15,0,1547,1,0,0,0.818,0.34,Card,0
2114.0,19,0,2161,4,0,1,0.7623,0.1352,Ecommerce,0
4081.87,13,1,394,1,1,0,0.6924,0.5216,Ecommerce,0
634.36,16,2,735,4,0,0,0.7231,0.4151,UPI,0
694.24,9,0,457,6,0,0,0.4533,0.1353,Card,0
663.11,18,0,1566,0,0,0,0.4011,0.1541,UPI,0
2515.79,9,1,3134,1,0,0,0.8244,0.1052,Card,0
5288.52,10,0,28,2,0,0,0.1505,0.1188,Card,0
677.37,1,0,1565,6,0,1,0.7347,0.3624,NetBanking,0
702.04,6,0,997,1,1,1,0.8145,0.1696,UPI,0
1525.05,17,2,3281,1,0,0,0.8488,0.2222,NetBanking,0
847.21,2,0,2170,1,0,0,0.6728,0.3639,Wallet,0
2979.93,5,0,782,2,0,0,0.7417,0.1916,UPI,0
103.09,18,0,999,5,0,0,0.6657,0.3156,UPI,0
460.34,20,0,2035,0,0,0,0.9238,0.188,UPI,0
482.25,9,0,173,2,0,0,0.4769,0.0794,Ecommerce,0
95.93,9,2,241,2,0,0,0.7789,0.5421,Card,0
398.69,12,0,2362,4,0,0,0.7391,0.4208,UPI,0
419.51,18,0,2809,1,0,0,0.8924,0.2023,UPI,0
887.88,11,2,2600,1,0,0,0.7452,0.3077,UPI,0
3528.45,4,0,606,0,1,0,0.6213,0.1776,NetBanking,1
847.84,10,0,3021,2,0,0,0.9649,0.1728,Ecommerce,0
371.54,6,0,792,0,0,0,0.8075,0.1041,UPI,0
1032.97,16,0,3065,1,0,0,0.8346,0.3071,Wallet,0
3299.85,3,0,1040,0,0,0,0.7797,0.2915,UPI,0
393.56,14,0,1740,3,0,0,0.2016,0.1526,NetBanking,0
421.53,3,0,3350,1,0,0,0.6757,0.3493,Ecommerce,0
1971.36,23,0,1429,4,0,0,0.7705,0.3322,Card,0
869.04,15,1,2339,3,0,0,0.5749,0.3027,NetBanking,0
2164.31,3,0,2053,2,0,0,0.7488,0.2318,Card,0
1081.03,23,1,268,0,0,0,0.4026,0.2715,Wallet,0
2291.01,13,0,2775,2,0,0,0.8001,0.1161,NetBanking,0
369.88,14,0,1258,2,0,0,0.4792,0.2612,Wallet,0
1082.81,1,1,1667,0,0,0,0.8269,0.1535,Wallet,0
878.99,4,0,1070,1,0,1,0.6082,0.2445,Card,0
305.92,19,0,3483,2,0,0,0.6279,0.0927,NetBanking,0
212.37,11,1,1930,1,0,0,0.6723,0.1428,Ecommerce,0
2253.04,14,0,2233,1,0,0,0.6245,0.1822,NetBanking,0
758.62,23,0,1833,3,1,0,0.8312,0.1039,Ecommerce,0
374.88,10,0,1083,4,0,0,0.6836,0.4483,UPI,0
991.29,9,0,2054,4,0,0,0.7815,0.1888,UPI,0
3584.66,19,0,2779,1,0,0,0.9477,0.2163,Card,0
100.01,1,0,338,2,1,0,0.8383,0.3033,Ecommerce,0
227.81,10,0,533,3,0,0,0.3874,0.5073,UPI,0
416.12,20,1,581,1,0,1,0.7818,0.0837,UPI,0
5085.95,5,0,3275,1,0,0,0.5214,0.0239,Ecommerce,0
1475.45,7,2,2021,4,0,0,0.5737,0.1201,UPI,0
2454.51,11,1,1195,2,0,0,0.6937,0.27,UPI,0
331.24,1,1,701,3,1,1,0.9462,0.6503,UPI,0
338.49,1,0,2399,3,1,0,0.8904,0.1605,Ecommerce,0
1754.97,6,1,1840,2,0,1,0.7944,0.1149,Ecommerce,0
1165.83,21,1,2191,2,0,0,0.5877,0.159,NetBanking,0
1951.15,5,0,2505,3,0,0,0.453,0.2678,Wallet,0
900.5,17,1,341,2,0,0,0.8627,0.1159,NetBanking,0
1468.58,10,2,2380,2,0,0,0.8977,0.0337,Card,0
1294.69,18,0,2527,3,0,1,0.6374,0.3259,Card,0
2481.59,7,0,974,2,1,0,0.8188,0.0981,Card,0
2558.97,20,0,1096,3,0,1,0.5698,0.1038,UPI,0
200.16,8,0,2074,2,0,0,0.4094,0.2032,UPI,0
103.58,18,0,1338,2,0,0,0.5347,0.494,Ecommerce,0
3139.54,19,1,3258,3,0,0,0.4916,0.2056,Ecommerce,0
3816.59,10,0,344,4,0,0,0.7375,0.3471,UPI,0
375.53,16,0,597,4,0,0,0.9705,0.1471,Card,0
155.58,2,0,2836,2,0,0,0.8239,0.1179,NetBanking,0
1216.81,11,0,2385,0,0,0,0.8802,0.4475,UPI,0
2914.29,8,0,3011,3,0,0,0.7009,0.2267,UPI,0
7240.71,22,0,90,3,0,0,0.9698,0.161,UPI,0
1885.81,22,0,475,2,0,0,0.6698,0.4247,UPI,0
742.26,18,1,2930,1,1,0,0.5699,0.1664,UPI,0
429.32,22,0,2845,4,0,0,0.7652,0.3777,Ecommerce,0
1109.9,23,2,2891,4,0,0,0.6578,0.2162,UPI,0
800.93,18,1,3143,2,0,1,0.5446,0.4427,UPI,0
377.73,14,0,812,1,0,0,0.4053,0.3993,NetBanking,0
9425.68,4,0,346,1,1,0,0.7492,0.3707,UPI,0
7146.85,19,1,1042,3,1,0,0.6235,0.1219,Ecommerce,1
3615.01,4,2,3491,5,0,0,0.8107,0.1263,Card,0
417.01,4,0,1812,1,0,0,0.9187,0.1644,UPI,0
2691.27,21,0,22,0,0,0,0.8842,0.6664,UPI,0
2146.53,2,0,2604,3,0,0,0.707,0.1432,UPI,0
1745.28,3,0,2949,2,0,0,0.4072,0.5022,Ecommerce,0
4073.05,12,1,434,1,0,0,0.2731,0.1517,UPI,0
2136.96,14,0,1957,3,0,0,0.7235,0.3216,Wallet,0
2385.14,1,2,2608,4,0,0,0.8178,0.2025,UPI,0
2140.41,9,0,3350,2,0,0,0.6966,0.2033,UPI,0
1568.43,5,1,2127,3,0,0,0.9842,0.1199,Card,0
168.55,7,0,1187,3,0,0,0.613,0.3296,UPI,0
1197.27,4,0,3185,2,1,0,0.6806,0.0463,Card,0
611.55,16,0,1267,3,0,0,0.9281,0.2781,UPI,0
286.05,11,0,2219,2,0,0,0.6312,0.3676,UPI,0
6411.88,23,0,2942,1,1,1,0.7042,0.1332,NetBanking,0
6737.51,0,0,1859,2,0,0,0.7586,0.1978,UPI,0
4569.6,18,0,2489,1,0,1,0.2552,0.3358,UPI,0
1433.64,21,0,2947,3,0,1,0.8523,0.1264,Card,0
4528.55,11,0,2104,2,0,1,0.6138,0.1733,Card,0
1110.6,16,0,1474,2,0,0,0.6389,0.211,Card,0
1356.87,10,0,2257,0,0,0,0.5778,0.2217,UPI,0
347.88,14,1,1407,2,0,0,0.6417,0.4086,UPI,0
1663.77,21,0,2391,5,0,0,0.4333,0.5174,Card,0
1168.42,12,0,291,2,1,0,0.6243,0.0741,Card,1
279.28,13,0,174,3,0,1,0.7588,0.1823,UPI,0
1039.24,23,0,1665,4,0,0,0.5863,0.3245,NetBanking,0
1008.57,11,0,418,4,0,0,0.7904,0.1233,Card,0
7240.45,4,1,2559,0,0,0,0.437,0.4454,Card,0
2804.34,16,0,640,1,0,0,0.699,0.2991,NetBanking,0
1109.89,16,0,1751,3,0,0,0.5397,0.0595,UPI,0
1424.0,5,2,624,2,0,0,0.7131,0.5591,Card,0
1148.74,17,1,3227,1,0,0,0.6076,0.142,UPI,0
886.2,1,1,2951,0,0,0,0.7095,0.2077,NetBanking,0
351.94,7,1,12,2,0,0,0.7535,0.2132,Card,0
935.79,20,0,1385,4,0,0,0.5472,0.025,UPI,0
501.0,14,0,3297,3,0,0,0.8319,0.4227,Card,0
295.06,14,0,1716,1,0,0,0.7293,0.4026,NetBanking,0
1875.79,14,1,2955,1,0,0,0.8417,0.3817,UPI,0
1653.79,3,0,319,0,0,0,0.4537,0.0343,UPI,0
168.0,23,0,1506,0,0,0,0.443,0.155,UPI,0
964.09,7,0,3047,2,0,0,0.902,0.5273,NetBanking,0
3119.68,18,0,687,3,0,1,0.7351,0.2056,Card,0
3334.86,23,0,42,3,0,0,0.7886,0.1012,UPI,0
3219.97,5,0,2572,3,0,0,0.9684,0.1924,UPI,0
1142.37,15,0,297,2,1,0,0.4553,0.319,Card,0
451.56,1,0,1057,2,0,0,0.7619,0.3908,UPI,0
351.47,15,0,2843,0,0,0,0.8337,0.0101,Card,0
1574.72,10,0,3122,2,0,1,0.4608,0.3491,Card,0
1633.11,1,2,463,5,0,0,0.4208,0.0662,UPI,1
4237.37,16,0,1742,3,1,0,0.5395,0.0905,Ecommerce,0
3480.66,23,0,2778,1,0,1,0.4834,0.3567,Card,0
954.47,1,1,1374,1,0,0,0.6851,0.1311,Ecommerce,0
296.96,21,0,1231,1,0,0,0.6906,0.6072,UPI,0
784.41,20,0,1904,2,0,0,0.4816,0.165,UPI,0
1377.59,13,0,2717,4,1,0,0.7275,0.1188,Ecommerce,0
886.97,21,0,147,0,0,0,0.2914,0.1028,Card,0
597.77,7,0,182,2,0,0,0.7528,0.1894,Card,0
1430.14,17,0,379,3,0,0,0.8604,0.6902,UPI,0
646.03,16,0,1199,4,0,1,0.8779,0.2403,Card,0
567.1,13,0,978,0,0,0,0.7961,0.3414,Card,0
1520.85,20,2,1688,5,0,0,0.6036,0.4428,Ecommerce,0
719.03,21,0,1057,1,0,0,0.3168,0.178,NetBanking,0
1417.02,18,0,2192,1,0,0,0.9572,0.3169,UPI,0
1460.98,14,0,1130,2,1,0,0.533,0.1024,Card,0
331.49,23,1,2927,7,0,0,0.8722,0.3424,Wallet,0
661.62,13,0,1088,5,0,1,0.8609,0.1125,NetBanking,0
4962.5,15,1,860,5,0,0,0.9184,0.3916,NetBanking,0
323.7,4,0,3011,1,0,0,0.471,0.5495,NetBanking,0
118.81,7,1,2308,3,0,0,0.8418,0.4042,UPI,0
155.25,21,0,174,3,0,0,0.7969,0.2082,UPI,0
1130.67,11,1,537,2,0,0,0.5431,0.3074,Ecommerce,0
1132.82,12,0,176,1,0,1,0.5401,0.2437,Card,0
969.24,19,0,2784,1,0,0,0.7782,0.2511,Card,0
3924.13,7,0,2199,0,0,0,0.5166,0.2061,Card,0
66.26,6,0,3266,1,0,0,0.5951,0.5328,UPI,0
1661.92,0,0,1153,2,0,0,0.9514,0.0769,Ecommerce,0
5650.56,5,0,172,2,0,0,0.604,0.2579,Card,0
335.57,12,0,1609,1,0,0,0.3964,0.1085,UPI,0
735.98,17,0,285,4,0,0,0.5056,0.3504,UPI,0
497.43,7,1,511,1,0,0,0.8486,0.0217,Ecommerce,0
428.78,10,0,2757,5,0,1,0.568,0.2407,NetBanking,0
778.54,5,1,1330,1,1,1,0.6295,0.272,Ecommerce,0
4909.17,19,0,3081,2,0,1,0.847,0.1718,UPI,0
7549.65,12,0,1801,1,0,0,0.958,0.0598,Wallet,0
770.67,3,0,2271,1,0,0,0.7971,0.1173,NetBanking,0
8105.62,14,1,2920,5,0,1,0.8477,0.1691,Card,0
1138.37,8,1,1617,1,0,0,0.6547,0.6159,Ecommerce,0
6914.5,20,0,1124,1,0,0,0.8263,0.1426,NetBanking,0
994.3,6,0,2693,2,0,0,0.8488,0.3188,Card,0
1258.42,20,0,2908,3,0,0,0.8994,0.3095,Card,0
1609.61,16,0,1053,4,0,0,0.5669,0.3397,UPI,0
30877.91,3,0,2881,2,0,0,0.7529,0.4004,Ecommerce,0
2680.74,18,0,3471,3,0,0,0.4782,0.29,UPI,0
521.85,17,2,683,3,0,1,0.6302,0.0878,Wallet,0
3033.43,10,1,2969,1,0,0,0.9479,0.4525,Ecommerce,0
750.0,3,0,310,1,0,0,0.2975,0.2337,Card,1
655.74,11,0,3105,1,0,0,0.8946,0.4214,UPI,0
2847.03,14,0,3119,2,0,0,0.7549,0.4549,Card,0
1133.02,3,0,2993,3,1,0,0.6907,0.2014,Ecommerce,0
1469.25,8,0,1225,1,0,0,0.5343,0.0999,Card,0
1112.86,16,1,3265,0,0,0,0.7063,0.0373,NetBanking,0
1561.52,13,1,1941,0,0,1,0.6452,0.2325,Card,0
1713.36,23,0,232,3,0,0,0.7424,0.4612,UPI,0
143.48,5,0,2973,4,0,0,0.8221,0.1264,Card,0
2208.13,18,0,3180,2,0,0,0.8859,0.4321,NetBanking,0
391.07,10,0,1065,2,0,0,0.4343,0.3617,Ecommerce,0
241.19,5,1,875,0,0,0,0.8532,0.0543,Wallet,0
1031.4,22,0,1994,4,0,0,0.9016,0.1199,UPI,0
1197.73,14,1,1261,1,0,0,0.7897,0.1824,Card,0
529.44,12,1,2239,3,1,0,0.6125,0.1667,Card,0
2624.34,7,0,1301,3,0,0,0.3794,0.0339,Wallet,0
267.93,21,0,767,2,0,0,0.687,0.2855,UPI,0
715.31,0,0,818,3,0,0,0.6396,0.1874,UPI,0
593.41,2,0,2304,0,0,0,0.726,0.1183,Ecommerce,0
1044.28,4,0,1538,5,0,0,0.9403,0.25,Card,0
1469.69,15,2,60,2,0,1,0.8447,0.1307,UPI,0
380.59,2,0,1772,1,0,0,0.8785,0.4698,Ecommerce,0
2346.07,19,1,2759,3,1,0,0.6276,0.5322,UPI,0
1171.63,4,0,526,1,0,0,0.9977,0.2126,UPI,0
150.42,16,0,859,2,0,0,0.6762,0.1261,UPI,0
140.26,19,0,1262,2,0,0,0.8094,0.2502,NetBanking,0
1082.54,21,0,3245,3,0,0,0.7388,0.1744,UPI,0
869.56,7,1,1223,4,0,0,0.7269,0.0399,UPI,0
983.79,1,2,2933,1,0,0,0.454,0.3227,UPI,0
1064.88,18,1,2363,2,0,0,0.8385,0.268,Wallet,0
1389.69,10,1,3472,0,0,0,0.7033,0.1619,Card,0
2966.19,22,0,2035,1,0,0,0.6735,0.39,Wallet,0
341.5,4,0,1114,2,0,0,0.6457,0.2219,UPI,0
320.36,13,1,2508,2,0,1,0.7175,0.4912,UPI,0
347.93,2,1,322,2,1,0,0.7225,0.1419,Card,0
1485.29,11,0,2745,3,0,0,0.5607,0.3208,Ecommerce,0
4052.93,0,0,824,1,0,0,0.7778,0.2115,Card,0
697.21,18,0,2336,2,1,0,0.9679,0.0274,Card,0
79.3,14,0,2033,0,0,0,0.8617,0.0416,Card,0
183.24,2,0,849,1,0,0,0.9394,0.1347,Card,0
457.29,11,1,1688,1,0,0,0.692,0.0865,Ecommerce,0
610.56,10,0,1760,1,0,0,0.8247,0.5547,Ecommerce,0
714.22,16,0,2686,2,0,0,0.9062,0.0544,UPI,0
1141.97,11,0,1636,2,0,0,0.7092,0.179,NetBanking,0
790.5,11,1,210,2,0,0,0.7785,0.3,UPI,0
3300.43,19,2,265,3,0,0,0.8782,0.4592,NetBanking,0
539.25,12,0,2328,3,0,0,0.7696,0.2813,UPI,0
443.44,19,1,3131,2,1,0,0.9571,0.2056,UPI,0
1813.15,21,0,1527,1,0,0,0.8769,0.0818,Card,0
218.67,20,0,326,1,0,0,0.8061,0.031,UPI,0
1651.07,22,1,604,4,0,0,0.6701,0.4105,UPI,0
1221.31,16,1,3417,4,0,0,0.3577,0.4562,UPI,0
939.35,13,0,2463,4,1,0,0.7308,0.1933,Wallet,0
5812.06,12,0,117,2,0,0,0.8354,0.3609,Ecommerce,0
570.6,4,1,913,0,0,0,0.5286,0.4622,NetBanking,0
9540.61,19,1,2555,6,0,0,0.8417,0.2594,UPI,0
865.49,16,1,2213,0,0,0,0.2823,0.5111,UPI,0
286.9,20,0,1011,0,0,0,0.7591,0.2623,Card,0
1180.17,16,1,2438,6,0,0,0.7416,0.2413,Card,0
354.23,11,1,3167,3,0,0,0.9245,0.5205,Card,0
498.03,7,0,3151,3,0,0,0.3664,0.3285,Card,0
1663.84,23,0,2885,2,0,0,0.7268,0.2079,UPI,0
1965.22,17,2,1244,2,0,0,0.4227,0.332,UPI,0
570.62,20,1,94,2,0,0,0.7988,0.3611,Card,0
3092.62,14,0,1371,0,0,0,0.7635,0.0842,Ecommerce,0
3697.39,12,0,83,4,0,0,0.8482,0.1873,Card,0
4954.82,0,0,1998,2,0,0,0.8751,0.0719,Card,0
1911.96,1,0,2113,3,0,0,0.6301,0.0876,Wallet,0
4589.84,16,0,1200,3,0,0,0.6362,0.0648,Wallet,0
152.19,5,0,529,2,0,0,0.6848,0.174,UPI,0
785.4,1,0,1839,6,0,0,0.8075,0.1706,Wallet,0
441.26,18,1,56,2,0,0,0.4905,0.0962,Wallet,0
1242.88,14,1,972,4,0,0,0.1838,0.1819,Card,0
601.83,2,1,3387,2,0,1,0.6571,0.2211,Card,0
921.07,11,0,3200,6,0,1,0.6783,0.2483,NetBanking,0
7913.17,11,1,2217,1,0,0,0.6659,0.0492,Wallet,0
917.63,0,1,1313,3,0,0,0.841,0.1662,UPI,0
1693.38,14,0,44,1,0,0,0.9009,0.3289,Wallet,0
859.3,9,0,2277,5,0,0,0.8667,0.0681,UPI,0
1187.37,21,0,1720,1,0,0,0.8329,0.4307,Wallet,0
1103.58,2,0,2499,4,0,0,0.8513,0.456,UPI,0
1755.91,20,0,557,2,0,0,0.6035,0.1778,UPI,0
3727.8,0,0,2907,3,0,0,0.6236,0.3869,NetBanking,0
6184.27,18,1,2819,3,0,1,0.6524,0.1752,Card,0
1517.93,18,0,1502,4,1,0,0.9297,0.3304,UPI,0
2036.57,9,0,107,3,0,0,0.803,0.0832,UPI,0
327.53,6,0,1636,1,1,0,0.9813,0.1575,Card,0
999.97,3,0,1302,2,0,0,0.8638,0.1187,Card,0
2943.35,8,0,2665,3,0,1,0.6906,0.243,Card,0
2722.39,16,1,838,1,1,0,0.8449,0.4112,Wallet,0
1369.49,17,1,69,2,0,0,0.8811,0.0413,Wallet,0
2781.41,4,0,3433,1,0,0,0.8584,0.3592,UPI,0
1835.93,0,0,849,1,0,0,0.7221,0.3268,Card,0
3867.34,13,0,279,2,0,0,0.8398,0.1587,Card,0
1485.98,13,0,3000,3,0,0,0.6316,0.4237,Card,0
754.85,23,0,2521,2,0,0,0.5052,0.3283,UPI,0
1560.3,18,0,945,0,0,0,0.9126,0.4356,NetBanking,0
50.55,13,0,1676,0,1,0,0.9022,0.1238,NetBanking,0
1639.31,14,0,2411,4,1,0,0.3817,0.0487,UPI,0
23.79,15,2,2858,2,0,0,0.3869,0.4139,Card,0
179.53,10,0,1309,4,0,0,0.887,0.1963,NetBanking,0
1762.27,16,0,755,4,0,1,0.6865,0.1767,Ecommerce,0
1810.59,4,1,58,7,0,1,0.7328,0.1493,Wallet,0
323.58,19,0,2994,3,1,1,0.9375,0.2773,NetBanking,0
519.2,20,1,2851,2,0,0,0.5724,0.0853,UPI,0
4624.24,10,0,3326,4,1,1,0.7868,0.1311,Wallet,0
659.69,10,2,2618,1,0,0,0.9105,0.169,UPI,0
11557.23,11,0,751,4,0,0,0.5534,0.2849,Wallet,0
1094.42,19,0,846,2,1,0,0.5571,0.3121,NetBanking,0
1683.18,4,0,854,1,0,0,0.5089,0.454,Ecommerce,0
5989.23,8,0,1607,1,1,0,0.6625,0.0748,Card,0
1258.38,14,0,3373,3,0,0,0.649,0.4322,Card,0
382.81,16,0,2420,1,0,1,0.747,0.0452,UPI,0
977.29,7,2,1523,3,0,1,0.7997,0.1454,UPI,0
1056.39,2,0,2583,1,1,0,0.9013,0.1433,UPI,0
261.65,12,0,2924,0,0,0,0.5918,0.2081,Ecommerce,0
838.3,15,0,1416,1,0,0,0.6576,0.1017,UPI,0
503.05,18,0,2949,2,0,1,0.6676,0.1513,UPI,0
2894.52,0,0,71,1,0,0,0.6867,0.0877,Ecommerce,0
1137.22,0,1,1092,3,0,0,0.5916,0.1738,NetBanking,0
814.9,9,0,600,2,0,0,0.8052,0.1413,UPI,0
980.94,13,0,631,3,0,0,0.6987,0.1749,NetBanking,0
1386.14,0,1,715,1,0,0,0.459,0.157,NetBanking,0
2095.73,4,0,1287,2,0,0,0.3006,0.3505,Card,0
383.87,10,0,2538,3,0,0,0.808,0.4887,Card,0
367.36,6,1,2074,2,0,0,0.814,0.2208,Card,0
3497.88,17,0,1547,2,0,0,0.7496,0.1885,UPI,0
711.27,0,1,1743,2,0,1,0.5427,0.1967,UPI,0
247.72,21,0,647,1,0,0,0.7271,0.1462,Card,0
1747.61,4,1,2580,0,0,0,0.7352,0.3514,UPI,0
1783.87,10,0,2644,0,0,0,0.8949,0.3985,NetBanking,0
219.81,23,0,1923,1,0,0,0.5695,0.4465,Ecommerce,0
1395.43,15,0,2851,0,0,0,0.7868,0.5787,UPI,0
2374.07,23,0,2820,3,0,0,0.5664,0.1729,UPI,0
1624.74,0,1,2816,3,0,0,0.819,0.2057,UPI,0
2129.37,17,0,370,1,0,1,0.9289,0.1671,NetBanking,0
251.02,1,2,307,2,0,0,0.8339,0.2245,UPI,0
1552.45,14,2,1540,4,0,0,0.4546,0.1453,UPI,1
798.11,7,0,205,2,0,0,0.9103,0.1649,UPI,0
660.55,18,1,63,2,0,0,0.8952,0.5006,UPI,0
2735.54,2,0,463,1,0,0,0.7651,0.4644,UPI,0
5183.51,21,0,428,3,0,1,0.8328,0.1451,UPI,0
7216.23,11,0,1145,3,0,0,0.9519,0.2242,UPI,0
4361.4,12,0,1164,2,0,0,0.8424,0.129,NetBanking,0
977.29,13,0,2869,4,0,0,0.5953,0.2693,NetBanking,0
1588.2,0,0,3155,1,0,0,0.5854,0.3702,Card,0
2453.24,7,1,601,7,0,0,0.6218,0.1639,Card,0
1245.43,17,0,1334,2,0,0,0.2821,0.4701,UPI,0
1258.03,23,0,1782,2,0,0,0.6937,0.3146,NetBanking,0
2604.36,23,0,962,1,0,0,0.9762,0.0694,Card,0
1030.45,12,0,1162,3,0,0,0.5633,0.279,UPI,0
509.92,6,0,2350,0,1,1,0.6801,0.3768,NetBanking,0
709.67,11,0,1493,1,0,1,0.6075,0.45,UPI,0
2133.69,11,1,2464,3,0,0,0.4917,0.1022,NetBanking,0
1100.09,9,0,268,1,0,0,0.6027,0.1895,NetBanking,0
1567.47,8,1,1688,1,0,0,0.8945,0.3218,UPI,0
2216.28,20,0,1091,2,0,0,0.9396,0.1237,UPI,0
739.83,9,0,1014,3,0,0,0.7954,0.242,Card,0
2426.15,0,0,1643,3,0,1,0.5921,0.2921,Wallet,0
1632.36,17,0,1061,4,0,0,0.7526,0.4346,UPI,0
299.9,15,1,2655,1,0,0,0.8689,0.1763,Card,0
4986.15,9,1,655,0,0,0,0.9221,0.3433,Card,0
648.21,15,1,3126,1,0,0,0.7885,0.0474,NetBanking,0
192.9,22,0,1273,0,0,0,0.7162,0.4239,UPI,0
366.03,22,0,1847,2,0,0,0.8205,0.0778,Ecommerce,0
375.37,18,0,594,2,0,0,0.7295,0.2723,UPI,0
1158.38,14,0,3217,6,0,1,0.936,0.1484,UPI,0
822.59,0,0,2252,1,0,0,0.822,0.3369,Card,0
769.95,12,0,2695,2,0,0,0.9622,0.0912,Card,0
2102.09,19,0,3132,1,0,0,0.9179,0.2634,UPI,0
1566.92,20,0,3484,2,0,0,0.8983,0.1712,Card,0
1528.21,18,0,895,0,0,0,0.8801,0.1608,NetBanking,0
1686.35,23,0,1155,0,0,0,0.7322,0.4455,UPI,0
2094.23,12,0,853,4,0,0,0.6866,0.16,UPI,0
119.9,2,0,1759,1,0,0,0.8278,0.1828,Ecommerce,0
747.95,11,0,3144,3,0,0,0.9915,0.5021,UPI,0
111.14,7,0,2585,2,0,0,0.8191,0.2158,Wallet,0
1138.95,20,0,1991,0,0,1,0.754,0.1245,Ecommerce,0
1091.31,18,2,1661,1,0,1,0.4762,0.1065,UPI,0
3287.26,10,0,2556,2,0,0,0.8357,0.3702,Ecommerce,0
3816.22,9,0,1639,4,0,1,0.9082,0.4406,Card,0
1356.84,3,0,3112,3,0,0,0.6086,0.4323,Ecommerce,0
648.47,1,0,1960,0,0,0,0.4796,0.2394,Card,0
1825.15,7,0,2329,1,0,0,0.8266,0.2524,UPI,0
629.98,5,0,2380,2,0,0,0.5818,0.1801,Card,0
1095.03,6,0,2600,2,0,0,0.8431,0.1766,Card,0
3088.51,23,1,1676,1,0,0,0.5107,0.3265,Wallet,0
610.54,16,2,1358,2,0,0,0.8285,0.3688,UPI,0
2555.4,13,1,1456,0,0,0,0.651,0.1587,Card,0
2233.38,4,0,3284,2,0,0,0.4938,0.1725,UPI,0
402.41,20,0,390,2,1,0,0.7703,0.1301,Card,0
3049.06,15,1,2465,0,0,0,0.5466,0.0273,NetBanking,0
2283.57,12,0,3361,6,0,0,0.7142,0.1418,Card,0
1220.51,11,0,257,6,1,0,0.33,0.4795,NetBanking,0
492.53,13,0,2165,2,0,0,0.6264,0.5031,NetBanking,0
444.89,20,0,2086,3,0,0,0.5442,0.1389,UPI,0
623.57,17,1,1174,1,0,0,0.8228,0.3518,UPI,0
1938.61,11,0,337,5,0,0,0.5201,0.2832,Card,0
402.06,16,0,2373,2,0,0,0.8025,0.2967,UPI,0
1736.09,22,0,1830,1,0,1,0.5508,0.4065,Ecommerce,0
297.72,7,1,2632,2,0,0,0.7559,0.2392,Wallet,0
885.12,21,0,316,1,0,0,0.5799,0.3315,NetBanking,1
1230.44,14,0,3271,2,0,0,0.7123,0.0264,UPI,0
14291.02,4,2,2197,4,0,0,0.6022,0.1971,UPI,0
258.22,23,0,1553,2,1,0,0.5133,0.4123,Ecommerce,0
5144.15,16,0,1601,2,0,0,0.6424,0.3454,UPI,0
1283.49,9,2,3332,1,0,0,0.7058,0.1948,UPI,0
1688.73,5,1,1938,1,0,0,0.1904,0.2666,UPI,0
1241.74,21,0,2033,4,0,0,0.5947,0.0823,Card,0
1749.29,19,0,2273,3,0,0,0.9637,0.1013,NetBanking,0
933.21,1,0,1098,3,0,0,0.9461,0.3437,UPI,0
5048.03,15,0,881,4,0,0,0.684,0.2043,Card,0
679.06,2,0,2630,2,0,0,0.8907,0.387,Card,0
3600.57,7,2,1123,0,0,0,0.4387,0.1182,UPI,0
557.47,13,0,126,2,0,1,0.7473,0.035,Card,0
1029.4,5,1,1690,0,0,0,0.5283,0.4087,UPI,0
355.83,12,1,42,0,0,0,0.6276,0.1301,UPI,0
1768.3,10,0,1985,0,1,0,0.8514,0.2236,UPI,0
5000.95,13,1,2257,5,0,0,0.2963,0.4692,UPI,0
1011.08,19,0,3233,5,1,0,0.9835,0.3302,UPI,0
891.83,3,0,2126,3,0,0,0.6905,0.4047,Wallet,0
340.24,19,2,1236,2,0,0,0.8529,0.2922,NetBanking,0
861.99,5,0,2250,1,0,0,0.5468,0.1603,UPI,0
205.94,0,0,2073,1,0,0,0.7604,0.3822,Card,0
420.51,10,0,2595,3,0,0,0.8215,0.1735,UPI,0
1391.48,7,0,3229,2,0,0,0.6641,0.2782,UPI,0
4380.7,4,0,345,4,0,0,0.8918,0.1821,Card,0
20945.34,10,0,2514,1,0,0,0.592,0.016,UPI,0
592.34,20,0,2818,1,0,0,0.7664,0.3897,Card,0
4949.62,14,0,1153,2,0,1,0.8671,0.5634,UPI,0
1416.49,17,0,1416,2,1,0,0.8008,0.1603,NetBanking,0
935.6,3,0,1455,5,1,0,0.531,0.2536,Card,1
1727.14,1,0,1311,3,0,0,0.8612,0.0985,Card,0
1170.3,8,0,3076,4,0,0,0.456,0.1891,UPI,0
1231.41,18,0,1146,2,0,0,0.7708,0.3349,UPI,0
714.26,21,0,1535,1,0,0,0.9605,0.6972,Ecommerce,0
252.64,2,0,2049,2,0,0,0.8172,0.206,UPI,0
216.85,11,0,887,4,0,0,0.8521,0.2397,UPI,0
2177.44,9,0,2444,3,1,0,0.6976,0.2199,Card,0
820.13,17,0,1834,2,0,0,0.9279,0.0431,Card,0
586.46,4,0,601,3,0,0,0.5098,0.2354,UPI,0
1106.47,11,0,656,5,0,0,0.5288,0.2944,UPI,0
2526.72,20,0,102,3,0,0,0.7151,0.0788,Wallet,0
1325.28,11,0,2040,1,0,0,0.822,0.187,Ecommerce,0
550.67,18,0,2804,2,0,0,0.4624,0.2881,NetBanking,0
3974.31,14,1,3470,2,0,1,0.7849,0.1164,Ecommerce,0
5756.84,14,1,2311,2,0,0,0.7705,0.0271,UPI,0
1843.25,6,2,3392,0,0,0,0.9355,0.1446,NetBanking,0
3048.32,23,0,3458,1,1,1,0.4042,0.2104,Ecommerce,0
4040.23,5,0,2151,0,0,0,0.5892,0.1428,NetBanking,0
3592.5,22,0,1317,0,0,0,0.6708,0.7832,Wallet,0
2089.76,23,0,3102,1,0,0,0.7058,0.3629,NetBanking,0
2055.48,12,1,2216,2,1,0,0.5097,0.0985,Card,0
1892.48,20,2,2854,2,0,0,0.6957,0.082,NetBanking,0
346.47,17,1,797,1,0,1,0.7641,0.3237,Card,0
2288.75,17,1,3327,1,0,0,0.5051,0.1254,Card,0
264.12,1,0,1506,2,1,0,0.4761,0.394,UPI,0
476.12,3,0,3056,2,0,0,0.9255,0.1442,Ecommerce,0
4310.22,1,0,1317,1,0,0,0.7041,0.2895,UPI,0
2649.78,0,1,3150,0,1,0,0.5871,0.46,Ecommerce,0
5227.92,20,0,2357,2,1,0,0.6809,0.1614,UPI,0
824.47,4,0,808,3,0,1,0.5795,0.4026,Ecommerce,0
327.06,0,0,525,6,0,0,0.9119,0.5824,Card,0
851.96,22,0,558,8,0,0,0.6707,0.4293,Ecommerce,0
1220.64,6,0,1315,3,0,1,0.5644,0.2793,Card,0
1191.46,19,0,160,3,0,0,0.6061,0.1558,UPI,0
3606.04,23,0,1922,1,0,0,0.2682,0.4128,UPI,0
750.44,12,0,2309,4,0,1,0.7512,0.1613,NetBanking,0
1587.06,22,0,2607,3,0,0,0.8753,0.4452,Card,0
388.36,23,0,3267,3,0,0,0.9167,0.0973,Card,0
1759.58,3,2,2802,2,0,0,0.7114,0.0618,Card,0
1100.22,3,0,3478,3,0,1,0.7982,0.6947,UPI,0
499.04,8,0,2115,1,0,0,0.8168,0.4106,NetBanking,0
856.09,13,2,2984,1,0,0,0.9283,0.1866,Card,0
903.81,18,0,2712,2,0,0,0.6999,0.5046,UPI,0
825.79,4,0,2909,0,0,0,0.787,0.1911,Wallet,0
7043.84,4,0,1441,1,0,0,0.5789,0.4282,Card,0
988.94,7,3,1819,1,0,0,0.5822,0.0695,Ecommerce,0
848.87,6,0,3199,5,0,0,0.4376,0.2675,Card,0
121.23,22,1,1585,2,0,1,0.9128,0.3903,Ecommerce,0
428.84,9,0,2124,2,0,0,0.6772,0.4809,NetBanking,0
831.95,20,0,2243,4,0,0,0.7657,0.329,UPI,0
533.71,1,0,652,2,0,0,0.6989,0.18,Wallet,0
4678.78,2,0,86,0,1,0,0.6224,0.2733,UPI,0
922.25,19,1,2435,1,0,0,0.78,0.3829,Card,0
4242.32,5,0,2781,2,0,0,0.8921,0.2176,Wallet,0
1170.04,1,0,2041,4,0,0,0.7099,0.2652,Card,0
1140.35,14,0,2303,3,0,0,0.565,0.4174,UPI,0
999.01,3,0,240,3,0,0,0.7368,0.382,UPI,0
1101.01,1,0,600,2,0,1,0.5936,0.362,UPI,0
6665.73,9,1,2583,4,0,0,0.6293,0.3733,UPI,0
96.01,13,0,2227,3,0,0,0.9235,0.2609,Card,0
134.07,12,0,698,3,1,0,0.8059,0.3628,Card,0
619.97,14,0,2100,2,0,0,0.8459,0.2063,Card,0
1113.49,0,0,129,2,0,0,0.7216,0.2484,Card,0
2263.37,6,0,2759,0,0,0,0.6672,0.1493,Card,0
1802.16,8,0,100,0,1,0,0.9757,0.0956,Wallet,0
732.56,7,0,2932,2,0,0,0.8906,0.0925,UPI,0
3197.09,13,0,788,2,0,1,0.8319,0.1592,Card,0
3234.74,5,0,892,2,0,0,0.6387,0.1926,UPI,0
1330.43,15,0,3240,2,0,0,0.5159,0.2941,UPI,0
3013.3,22,0,2851,4,0,0,0.3244,0.1726,Card,0
1460.13,15,0,1182,4,0,0,0.6368,0.1663,UPI,0
608.16,9,0,643,2,1,0,0.8358,0.0556,Card,0
2281.77,10,1,389,3,0,0,0.8686,0.2995,UPI,0
1231.69,14,1,1383,2,0,0,0.6192,0.5758,Ecommerce,0
1098.18,17,0,2036,1,0,0,0.5528,0.2744,Card,0
5149.22,7,0,1727,1,0,0,0.4303,0.1255,Ecommerce,0
83.65,0,0,3139,0,1,0,0.5576,0.2336,UPI,0
247.51,16,3,2818,1,0,1,0.7048,0.2869,UPI,0
315.32,15,1,916,2,0,0,0.7301,0.1324,UPI,0
748.88,2,1,3154,0,0,0,0.3473,0.0991,Wallet,0
839.38,15,1,1620,5,0,0,0.9186,0.1748,UPI,0
225.27,1,0,67,3,1,0,0.882,0.1657,Wallet,0
389.78,15,1,2980,3,0,0,0.3152,0.2152,UPI,0
444.13,17,1,2582,1,0,0,0.6044,0.1999,UPI,0
14476.69,0,0,1248,2,0,0,0.2826,0.1286,NetBanking,0
7272.31,17,1,3072,2,0,0,0.6769,0.0692,NetBanking,0
711.7,2,1,3170,2,0,0,0.894,0.085,Ecommerce,0
748.62,6,0,3340,1,0,0,0.3761,0.1094,Card,0
328.11,16,0,3194,2,0,0,0.8235,0.233,UPI,0
147.89,8,0,942,3,0,0,0.8669,0.0839,Ecommerce,0
969.98,23,2,1954,2,0,0,0.8304,0.3598,UPI,0
384.62,22,0,611,0,0,0,0.771,0.3536,UPI,0
1003.16,23,0,2388,2,0,0,0.5729,0.1715,UPI,0
204.34,2,0,1749,5,1,0,0.7759,0.2296,Card,0
492.71,4,1,3078,3,0,0,0.8475,0.3642,UPI,0
1281.85,4,0,3154,2,0,0,0.7548,0.1936,UPI,0
1610.85,14,0,1117,2,1,1,0.8414,0.303,UPI,0
1699.94,10,0,1109,3,1,0,0.7651,0.2667,NetBanking,0
274.1,17,1,118,2,1,0,0.9065,0.0451,UPI,0
2690.33,6,0,1771,1,0,0,0.6394,0.0772,Card,0
473.32,4,0,1350,3,0,0,0.7004,0.1722,UPI,0
2131.33,15,0,3484,5,0,0,0.9242,0.3009,Ecommerce,0
1084.45,14,0,2863,2,0,1,0.9078,0.5344,UPI,0
258.47,16,1,1599,2,0,1,0.6728,0.113,NetBanking,0
786.81,7,0,1990,1,0,1,0.9121,0.4858,UPI,0
1609.42,12,0,2201,2,0,0,0.9051,0.0663,Card,0
2087.27,22,1,3161,1,0,0,0.7206,0.3731,UPI,0
945.74,14,0,3484,4,0,0,0.7138,0.154,UPI,0
5477.3,22,1,1467,0,0,0,0.541,0.1253,Ecommerce,0
3158.61,10,1,1289,3,0,0,0.5931,0.2942,Card,0
837.58,1,1,2497,5,0,0,0.2916,0.166,UPI,0
2410.59,18,0,960,1,0,0,0.6931,0.2345,UPI,0
8353.89,11,1,497,3,0,0,0.7133,0.3842,Card,0
8591.33,1,0,994,1,0,0,0.8032,0.2469,Card,0
302.05,3,0,1111,2,0,0,0.7731,0.696,NetBanking,0
414.53,7,0,2162,0,0,0,0.8733,0.0865,UPI,0
5214.32,4,0,2576,4,1,0,0.6611,0.4008,UPI,0
360.97,16,1,575,2,0,1,0.6509,0.1859,UPI,0
273.51,14,0,164,1,0,0,0.6974,0.5423,UPI,0
658.19,7,1,581,1,0,0,0.8458,0.5508,UPI,0
1704.86,2,0,3190,5,0,1,0.8136,0.531,UPI,0
984.84,1,0,915,0,0,0,0.9763,0.0895,Card,0
553.86,22,0,1852,0,0,0,0.8579,0.1572,NetBanking,0
540.27,8,0,1896,2,0,0,0.8225,0.228,Wallet,0
519.07,2,0,978,2,0,0,0.7316,0.0991,Ecommerce,0
435.51,17,0,2955,2,0,0,0.8369,0.467,Card,0
12036.69,20,0,234,1,0,1,0.4717,0.1089,Card,0
1498.75,2,0,1855,2,0,1,0.9468,0.1454,UPI,0
2782.48,22,0,1451,4,0,1,0.8821,0.0772,Wallet,0
656.2,17,0,2740,1,0,0,0.9629,0.2254,Card,0
902.12,6,0,695,0,0,0,0.7115,0.2966,Card,0
518.41,18,0,3351,0,0,0,0.7547,0.1913,UPI,0
67.74,10,1,2774,1,0,0,0.6449,0.1122,Card,0
258.03,15,1,2591,2,0,0,0.8387,0.2529,Card,0
163.83,3,0,1734,1,0,0,0.8078,0.2217,NetBanking,0
103.31,5,0,2252,0,0,0,0.506,0.1482,Wallet,0
312.58,18,0,732,1,1,0,0.738,0.1341,UPI,0
4408.12,19,0,35,1,0,0,0.7545,0.0695,UPI,0
1046.64,0,1,2611,3,0,0,0.7408,0.2992,UPI,0
4251.78,5,2,1573,4,0,0,0.7594,0.0723,Card,0
1688.39,14,0,1238,4,0,1,0.6109,0.1046,UPI,0
2494.11,21,0,943,5,0,0,0.824,0.4298,Card,0
425.84,16,0,2174,1,0,0,0.8942,0.1007,UPI,0
1901.03,16,1,1796,3,0,0,0.831,0.1953,Card,0
2357.01,9,0,2364,1,0,1,0.8989,0.1403,Card,0
598.56,1,0,3329,4,0,0,0.5865,0.1387,Wallet,0
1973.41,18,1,2925,3,0,0,0.8782,0.1297,UPI,0
1987.23,19,1,1126,1,0,0,0.7297,0.209,UPI,0
615.83,10,0,851,2,0,0,0.4498,0.3443,NetBanking,0
337.34,12,0,568,2,0,0,0.744,0.0571,Card,0
316.29,5,1,1994,3,0,0,0.4666,0.4798,NetBanking,0
1200.91,10,0,2891,0,1,1,0.4569,0.1833,Card,0
1545.9,5,0,891,0,0,0,0.7898,0.2404,UPI,0
477.16,10,0,3467,3,0,1,0.5811,0.2273,Card,0
1127.68,3,0,1506,3,0,0,0.7768,0.1752,Card,0
1996.33,14,0,2731,3,0,0,0.5822,0.1824,UPI,0
2098.76,5,0,1048,0,1,1,0.4073,0.2913,UPI,0
5594.14,17,0,490,2,0,0,0.6752,0.1773,UPI,0
4191.57,12,1,1798,2,0,0,0.89,0.1056,UPI,0
383.23,21,2,1930,2,0,0,0.8467,0.3372,UPI,0
6423.8,5,0,1677,1,1,0,0.787,0.4752,Ecommerce,0
627.96,6,0,1422,4,0,0,0.2862,0.369,Card,0
3284.98,5,0,2277,3,0,0,0.5249,0.4079,Ecommerce,0
1177.78,15,1,2219,2,0,0,0.8438,0.436,Card,0
711.41,2,0,535,2,0,0,0.5659,0.3076,Ecommerce,0
164.34,16,0,2342,1,0,0,0.7681,0.3047,Card,0
915.85,19,0,1168,3,0,0,0.6305,0.0779,Card,0
213.29,16,0,2826,0,0,0,0.7558,0.0901,UPI,0
3028.02,3,1,1745,1,0,0,0.817,0.2573,Ecommerce,0
5391.79,11,1,845,0,0,0,0.7569,0.0874,Ecommerce,0
474.97,12,1,636,3,1,0,0.6602,0.1417,UPI,0
1505.78,9,0,3376,0,1,0,0.6375,0.1111,UPI,0
512.01,11,4,2517,2,0,0,0.5386,0.4056,NetBanking,0
566.85,18,0,756,2,0,0,0.6252,0.4581,Ecommerce,0
2473.08,20,0,1759,5,0,0,0.9373,0.4672,UPI,0
1053.14,7,3,440,4,0,0,0.5261,0.2229,UPI,0
6813.29,7,0,2920,3,0,0,0.4579,0.37,UPI,0
660.94,4,0,2902,3,0,0,0.6509,0.1063,Card,0
3131.61,9,0,2812,6,0,0,0.774,0.1168,UPI,0
1214.74,13,0,1625,3,0,0,0.4668,0.3413,UPI,0
2528.97,17,1,586,3,0,0,0.8396,0.0449,Ecommerce,0
685.73,6,1,1719,0,0,0,0.5701,0.4081,Ecommerce,1
1041.03,5,0,1789,0,0,0,0.5889,0.3682,Ecommerce,0
971.39,0,1,1120,4,0,0,0.4168,0.5289,UPI,0
455.84,2,1,1326,0,0,1,0.6447,0.2639,UPI,0
2197.74,1,0,169,4,0,0,0.717,0.2982,UPI,0
2170.61,4,0,1834,2,1,0,0.8529,0.1941,NetBanking,0
2045.16,16,0,683,2,0,0,0.5894,0.3549,Wallet,0
5507.21,18,2,2944,1,1,0,0.8406,0.6375,Ecommerce,0
5023.15,23,0,2667,1,0,0,0.8821,0.1094,Card,0
739.75,13,1,2115,5,0,0,0.8735,0.3902,NetBanking,0
1622.47,10,0,790,1,0,0,0.866,0.0932,UPI,0
569.76,21,1,2340,4,0,0,0.54,0.1453,Card,0
1123.86,3,2,3474,4,0,0,0.694,0.1734,Card,0
584.21,15,0,2209,2,0,0,0.8385,0.2005,Card,0
6009.36,19,0,2753,2,0,0,0.7606,0.3249,UPI,0
1606.61,12,0,3152,1,1,0,0.7459,0.2306,UPI,0
872.24,6,0,2971,2,0,0,0.926,0.2499,NetBanking,0
3840.28,14,0,573,3,0,0,0.6101,0.5556,Card,0
112.26,23,0,3057,1,0,1,0.6434,0.3807,Ecommerce,0
132.32,5,0,2680,3,0,0,0.8951,0.069,NetBanking,0
2529.13,13,1,2518,4,0,0,0.8528,0.1911,UPI,0
1168.52,1,0,803,1,0,0,0.7283,0.286,UPI,0
1426.48,5,0,1635,3,0,1,0.327,0.4421,NetBanking,0
272.4,18,0,3164,0,0,0,0.8644,0.0759,Wallet,0
1070.2,11,0,3210,2,0,0,0.215,0.3301,UPI,0
8988.35,4,0,410,3,0,0,0.7397,0.3847,Ecommerce,0
2605.58,8,2,1496,1,0,0,0.7592,0.0882,NetBanking,0
1310.54,2,0,2124,1,1,0,0.6529,0.1558,Ecommerce,0
691.59,18,0,341,5,0,0,0.5154,0.1321,Card,0
724.66,22,0,866,2,0,0,0.6904,0.2259,Card,0
117.25,2,0,2090,2,0,0,0.302,0.2466,Card,0
1437.3,5,1,2298,2,0,1,0.731,0.0495,NetBanking,0
2664.46,20,0,375,2,0,0,0.8225,0.1069,Card,0
209.68,21,1,1486,4,0,0,0.6449,0.387,NetBanking,0
547.58,18,0,2296,0,0,0,0.8158,0.1181,UPI,0
325.27,17,0,3466,5,0,1,0.9858,0.3686,Ecommerce,0
397.97,20,0,3491,1,1,0,0.5634,0.1657,Card,0
1159.98,8,0,1092,2,0,1,0.3823,0.2141,UPI,1
122.9,21,1,2365,2,0,0,0.9108,0.1441,Card,0
2090.14,21,1,1937,2,0,0,0.7955,0.1752,Ecommerce,0
2420.06,5,1,742,0,1,0,0.7858,0.264,Card,0
842.47,1,0,1779,2,1,0,0.9218,0.292,Ecommerce,0
81.07,12,0,488,1,0,1,0.6341,0.1894,NetBanking,0
385.2,18,0,426,2,0,0,0.5158,0.1304,UPI,0
4001.99,20,0,1251,2,0,0,0.8561,0.1773,Wallet,0
59.33,3,0,920,1,0,0,0.8715,0.1421,Ecommerce,0
761.36,9,1,516,3,0,0,0.438,0.2506,UPI,0
317.67,18,0,188,2,0,1,0.6743,0.1508,NetBanking,0
2552.42,1,1,1996,0,0,0,0.9595,0.2135,NetBanking,0
539.76,17,0,27,0,0,0,0.8849,0.1683,Card,0
1675.98,6,1,2742,2,0,0,0.7745,0.2136,NetBanking,0
1985.71,0,0,261,4,0,0,0.5649,0.2506,Card,0
7540.45,5,0,2305,2,1,0,0.5724,0.5633,Card,0
886.17,17,0,526,2,1,0,0.4191,0.2901,UPI,0
1627.58,20,0,2162,1,0,0,0.872,0.2613,Card,0
230.6,1,2,505,1,0,0,0.7454,0.4613,UPI,0
3827.37,11,0,1528,4,0,0,0.542,0.3471,Card,0
493.47,4,1,2310,0,0,0,0.8852,0.1067,UPI,0
608.63,16,1,610,3,0,0,0.7446,0.1392,NetBanking,0
1071.31,18,0,470,3,0,0,0.4993,0.411,NetBanking,0
212.51,23,0,2234,0,0,0,0.69,0.2841,Card,0
1394.38,8,1,2245,2,0,0,0.6648,0.2225,Card,0
3028.55,7,1,1471,0,0,0,0.8142,0.3281,UPI,0
1491.56,7,0,434,1,0,0,0.5491,0.0468,Card,0
206.78,18,0,1073,6,0,0,0.5111,0.126,Card,0
962.95,10,0,766,3,1,0,0.4871,0.4387,NetBanking,0
2390.2,0,0,2309,1,0,0,0.8209,0.2228,Card,0
152.64,22,0,1056,1,0,0,0.9019,0.1166,NetBanking,0
354.78,2,0,1329,1,0,0,0.8083,0.2705,Card,0
2752.79,22,0,919,1,0,0,0.6128,0.0027,UPI,0
1456.22,3,2,594,1,0,0,0.357,0.097,Wallet,0
1690.15,12,0,2842,2,0,0,0.3443,0.2933,NetBanking,0
7726.95,7,1,1695,0,0,0,0.8592,0.2104,UPI,0
1793.6,16,1,2002,3,0,0,0.4711,0.324,Card,0
2188.09,9,1,1017,1,0,0,0.8665,0.0584,UPI,0
18888.01,8,0,312,3,0,0,0.6962,0.3312,Card,0
876.12,11,0,2569,1,0,1,0.9194,0.2873,UPI,0
474.48,23,0,2529,5,0,0,0.8792,0.3075,UPI,0
1718.46,5,0,171,4,0,0,0.6765,0.4821,Card,0
1738.78,5,1,3102,5,0,0,0.4193,0.432,Ecommerce,0
630.77,1,0,2985,5,0,0,0.6903,0.2091,Card,0
370.92,17,0,2971,2,0,0,0.8614,0.4439,UPI,0
12398.57,16,0,1618,4,0,0,0.608,0.1088,UPI,0
1545.63,14,0,2430,3,0,0,0.9027,0.2533,Card,0
508.31,0,0,62,2,0,1,0.7859,0.2662,NetBanking,0
2869.02,18,1,2097,1,0,0,0.8349,0.0921,Card,0
977.89,19,0,472,7,1,1,0.707,0.1098,Ecommerce,1
840.9,22,1,3183,4,0,0,0.8265,0.1667,Wallet,0
1979.08,22,0,3309,2,0,0,0.5821,0.1243,NetBanking,0
282.46,6,2,532,0,0,0,0.8961,0.1154,UPI,0
1588.04,17,0,1882,3,0,0,0.7991,0.0258,NetBanking,0
8173.09,9,0,2075,1,0,1,0.8982,0.0649,UPI,0
1789.13,14,0,2691,1,0,0,0.9593,0.3321,UPI,0
738.76,7,0,1714,4,1,0,0.8481,0.0811,UPI,0
643.9,15,0,3090,1,0,0,0.6139,0.1429,Wallet,0
712.76,22,1,1213,4,0,0,0.3562,0.4905,Card,0
839.95,15,0,1125,3,0,0,0.5012,0.1912,NetBanking,0
737.53,22,1,2553,1,0,0,0.8522,0.3073,Card,0
2870.17,22,0,1917,5,0,0,0.6574,0.3384,Ecommerce,0
177.71,2,0,292,1,0,0,0.7183,0.5736,Ecommerce,0
2711.07,23,2,2278,3,0,0,0.9258,0.4213,NetBanking,0
736.07,19,0,982,3,0,0,0.4813,0.0701,Ecommerce,0
1629.12,10,2,2946,2,0,0,0.86,0.1579,Ecommerce,0
335.85,14,0,2928,2,0,0,0.6385,0.1749,UPI,0
4425.16,14,1,1474,2,0,1,0.6649,0.2538,Card,0
4055.85,18,0,2987,2,0,0,0.8573,0.0921,NetBanking,0
3003.61,19,0,3331,1,1,0,0.4165,0.2462,UPI,0
223.52,2,0,2554,2,0,0,0.4895,0.3146,Card,0
2619.08,0,1,2127,4,0,0,0.8525,0.3161,UPI,0
1677.56,5,1,3266,2,1,0,0.7247,0.2287,Wallet,0
203.26,12,1,3059,2,0,1,0.5418,0.2604,UPI,0
1069.01,20,0,1676,2,0,0,0.704,0.1625,Card,0
1608.02,15,2,298,5,0,0,0.6975,0.1418,Ecommerce,0
1966.24,3,0,2105,5,0,0,0.7547,0.3084,Ecommerce,0
1320.97,17,0,1625,0,0,0,0.6701,0.1849,UPI,0
1488.9,11,1,1284,2,0,0,0.5978,0.2366,UPI,0
5152.78,8,1,632,2,0,0,0.8856,0.1318,UPI,0
3973.23,18,0,2510,3,0,0,0.8801,0.431,Card,0
54.03,7,0,3192,1,0,0,0.5948,0.4346,Ecommerce,0
785.79,14,0,2094,2,0,1,0.5539,0.5226,UPI,0
922.53,4,1,827,0,0,0,0.6835,0.2445,Card,0
174.22,9,1,11,4,0,0,0.8839,0.4021,Ecommerce,0
1210.63,13,0,2497,2,0,1,0.8841,0.4196,Card,0
4069.18,14,1,557,3,0,0,0.7758,0.1592,Card,0
350.41,22,0,226,2,0,1,0.702,0.2567,Ecommerce,0
1561.22,6,0,695,5,1,0,0.6668,0.323,Wallet,0
419.22,21,0,708,2,0,0,0.8345,0.23,Wallet,0
541.58,19,1,1192,0,0,0,0.8054,0.0328,Card,0
5173.29,8,0,1124,2,0,0,0.5293,0.3831,UPI,0
620.37,3,0,696,2,1,0,0.8668,0.6276,NetBanking,0
1781.7,6,0,2738,3,0,0,0.9159,0.2766,Card,0
153.73,15,2,2892,2,0,0,0.82,0.2744,Ecommerce,0
7749.89,18,0,884,1,0,0,0.6794,0.0654,Card,0
2064.79,14,0,1293,2,0,1,0.468,0.088,Ecommerce,0
905.4,17,1,2860,0,0,0,0.6153,0.6106,Ecommerce,0
2006.85,2,0,3335,2,0,0,0.735,0.5338,Wallet,0
249.56,12,0,2761,0,0,0,0.6539,0.5771,Card,0
3795.83,20,1,1939,4,0,0,0.5755,0.4202,Card,0
780.41,9,0,3472,4,0,0,0.7833,0.4251,UPI,0
885.12,21,2,2546,2,0,1,0.7607,0.3258,UPI,0
654.43,2,1,2372,1,1,1,0.7389,0.4992,Card,1
596.04,23,0,111,2,1,0,0.6388,0.4659,Card,0
2274.25,18,0,2233,1,0,0,0.8007,0.3091,Card,0
1434.69,15,1,1012,2,0,0,0.8597,0.0704,Wallet,0
2174.02,14,0,2108,1,0,0,0.5393,0.4033,UPI,0
1086.55,22,0,2008,4,0,0,0.8091,0.4035,Card,0
1879.69,9,1,389,3,0,0,0.8246,0.2155,UPI,0
706.42,3,0,1618,3,0,0,0.8709,0.5377,Card,0
11398.29,22,1,1799,3,0,0,0.9471,0.1139,UPI,0
211.38,2,0,173,2,0,1,0.7671,0.076,Ecommerce,0
4121.55,15,0,2981,3,0,0,0.47,0.2057,Ecommerce,0
4611.47,6,0,3281,1,1,0,0.601,0.2176,Ecommerce,0
448.2,22,0,79,0,0,0,0.6918,0.3326,UPI,0
11392.8,23,1,426,0,0,1,0.8782,0.2322,Card,1
3118.99,11,0,449,2,0,0,0.8099,0.2701,Ecommerce,0
3040.25,12,1,1548,0,1,0,0.8419,0.0918,UPI,0
1129.38,10,1,2104,3,0,0,0.5728,0.168,Card,0
872.98,10,0,850,2,0,0,0.5887,0.2017,UPI,0
880.17,22,0,2965,2,0,0,0.6253,0.6612,UPI,0
1652.52,6,0,1091,3,1,0,0.9109,0.1534,Card,0
4775.46,23,1,1080,1,0,0,0.6056,0.2769,NetBanking,0
1326.61,15,0,2061,2,1,1,0.8846,0.5025,Card,0
421.15,23,0,3051,6,0,0,0.8063,0.593,UPI,0
2606.2,14,0,876,1,0,0,0.6773,0.3307,NetBanking,0
2884.79,19,0,1185,3,0,0,0.9359,0.1863,UPI,0
2180.68,11,0,1190,1,0,0,0.5803,0.1636,Ecommerce,0
2398.92,11,0,1632,2,1,0,0.6999,0.1717,Ecommerce,0
825.12,6,1,1505,3,0,1,0.6719,0.2047,UPI,0
413.46,5,0,3335,3,0,0,0.8641,0.2244,UPI,0
440.71,0,0,518,4,0,0,0.8502,0.3876,NetBanking,0
196.91,9,2,1465,1,0,0,0.7758,0.3476,UPI,0
1406.41,23,0,893,1,0,0,0.9225,0.0992,UPI,0
1004.63,22,0,2100,4,0,0,0.8578,0.1747,Ecommerce,0
690.91,16,0,2735,2,0,0,0.7371,0.2089,Ecommerce,0
49.23,8,2,3274,1,0,0,0.6692,0.128,UPI,0
295.99,12,1,1535,2,0,0,0.7786,0.2898,NetBanking,0
3557.75,18,1,930,0,0,1,0.3355,0.3042,Card,0
545.74,0,0,3373,1,0,1,0.4506,0.4965,NetBanking,0
1601.38,22,1,328,2,0,0,0.6505,0.1357,UPI,0
254.62,20,0,465,2,0,0,0.6806,0.1863,UPI,0
4967.34,23,0,3353,1,0,0,0.6347,0.3793,Card,0
942.72,2,1,3103,0,0,0,0.7422,0.0676,NetBanking,0
1487.04,22,0,1962,2,0,0,0.5486,0.2757,UPI,0
12607.77,14,1,1154,6,0,0,0.7012,0.1632,Card,0
5389.79,13,0,3380,2,0,1,0.5558,0.2174,UPI,0
794.81,4,0,3354,4,0,0,0.9401,0.1526,Ecommerce,0
588.23,11,1,3034,4,0,0,0.8946,0.1357,UPI,0
779.13,8,0,2703,4,0,1,0.8782,0.2208,UPI,0
1873.18,23,0,2084,1,0,0,0.4931,0.3308,Wallet,0
981.92,8,2,1305,1,0,1,0.5784,0.1646,Wallet,0
724.15,5,2,1653,3,1,1,0.9256,0.1333,UPI,0
5118.11,22,0,1902,3,0,0,0.6467,0.0497,Ecommerce,0
972.7,4,0,1684,1,0,0,0.6019,0.2516,UPI,0
12265.78,21,1,3015,3,0,0,0.759,0.0904,Card,0
1206.26,23,0,586,3,0,0,0.842,0.2821,UPI,0
7147.97,7,0,296,4,0,0,0.6135,0.1551,NetBanking,0
1595.89,16,0,1591,1,0,0,0.6176,0.32,Ecommerce,0
3014.26,19,0,729,1,0,0,0.9474,0.2283,NetBanking,0
512.43,12,0,2877,3,0,0,0.6133,0.359,Ecommerce,0
447.44,16,0,2970,1,0,0,0.6857,0.2464,NetBanking,0
1777.02,3,1,3460,2,0,0,0.7355,0.2213,UPI,0
3096.36,12,0,1355,3,0,0,0.7186,0.1299,Card,0
1143.98,12,0,3361,1,0,0,0.3009,0.1257,UPI,0
284.09,13,0,361,3,0,0,0.6761,0.2229,Ecommerce,0
262.89,22,1,3367,4,0,0,0.4128,0.0994,Wallet,0
245.06,19,2,866,2,0,0,0.9762,0.2898,Ecommerce,0
171.4,14,0,73,1,0,0,0.7076,0.2869,NetBanking,0
1230.23,9,0,2890,2,0,0,0.7458,0.3324,UPI,0
3573.48,9,0,1808,1,0,0,0.7266,0.1261,Ecommerce,0
1081.29,0,0,1449,3,0,0,0.8855,0.1865,Ecommerce,0
102.16,13,0,706,4,0,1,0.5741,0.1941,UPI,0
897.58,6,0,1458,4,0,0,0.3661,0.1477,Ecommerce,0
924.32,21,0,2156,0,0,1,0.4694,0.2531,UPI,0
9905.04,18,0,508,2,1,1,0.7819,0.3814,NetBanking,0
237.46,21,0,3310,0,0,0,0.701,0.0952,NetBanking,0
727.63,23,0,2534,2,0,1,0.7936,0.1978,UPI,0
6575.76,9,1,3069,2,0,0,0.8894,0.1773,Ecommerce,0
1758.96,10,0,162,3,0,0,0.8365,0.0285,NetBanking,0
1981.24,14,0,3033,1,1,0,0.8939,0.3247,Ecommerce,0
1236.84,10,1,3031,1,0,1,0.8876,0.5423,Card,0
1550.67,6,0,1284,1,0,0,0.6252,0.1021,Ecommerce,0
2481.18,16,0,1996,2,0,1,0.4934,0.2608,Card,1
468.74,10,0,1757,5,0,0,0.5953,0.4835,UPI,0
2757.17,22,0,2892,0,0,0,0.4169,0.2474,UPI,0
259.39,5,0,991,4,0,0,0.7886,0.2523,Card,0
1548.1,10,0,3219,2,0,0,0.7629,0.3222,NetBanking,0
1323.03,12,1,1941,1,0,0,0.6509,0.1577,Wallet,0
574.15,21,0,7,5,0,0,0.5265,0.1414,Card,0
1070.82,13,0,1066,1,0,1,0.4145,0.3784,UPI,0
570.4,1,0,505,0,0,0,0.9161,0.1154,UPI,0
355.92,8,2,2831,1,0,0,0.6856,0.2324,Ecommerce,0
756.5,21,1,1436,2,0,0,0.8897,0.3432,UPI,0
344.06,6,0,1629,3,0,0,0.4946,0.1964,UPI,0
1539.08,8,0,1230,3,0,0,0.7388,0.0547,UPI,0
327.8,3,0,2453,3,0,0,0.7908,0.2959,Card,0
2315.95,17,0,3476,1,0,0,0.5961,0.1474,Ecommerce,0
317.17,3,0,3055,3,0,0,0.5473,0.4397,Ecommerce,0
605.1,8,0,3463,4,0,0,0.813,0.2639,Card,0
569.16,17,1,1054,2,0,0,0.8214,0.1266,NetBanking,0
4409.0,21,0,2327,0,0,1,0.8325,0.2789,UPI,0
1551.23,5,1,2179,5,0,0,0.6904,0.1514,Ecommerce,1
878.03,7,0,1063,2,0,1,0.6901,0.2895,UPI,0
1851.32,2,0,2961,1,0,0,0.8926,0.093,NetBanking,0
119.99,10,0,3219,0,0,0,0.8395,0.017,UPI,0
1048.07,23,0,3327,1,0,0,0.8358,0.5383,Card,0
8931.95,7,0,3457,1,0,0,0.8481,0.142,UPI,0
1260.12,6,0,576,4,0,0,0.7971,0.3251,NetBanking,0
1177.69,9,0,521,5,0,0,0.8439,0.2051,Ecommerce,0
1949.9,21,2,2387,4,0,0,0.7592,0.1769,UPI,0
2808.44,13,3,2541,2,0,0,0.6506,0.1484,Ecommerce,0
134.65,14,0,1527,4,0,0,0.7187,0.3314,Card,0
187.46,18,0,577,1,0,0,0.5761,0.4101,Ecommerce,0
1367.59,17,1,1004,2,0,0,0.7084,0.1075,Card,0
517.69,14,1,455,2,0,0,0.318,0.1781,Card,0
4348.68,13,0,557,1,0,0,0.7952,0.1933,UPI,0
787.66,12,0,663,2,0,1,0.8151,0.3231,UPI,0
143.85,4,1,2051,5,0,1,0.7104,0.4593,UPI,1
289.62,9,1,1799,0,0,0,0.8792,0.2859,Card,0
61.12,20,0,1173,3,0,0,0.736,0.5546,UPI,0
857.63,0,0,1903,3,0,0,0.448,0.3268,Wallet,0
899.82,19,0,2340,5,0,0,0.5402,0.2641,Card,0
702.27,13,1,347,2,0,0,0.6771,0.0895,Card,0
3404.4,8,0,988,0,1,0,0.516,0.0815,UPI,0
3860.09,2,0,709,2,0,1,0.8704,0.381,Card,0
916.99,18,0,9,2,0,0,0.8939,0.199,Card,0
116.58,0,0,412,2,0,0,0.8142,0.0512,UPI,0
2096.75,13,0,2686,2,0,0,0.6187,0.0942,Ecommerce,0
1964.77,3,1,3065,3,0,1,0.6212,0.193,UPI,0
1517.56,21,2,570,5,0,0,0.6835,0.3192,UPI,0
3073.44,4,0,2686,0,1,0,0.3694,0.304,Card,1
322.77,19,0,888,3,0,0,0.4321,0.195,Ecommerce,0
9038.0,13,0,495,1,1,0,0.7067,0.1077,UPI,0
400.45,0,0,829,1,0,0,0.7502,0.097,NetBanking,0
2408.32,17,0,3218,2,0,0,0.6296,0.104,UPI,0
186.47,21,0,1202,0,0,0,0.7763,0.2578,Card,0
412.91,5,0,2594,1,0,0,0.9226,0.2078,Card,0
5389.39,23,0,1702,0,0,0,0.5484,0.2334,UPI,0
833.85,19,0,1529,1,0,0,0.5379,0.3104,UPI,0
2648.95,17,0,2844,3,0,0,0.8918,0.2486,Ecommerce,0
1406.42,8,0,3470,1,0,0,0.4994,0.3442,Card,0
982.2,2,0,2278,2,0,1,0.8285,0.3129,Card,0
4591.87,10,0,2974,2,1,0,0.5924,0.2378,UPI,0
855.35,19,0,516,2,0,0,0.6378,0.1514,Ecommerce,0
169.06,14,0,3153,3,0,0,0.4821,0.3902,Card,0
471.82,15,0,648,2,0,1,0.8449,0.3472,Card,0
1956.18,18,0,672,2,0,1,0.5342,0.0966,Ecommerce,0
1661.18,8,1,2965,1,0,0,0.636,0.2093,Ecommerce,0
211.58,0,0,1693,3,0,0,0.4886,0.203,NetBanking,0
512.57,21,0,879,3,0,1,0.8104,0.3876,UPI,0
595.38,14,2,102,5,1,0,0.9563,0.3738,Card,0
747.14,13,0,770,1,0,0,0.7702,0.3053,Card,0
258.6,13,0,2886,3,0,0,0.624,0.277,NetBanking,0
566.92,20,1,19,2,0,0,0.7652,0.1542,Card,0
510.28,18,1,3221,1,0,0,0.9326,0.2216,UPI,0
2465.4,16,0,2710,1,0,0,0.7039,0.444,UPI,0
2564.65,18,0,721,1,0,0,0.7061,0.2168,UPI,0
940.96,6,0,2586,2,0,0,0.6453,0.2539,Card,0
726.59,17,0,1818,1,0,0,0.6595,0.115,UPI,0
1270.19,23,1,1221,0,0,1,0.6301,0.1151,UPI,0
465.26,5,0,1772,0,1,0,0.8017,0.1682,Wallet,0
328.92,13,1,32,3,0,0,0.8637,0.2576,UPI,0
408.61,16,1,3082,2,0,0,0.808,0.3671,NetBanking,0
563.09,12,0,2751,0,0,0,0.6948,0.3202,NetBanking,0
323.23,23,1,633,3,1,0,0.5157,0.1776,Card,0
1300.06,9,2,354,5,1,0,0.7621,0.3119,UPI,0
2359.49,5,0,1486,1,0,0,0.6616,0.0641,Card,0
207.17,3,1,1615,3,1,0,0.5414,0.3884,NetBanking,0
1125.95,20,0,2705,3,0,0,0.8909,0.1748,Wallet,0
870.5,16,1,2941,1,0,0,0.5222,0.1564,Wallet,0
1569.61,13,0,229,0,1,0,0.5651,0.054,UPI,0
1081.84,10,0,860,1,0,0,0.8439,0.3663,Card,0
238.35,9,0,2054,2,0,0,0.9043,0.1557,Card,0
291.34,22,0,1333,1,0,0,0.7182,0.0399,Ecommerce,0
1131.04,16,1,3467,3,0,0,0.7896,0.0248,Wallet,0
3229.94,23,1,2315,2,1,0,0.3274,0.2964,NetBanking,0
107.24,19,0,1133,3,0,0,0.5895,0.3466,UPI,0
1576.58,18,1,2358,2,0,0,0.7513,0.1007,Card,0
3824.19,13,0,1510,4,0,0,0.5659,0.0634,NetBanking,0
933.86,5,0,1623,3,1,0,0.4755,0.2123,Card,0
1954.15,15,0,2503,2,0,0,0.9037,0.2727,Card,0
524.15,17,0,1522,1,0,0,0.9466,0.5061,Card,0
967.45,12,0,2439,2,0,0,0.8501,0.1334,UPI,0
199.94,0,0,1472,2,0,0,0.4628,0.455,Card,0
93.54,23,1,2082,1,0,1,0.6033,0.4079,Card,0
2951.01,19,1,1704,1,0,0,0.5881,0.4349,Wallet,0
389.85,8,0,2011,8,0,0,0.7367,0.3311,UPI,0
679.73,11,0,1217,1,0,0,0.4514,0.3011,Card,0
255.76,2,0,426,3,0,0,0.724,0.154,Ecommerce,0
249.52,22,0,902,3,1,0,0.8532,0.1253,UPI,0
913.67,5,0,1251,4,0,0,0.7503,0.3351,UPI,0
509.76,9,1,1110,2,0,0,0.9934,0.1455,Card,0
1630.87,10,0,1479,2,0,0,0.7652,0.1787,Card,0
1763.69,6,0,1675,3,0,1,0.5785,0.1241,Card,0
1535.93,15,0,886,2,0,0,0.6368,0.1308,Card,0
1408.85,23,0,1341,0,1,0,0.7585,0.4713,Card,0
5748.28,20,0,993,4,0,0,0.873,0.1414,NetBanking,0
357.46,12,2,2052,3,1,0,0.5917,0.3163,NetBanking,1
1035.17,3,0,1670,2,0,0,0.6698,0.3042,UPI,0
3602.29,20,0,2211,0,0,0,0.8493,0.6282,Wallet,0
4137.17,6,0,1515,3,0,0,0.5328,0.4534,NetBanking,0
246.45,21,0,3486,3,0,0,0.8558,0.3856,Card,0
790.0,9,0,1700,2,1,0,0.7831,0.2476,Card,0
4564.33,12,0,2155,3,0,0,0.6039,0.1467,Card,0
1869.61,10,0,1551,2,1,0,0.6702,0.1979,UPI,0
1346.18,10,0,2573,6,0,0,0.5382,0.5785,NetBanking,0
872.56,3,1,1958,0,0,0,0.7363,0.2389,NetBanking,0
732.9,13,0,349,0,0,1,0.7411,0.1933,Wallet,0
1484.2,9,0,2554,2,0,1,0.7949,0.14,Card,0
841.35,20,1,2663,2,0,0,0.5837,0.448,UPI,0
1048.69,11,0,1412,0,1,0,0.7413,0.0767,Ecommerce,0
1190.98,23,0,1784,3,1,0,0.5573,0.1042,UPI,0
538.09,7,0,45,2,0,1,0.6461,0.0903,Card,0
1917.42,7,1,3033,0,0,0,0.4405,0.319,Ecommerce,0
23387.5,0,0,2726,1,0,0,0.6204,0.1436,UPI,0
169.72,17,0,3398,3,0,0,0.9862,0.2887,Card,0
1541.04,1,0,2100,1,0,1,0.4707,0.1165,UPI,0
493.64,6,0,811,3,0,1,0.7999,0.0337,Ecommerce,0
2010.77,21,0,1019,2,0,0,0.6022,0.3515,Card,0
1151.57,14,0,3250,0,1,0,0.5006,0.1507,UPI,0
2440.47,13,1,157,3,0,0,0.2802,0.1564,UPI,0
3767.93,19,0,2353,3,0,1,0.5752,0.231,Card,0
1342.17,18,1,244,6,0,0,0.7826,0.2377,Ecommerce,0
3599.88,21,0,2588,2,0,0,0.601,0.1202,Wallet,0
93.55,15,0,2037,3,0,0,0.5882,0.2057,UPI,0
5825.35,10,0,1656,3,0,0,0.5599,0.2747,Card,0
1625.9,3,1,2453,1,1,0,0.9283,0.1342,Card,0
3400.7,8,1,1246,4,0,0,0.6407,0.3392,Ecommerce,0
304.64,16,0,2009,2,0,0,0.5641,0.6792,NetBanking,0
458.38,6,0,2801,1,0,0,0.883,0.2199,Ecommerce,0
1278.23,16,0,1607,5,1,0,0.3745,0.3451,Ecommerce,0
1077.19,3,0,83,0,0,0,0.6781,0.3267,UPI,0
1476.19,1,1,3478,2,0,0,0.8065,0.0744,Ecommerce,0
3424.6,8,1,1895,1,0,0,0.7869,0.3163,UPI,0
171.83,5,0,1508,0,0,0,0.7535,0.3751,Card,0
3048.82,20,0,264,3,1,0,0.6561,0.243,Ecommerce,0
1106.21,9,0,322,3,0,0,0.7944,0.1291,NetBanking,0
885.39,10,0,896,1,0,0,0.5505,0.107,UPI,0
234.0,9,1,3232,1,0,0,0.6398,0.5667,UPI,0
1859.76,7,0,2540,2,0,1,0.9142,0.2618,Ecommerce,0
86.94,22,0,1450,2,1,0,0.8333,0.1835,NetBanking,0
2166.38,17,0,2643,3,0,0,0.7302,0.0512,NetBanking,0
228.9,3,0,1375,2,0,0,0.6076,0.0763,Wallet,0
1159.95,5,0,3112,0,0,0,0.3897,0.1548,UPI,0
967.65,1,0,1149,2,1,0,0.9797,0.5277,UPI,0
3744.39,6,1,2506,3,1,0,0.8591,0.0621,UPI,0
909.06,15,0,1531,4,0,0,0.4816,0.0658,UPI,0
529.09,22,0,2363,3,0,1,0.7527,0.1131,Ecommerce,0
644.24,11,0,658,1,0,0,0.8711,0.1905,UPI,0
4173.57,1,1,3308,2,1,1,0.8647,0.242,NetBanking,0
1925.83,1,1,1007,2,0,1,0.8874,0.2126,NetBanking,0
731.49,9,0,1884,4,0,0,0.5082,0.1237,UPI,0
855.54,6,0,2407,2,0,0,0.6501,0.1895,UPI,0
211.55,13,0,2291,5,0,0,0.9203,0.1749,NetBanking,0
1648.96,2,2,1944,0,0,0,0.7557,0.1774,Card,0
172.81,5,0,3039,3,0,0,0.8408,0.1631,NetBanking,0
2414.84,13,0,3393,1,0,0,0.5945,0.0858,Wallet,0
1255.2,6,1,2674,2,1,1,0.953,0.1627,UPI,0
13444.15,8,0,651,2,0,0,0.6001,0.1308,NetBanking,0
345.45,5,0,2696,1,0,0,0.7555,0.4067,Card,0
984.57,1,0,1765,0,0,0,0.657,0.3694,Card,0
7245.98,8,0,1881,0,0,0,0.9269,0.0996,Wallet,0
3831.3,7,0,3295,1,0,0,0.8167,0.5942,UPI,0
527.94,21,1,1850,3,0,0,0.8117,0.2103,UPI,0
1387.37,21,1,2978,5,0,0,0.7562,0.2693,NetBanking,0
1098.94,10,0,2272,3,1,0,0.8961,0.1796,NetBanking,0
1474.47,6,0,312,0,0,0,0.6986,0.111,NetBanking,0
526.57,10,0,2454,2,0,0,0.6476,0.5272,UPI,0
998.46,14,0,1735,3,0,0,0.6007,0.6001,UPI,0
204.8,9,0,1914,1,0,1,0.6402,0.1799,UPI,0
1263.8,18,0,1064,1,0,0,0.4927,0.319,UPI,0
1759.04,23,0,654,3,0,0,0.8456,0.2851,UPI,0
863.69,9,1,2605,4,0,0,0.8208,0.3571,UPI,0
201.18,2,0,874,3,0,0,0.8394,0.3059,UPI,0
3096.29,2,0,332,0,0,0,0.6471,0.4191,Card,0
1608.01,20,0,1729,0,0,0,0.8613,0.1658,UPI,0
511.67,9,1,2492,0,0,0,0.9401,0.0605,NetBanking,0
816.78,7,2,719,3,0,0,0.3542,0.2594,UPI,0
226.85,14,0,1270,1,0,0,0.7035,0.6028,Wallet,0
373.65,22,0,1486,3,0,0,0.9346,0.0228,Card,0
623.47,10,1,3233,0,0,1,0.711,0.021,UPI,0
3983.2,7,0,520,2,0,0,0.5461,0.0144,Wallet,0
560.33,20,0,3214,3,0,0,0.8625,0.2525,UPI,0
2147.85,1,1,517,2,0,0,0.8483,0.2458,Ecommerce,0
623.14,20,0,2026,0,0,0,0.6629,0.3968,UPI,0
1422.75,12,0,2952,1,0,1,0.9446,0.576,NetBanking,0
945.33,0,2,3165,0,0,1,0.6186,0.2959,Card,0
2742.73,5,0,1901,5,1,0,0.7748,0.0148,UPI,0
625.44,16,0,1729,1,0,0,0.8794,0.2067,NetBanking,0
210.37,18,0,2733,2,0,0,0.9249,0.2264,UPI,0
256.97,4,0,3183,1,0,0,0.5778,0.3909,UPI,0
627.37,15,0,47,7,1,0,0.7589,0.2977,UPI,0
295.45,23,1,922,1,0,0,0.6218,0.1367,UPI,0
1687.03,16,0,1004,4,0,0,0.7107,0.2883,UPI,0
672.46,16,0,2917,3,0,1,0.6225,0.3812,NetBanking,0
13271.01,4,0,68,2,0,0,0.3826,0.1051,Card,0
176.87,15,0,445,2,0,0,0.7266,0.0634,UPI,0
1358.06,17,0,18,3,0,0,0.7031,0.3493,Ecommerce,0
335.51,2,0,3335,1,1,0,0.6162,0.2468,NetBanking,0
653.23,7,0,118,0,0,0,0.7967,0.1806,UPI,0
1272.18,21,2,934,1,0,0,0.909,0.0327,Ecommerce,0
95.43,23,0,1828,0,1,0,0.7762,0.3481,UPI,0
1406.23,4,0,1225,3,0,0,0.7806,0.3111,Ecommerce,0
8087.32,17,2,324,4,0,0,0.3447,0.0493,UPI,0
681.22,12,0,1449,3,0,0,0.8058,0.4388,UPI,0
1440.58,14,0,2795,0,0,0,0.8399,0.2202,UPI,0
3216.88,12,0,1015,2,0,1,0.7228,0.356,UPI,0
923.2,20,0,1810,4,0,1,0.7206,0.3283,UPI,0
595.85,10,0,1647,4,1,0,0.7672,0.5948,UPI,0
100.53,14,0,864,6,1,0,0.6658,0.0695,UPI,0
2149.61,16,0,15,1,0,0,0.945,0.4395,UPI,0
973.77,13,0,2936,3,0,0,0.8901,0.1214,Ecommerce,0
378.68,21,0,3478,3,0,0,0.5069,0.3243,NetBanking,0
1252.54,5,1,1787,3,0,1,0.8651,0.4529,UPI,0
594.15,22,0,2907,3,0,1,0.6755,0.1607,UPI,0
629.64,16,1,1232,2,0,0,0.6971,0.2679,UPI,0
2072.7,23,0,3301,4,1,1,0.4836,0.1717,Card,0
269.0,8,0,1990,0,0,0,0.7642,0.2457,Ecommerce,0
3293.42,11,0,2801,1,0,0,0.7224,0.2317,Ecommerce,0
252.76,1,1,2356,4,0,0,0.9669,0.6168,UPI,0
546.84,22,0,3233,2,0,1,0.9549,0.0909,Card,0
8259.29,19,0,1958,1,0,0,0.6411,0.2403,UPI,0
3582.16,7,2,2966,1,1,0,0.7043,0.2167,Ecommerce,0
1214.98,1,0,3265,3,0,1,0.6212,0.0356,Ecommerce,0
408.48,16,0,2661,6,0,1,0.722,0.1334,Card,0
629.08,16,1,1243,0,0,0,0.7378,0.1219,UPI,0
1184.34,12,0,324,4,0,1,0.7457,0.3423,Wallet,0
1140.7,3,0,1438,2,0,0,0.8227,0.3585,Wallet,0
996.84,22,1,2425,4,0,0,0.7513,0.0766,Ecommerce,0
1061.7,10,0,3006,1,0,0,0.5826,0.4244,UPI,0
875.6,17,1,2692,0,0,0,0.9791,0.31,NetBanking,0
241.27,20,0,2233,2,0,0,0.8499,0.2943,UPI,0
637.57,13,0,1880,3,0,0,0.8184,0.2996,UPI,0
2865.09,2,0,3382,2,0,0,0.653,0.2355,UPI,0
260.67,21,0,858,1,0,0,0.6624,0.1532,Wallet,0
898.72,16,0,2774,6,0,0,0.7963,0.3881,Card,0
463.71,21,0,1932,1,0,0,0.813,0.6584,UPI,0
1232.65,14,0,1798,4,0,0,0.7014,0.0963,UPI,0
729.19,21,1,1401,4,1,1,0.8183,0.3512,UPI,0
5173.29,20,0,2224,3,0,0,0.4312,0.1034,UPI,0
1866.67,5,0,3499,0,0,0,0.8965,0.2738,Card,0
276.61,4,0,1425,0,0,0,0.4172,0.4134,Ecommerce,0
2218.95,3,0,401,0,1,0,0.6694,0.4742,UPI,0
486.2,19,0,452,3,0,0,0.5386,0.1052,Card,0
598.34,5,0,625,0,0,1,0.6231,0.4216,Card,0
1524.63,10,0,1429,3,0,0,0.7674,0.336,UPI,0
654.36,18,0,21,3,0,1,0.4085,0.2393,UPI,0
2800.35,10,1,990,4,0,0,0.6644,0.3613,UPI,0
486.27,1,1,2434,2,0,0,0.482,0.0987,Ecommerce,0
572.55,8,0,2375,5,0,0,0.4916,0.2722,Card,0
550.49,2,0,2343,3,0,0,0.8367,0.4754,Ecommerce,0
605.51,9,1,2344,1,0,0,0.8695,0.2566,Card,0
3477.79,17,1,272,1,0,0,0.7127,0.1701,Card,0
2122.26,12,0,3281,2,0,0,0.8615,0.1346,UPI,0
6604.07,16,2,1047,1,0,0,0.5891,0.1984,Card,0
11861.18,2,0,284,2,0,0,0.755,0.3105,NetBanking,0
371.57,18,1,2842,2,0,0,0.8661,0.2028,UPI,0
1180.79,10,2,1640,1,0,0,0.5057,0.2222,Ecommerce,0
318.94,6,0,1217,0,0,0,0.7956,0.1496,UPI,0
484.69,15,0,1399,2,1,0,0.7926,0.0356,Ecommerce,0
565.9,3,2,2043,4,1,0,0.9407,0.4631,Ecommerce,0
361.4,11,1,1849,3,0,0,0.6229,0.3282,Ecommerce,0
363.41,10,1,55,0,0,0,0.5021,0.2941,Ecommerce,1
942.47,3,0,424,2,0,0,0.8531,0.126,NetBanking,0
305.65,22,0,3316,3,0,0,0.4948,0.2572,NetBanking,0
2655.09,8,0,1723,1,0,0,0.9036,0.4404,Ecommerce,0
418.37,0,0,3459,0,0,0,0.609,0.1238,Wallet,0
20953.22,10,1,2301,4,0,0,0.8808,0.3571,UPI,0
682.69,23,1,2582,1,0,0,0.5963,0.1193,NetBanking,0
1182.77,16,1,1103,5,0,0,0.8977,0.2441,UPI,0
281.43,15,1,2933,2,0,0,0.6818,0.1802,UPI,0
6577.41,21,0,2278,4,1,0,0.6214,0.3212,Card,0
3552.74,2,0,2633,0,0,0,0.8297,0.2666,Wallet,0
1497.81,13,0,934,2,0,0,0.733,0.3911,Ecommerce,0
266.63,7,0,2056,1,0,0,0.9303,0.3814,Card,0
1368.13,16,0,1296,1,0,0,0.9346,0.1667,UPI,0
337.81,20,0,3181,1,0,0,0.9288,0.4508,Ecommerce,0
5092.24,1,1,3176,2,0,1,0.8191,0.1272,UPI,0
2564.85,3,0,1239,3,0,0,0.9104,0.397,UPI,0
1212.22,22,0,94,2,0,0,0.7326,0.1629,Ecommerce,0
84.93,11,0,878,2,0,0,0.6212,0.2417,UPI,0
390.49,7,0,959,1,0,0,0.7855,0.069,UPI,0
2257.81,3,0,74,0,0,0,0.7479,0.1432,Card,0
3918.75,8,0,3275,4,0,0,0.9224,0.3663,Card,0
3514.41,0,0,1634,1,1,0,0.8537,0.3075,UPI,0
206.11,5,0,520,4,0,0,0.9094,0.0746,UPI,0
1505.12,4,0,2136,0,0,0,0.6561,0.2288,Ecommerce,0
3185.27,2,1,1395,1,0,0,0.6459,0.1695,UPI,0
192.24,23,1,617,2,0,0,0.6987,0.2668,NetBanking,0
1087.57,18,0,1593,1,0,0,0.7073,0.3786,Card,0
1461.96,22,0,2098,2,0,1,0.6602,0.3458,UPI,0
799.67,5,1,2286,5,0,0,0.8958,0.2076,UPI,0
156.84,6,0,793,3,0,0,0.5853,0.3464,Card,0
779.0,6,1,2143,3,0,0,0.4603,0.1004,Card,0
777.69,13,0,2775,2,0,0,0.7398,0.4961,Ecommerce,0
938.73,4,0,2196,2,0,0,0.6821,0.0892,Card,0
606.89,5,0,3330,0,0,0,0.3866,0.6755,Card,0
688.72,23,1,3291,2,1,0,0.8405,0.0725,Wallet,0
1051.85,8,0,1736,4,1,0,0.8991,0.121,UPI,0
1745.12,18,0,1378,1,1,0,0.7977,0.2153,Wallet,0
796.6,5,1,1604,4,0,1,0.7727,0.256,Card,0
713.28,22,0,1717,4,0,0,0.8745,0.2177,Wallet,0
1208.3,16,1,612,0,0,0,0.5922,0.5663,Wallet,0
145.92,20,1,3374,0,0,0,0.8703,0.4156,UPI,0
1809.65,12,0,1991,1,0,0,0.9062,0.395,Ecommerce,0
1095.98,21,2,454,0,0,0,0.786,0.4387,Wallet,0
1143.3,8,0,3161,0,0,0,0.7686,0.5206,NetBanking,0
3007.22,11,1,3319,3,0,0,0.8781,0.0938,UPI,0
141.11,1,0,1967,1,0,0,0.8398,0.3807,UPI,0
138.03,4,0,3319,1,1,0,0.8343,0.0443,Card,0
1461.9,18,1,3397,2,0,1,0.5185,0.4205,UPI,0
1088.47,7,1,3337,4,0,1,0.5483,0.2661,Card,0
1311.18,2,1,3374,5,0,0,0.6697,0.1324,Card,0
675.04,7,0,241,2,0,0,0.4192,0.3189,Card,0
2202.99,8,0,115,4,0,1,0.8483,0.0808,UPI,0
2919.8,17,0,2024,2,0,1,0.612,0.1594,Card,0
1822.9,2,0,2620,1,0,0,0.9219,0.5347,UPI,0
833.91,0,0,2934,0,0,0,0.8003,0.379,Card,0
119.93,17,0,2248,3,0,1,0.7039,0.1548,UPI,0
2459.46,3,0,1102,2,1,1,0.6203,0.0412,Card,0
3955.31,10,0,3265,1,0,0,0.8965,0.2055,Card,0
2157.67,16,0,2069,5,0,0,0.6419,0.1657,Wallet,0
435.45,12,0,2387,0,0,0,0.865,0.1829,Card,0
2224.94,2,0,902,2,1,0,0.9045,0.3781,UPI,0
2706.89,17,0,2657,2,0,0,0.8255,0.4354,Ecommerce,0
5635.03,1,0,459,4,0,0,0.7375,0.1421,NetBanking,0
437.07,5,2,3047,3,0,0,0.9144,0.0692,Card,0
864.56,2,0,2983,7,0,0,0.8351,0.4758,Ecommerce,0
2403.39,12,0,2391,0,0,0,0.8119,0.4681,UPI,0
1164.77,16,1,3434,2,0,1,0.688,0.3893,Card,0
339.27,15,2,3186,3,0,0,0.8138,0.4146,Ecommerce,0
1694.85,3,0,250,1,0,0,0.7805,0.2314,NetBanking,0
2013.43,8,0,778,2,0,0,0.8834,0.1748,UPI,0
1202.74,3,0,430,5,0,0,0.2992,0.1472,Card,0
1381.0,8,0,1127,2,0,0,0.9047,0.0285,UPI,0
835.77,5,1,2063,1,0,0,0.5013,0.3111,UPI,0
5178.1,17,1,509,0,0,0,0.8018,0.1607,Ecommerce,0
425.93,18,0,308,2,0,0,0.9104,0.084,Ecommerce,0
591.89,19,1,2257,3,0,0,0.9275,0.3025,Card,0
1109.36,4,0,2211,2,0,0,0.9323,0.2907,Card,0
2759.77,0,0,1286,1,0,0,0.9348,0.3606,Wallet,0
227.64,0,0,2520,1,1,0,0.6637,0.3357,UPI,0
277.05,20,0,2074,1,1,0,0.7114,0.0262,Ecommerce,0
129.07,21,1,1455,3,0,0,0.9703,0.2653,Wallet,0
1134.93,5,0,245,4,0,0,0.8171,0.3947,Wallet,0
338.93,21,1,2648,3,0,0,0.7734,0.1587,NetBanking,0
732.32,12,1,2188,3,0,1,0.7435,0.3498,UPI,0
2196.12,4,0,403,4,0,1,0.4665,0.3416,UPI,0
559.13,7,0,663,3,0,0,0.8776,0.242,UPI,0
1398.07,6,0,1059,3,0,0,0.5488,0.2021,UPI,0
800.87,18,1,632,0,0,0,0.598,0.3227,UPI,0
2221.02,4,0,2828,3,0,0,0.8348,0.2713,NetBanking,0
1806.03,4,0,3267,4,0,0,0.5135,0.2826,NetBanking,0
530.31,17,0,315,3,1,1,0.6747,0.4905,NetBanking,0
918.66,7,0,843,5,0,0,0.5422,0.0858,Card,0
3281.09,6,0,1002,2,0,0,0.7296,0.1386,UPI,0
1657.47,19,0,3471,3,0,1,0.554,0.3688,Wallet,0
252.95,22,1,2176,1,1,0,0.3663,0.1567,Card,0
2182.88,13,0,3339,3,0,0,0.8559,0.3982,Card,0
351.13,19,0,871,2,0,0,0.7954,0.1653,NetBanking,0
4832.59,20,1,243,6,1,0,0.8475,0.4278,UPI,0
3214.1,14,0,1686,2,0,0,0.7684,0.0207,Ecommerce,0
1486.8,19,0,2861,4,0,0,0.9152,0.1824,UPI,0
1293.48,0,0,2931,3,0,0,0.9021,0.1886,Wallet,0
880.52,0,0,1657,1,0,0,0.5503,0.2138,Card,0
2236.01,21,0,948,1,0,0,0.7532,0.1228,UPI,0
742.99,3,1,171,3,0,0,0.9791,0.3575,Wallet,0
1404.38,17,1,1529,2,0,0,0.9025,0.1766,Card,0
2739.5,10,0,1879,3,0,0,0.4943,0.078,UPI,0
607.96,18,0,70,4,0,0,0.9418,0.381,UPI,0
574.21,15,0,3272,4,0,0,0.55,0.3826,Card,0
312.91,1,1,2481,3,0,0,0.743,0.2695,UPI,0
358.63,8,1,1148,2,0,0,0.7491,0.2319,NetBanking,0
160.8,17,0,1247,4,0,0,0.7691,0.1628,Card,0
2359.77,22,0,1254,3,0,0,0.6941,0.1056,Ecommerce,0
7327.28,19,0,3011,1,0,0,0.8558,0.1205,UPI,0
4898.06,21,0,2535,1,0,1,0.7789,0.1134,Card,0
198.86,22,1,316,3,0,0,0.7617,0.232,UPI,0
2347.48,21,0,1076,4,1,0,0.8592,0.2467,UPI,0
4881.52,13,1,2739,1,0,0,0.7291,0.0924,Card,0
678.82,8,1,1252,2,0,1,0.7618,0.1371,UPI,1
1219.89,12,1,2849,4,0,0,0.6881,0.009,NetBanking,0
133.18,19,1,1779,6,0,0,0.8286,0.2588,UPI,0
1451.09,10,1,2717,3,0,0,0.5698,0.0847,UPI,0
358.98,19,1,1850,3,0,0,0.3966,0.2772,Ecommerce,0
1352.37,16,1,2572,1,1,0,0.5898,0.2786,UPI,0
212.88,5,0,1514,0,1,0,0.5401,0.2642,Card,0
1939.14,22,1,837,5,0,0,0.6829,0.3407,UPI,0
3215.5,20,0,3088,1,0,0,0.4759,0.0587,Ecommerce,0
481.86,14,0,1462,2,0,0,0.7231,0.1799,Ecommerce,0
332.36,4,0,39,2,0,0,0.8937,0.2844,Wallet,0
114.0,5,0,1355,4,0,0,0.6814,0.1002,NetBanking,0
829.04,20,0,1442,3,1,0,0.6702,0.0477,UPI,0
595.46,0,0,848,2,0,0,0.9585,0.0805,UPI,0
215.17,11,0,3072,3,0,0,0.6563,0.0801,Card,0
1764.58,14,1,1724,2,0,1,0.2124,0.1086,Card,0
683.71,5,1,1300,4,0,0,0.7744,0.1386,UPI,0
354.42,20,0,2443,3,0,1,0.6273,0.1694,Card,0
612.59,12,0,2242,2,1,0,0.5765,0.1945,UPI,0
3377.43,1,0,1679,5,1,0,0.9565,0.1184,UPI,0
2065.41,7,0,3412,0,0,0,0.7296,0.2924,Ecommerce,0
956.68,9,0,3410,2,0,0,0.8647,0.1442,NetBanking,0
2100.77,5,0,1669,1,0,1,0.8141,0.2455,Card,0
324.1,22,0,2482,1,0,0,0.5791,0.2929,Ecommerce,0
1134.55,8,0,188,5,0,0,0.7875,0.3339,Card,0
1280.09,12,1,1553,3,0,0,0.5213,0.2789,UPI,0
669.59,12,0,1549,0,0,0,0.9031,0.36,NetBanking,0
1732.34,5,0,1418,1,0,1,0.8278,0.0551,UPI,0
483.26,13,1,2944,2,0,0,0.6033,0.1313,NetBanking,0
1873.03,8,0,2045,1,1,0,0.8829,0.1693,NetBanking,0
1957.56,0,1,1653,2,0,0,0.6992,0.324,UPI,0
51.26,9,1,1515,2,1,0,0.6128,0.2088,Card,0
3826.94,14,1,2168,2,0,0,0.7292,0.285,Card,0
44.7,2,0,782,4,0,1,0.7712,0.1865,UPI,0
574.3,18,0,865,2,0,0,0.8543,0.2796,Card,0
3218.32,15,0,1827,4,0,0,0.7766,0.4281,Ecommerce,0
785.92,7,0,1121,0,0,1,0.8567,0.1315,Ecommerce,0
235.22,14,0,2356,2,0,0,0.7362,0.27,UPI,0
347.78,7,0,3156,1,0,0,0.8736,0.1705,NetBanking,0
3223.59,15,1,1259,1,0,0,0.4008,0.4096,UPI,0
145.83,3,1,2024,0,1,0,0.8112,0.2604,Card,0
3588.32,14,0,996,3,1,0,0.7397,0.1849,Ecommerce,0
1034.99,1,1,2778,3,0,0,0.8629,0.2204,Card,1
313.56,0,1,766,1,0,0,0.6515,0.0684,UPI,0
594.51,6,0,1830,3,0,0,0.5809,0.0735,NetBanking,0
376.88,4,1,1274,2,0,0,0.79,0.3969,Card,0
2723.13,11,0,2678,2,0,0,0.8704,0.2429,Ecommerce,0
2366.22,3,0,860,2,0,0,0.8807,0.1673,Card,0
180.35,5,0,709,4,0,0,0.8928,0.0598,Card,0
717.83,2,1,2672,4,0,0,0.5163,0.028,Card,0
443.04,21,1,1952,2,1,0,0.7917,0.1892,UPI,0
4264.95,17,0,2238,2,0,0,0.8178,0.0451,UPI,0
265.71,5,0,2780,5,0,0,0.8012,0.4102,UPI,0
5910.23,2,0,1009,3,0,0,0.5056,0.1541,NetBanking,0
1058.96,20,0,849,2,0,1,0.6598,0.0279,Ecommerce,0
323.75,16,1,3471,4,0,0,0.7994,0.1238,Card,0
538.54,21,0,396,1,0,0,0.8127,0.2365,Card,0
472.62,4,0,2262,2,0,0,0.7205,0.2117,Ecommerce,0
287.62,8,0,1365,8,0,1,0.457,0.2062,UPI,0
1211.44,2,0,504,3,0,0,0.7456,0.2251,Ecommerce,1
302.08,10,0,3336,2,0,1,0.7311,0.3486,Ecommerce,0
111.12,3,0,2903,0,0,0,0.7329,0.4637,UPI,0
736.08,0,0,782,1,0,1,0.7734,0.0808,Wallet,0
165.17,12,1,2639,3,0,0,0.8423,0.0666,Ecommerce,0
497.82,23,1,2688,1,0,0,0.4099,0.1573,UPI,0
422.18,15,0,1753,2,0,0,0.4372,0.5178,UPI,0
439.32,18,0,3346,1,0,0,0.7655,0.252,NetBanking,0
8964.35,19,1,822,3,0,0,0.648,0.3179,Wallet,0
1163.55,23,0,261,6,0,1,0.9588,0.1254,Ecommerce,0
1418.9,3,2,2839,1,0,0,0.9037,0.3284,UPI,0
169.83,6,1,1255,3,0,0,0.662,0.208,Wallet,0
551.88,14,0,441,2,0,0,0.8575,0.4448,UPI,0
1374.81,19,0,3390,1,0,0,0.6566,0.2034,Card,0
374.0,18,1,1467,5,1,0,0.8334,0.1601,Card,0
2845.42,17,1,3030,1,0,1,0.6918,0.0778,Ecommerce,0
310.18,7,0,2861,2,0,1,0.7214,0.1868,Card,0
811.85,8,0,1066,3,0,0,0.896,0.4515,UPI,0
592.67,1,1,2806,3,1,0,0.4017,0.4455,Card,1
1303.15,7,1,1647,1,0,0,0.8493,0.2311,Card,0
559.75,3,0,2207,3,0,0,0.7043,0.2695,Card,0
825.15,22,1,1007,3,0,0,0.8997,0.1128,Ecommerce,0
855.82,2,0,34,3,0,0,0.6758,0.0387,Ecommerce,0
507.19,8,0,672,0,0,0,0.714,0.2854,UPI,0
1825.02,21,0,1170,0,0,0,0.9117,0.5739,UPI,0
1408.54,22,0,1917,0,0,0,0.5024,0.411,Card,0
999.2,9,0,2987,3,0,0,0.825,0.0928,Card,0
697.86,11,0,624,1,0,0,0.7868,0.2611,UPI,0
2531.0,12,2,2526,3,0,0,0.4736,0.3463,Ecommerce,0
856.09,19,1,2624,3,0,0,0.7538,0.3737,NetBanking,0
794.7,18,0,2838,2,0,0,0.8715,0.5214,UPI,0
1224.06,12,1,2852,2,0,0,0.5996,0.4322,Card,0
6512.09,8,1,226,1,0,0,0.6879,0.2762,NetBanking,0
268.44,8,0,767,2,0,0,0.6068,0.4034,Ecommerce,0
2461.07,15,0,3293,1,0,0,0.6082,0.2158,Ecommerce,0
150.23,20,1,2215,4,0,0,0.7643,0.1996,UPI,0
1377.65,1,0,807,1,0,0,0.7048,0.2561,Wallet,0
5732.1,18,0,3486,2,1,0,0.6365,0.4538,Card,0
1831.89,11,0,1167,2,0,0,0.5338,0.4093,Card,0
1311.8,3,0,1015,1,0,0,0.7477,0.1236,UPI,0
608.82,2,1,2943,2,0,0,0.8527,0.1039,Card,0
1132.97,8,0,3362,2,0,0,0.9034,0.5084,UPI,0
841.62,5,0,1425,3,0,0,0.7103,0.2738,Card,0
480.45,2,0,2261,3,0,0,0.7291,0.5555,Ecommerce,0
808.86,7,1,2253,4,0,0,0.7059,0.2964,Card,0
1350.59,20,0,795,2,0,0,0.7131,0.1492,UPI,0
490.01,17,0,1936,1,0,0,0.5938,0.2015,UPI,0
470.32,5,0,201,3,0,0,0.8891,0.3364,NetBanking,0
262.89,16,2,3032,2,0,0,0.9103,0.5448,NetBanking,0
1652.86,10,0,2899,1,0,0,0.634,0.2285,Card,0
1944.17,17,0,552,1,0,0,0.6737,0.271,Ecommerce,0
1398.62,5,1,2133,1,0,0,0.5788,0.4341,UPI,0
3021.26,1,0,348,1,0,0,0.703,0.2241,UPI,0
1202.62,7,2,313,2,1,0,0.7148,0.2859,NetBanking,0
1655.09,23,0,2215,0,0,0,0.8809,0.1061,NetBanking,0
1508.74,13,1,2790,1,0,0,0.7129,0.3594,Card,0
996.14,1,1,2957,2,0,0,0.6601,0.2942,Card,0
628.06,23,1,1165,4,0,0,0.794,0.0432,UPI,0
11213.35,19,0,3231,3,1,0,0.5414,0.3181,Ecommerce,0
682.29,13,0,1892,1,0,1,0.8209,0.0263,Card,0
545.02,17,0,1403,1,0,0,0.8093,0.3167,NetBanking,1
1729.71,4,1,1211,5,0,0,0.8866,0.1599,Wallet,0
1428.6,14,0,2573,3,0,0,0.7608,0.3381,UPI,0
250.88,21,3,1301,3,0,0,0.3036,0.1428,UPI,0
3564.62,10,2,1372,0,0,1,0.9011,0.3106,UPI,0
993.36,0,1,1361,3,0,0,0.3609,0.4218,Wallet,0
341.56,18,1,1120,2,0,0,0.9454,0.1325,NetBanking,0
3820.83,17,0,1395,1,0,0,0.6558,0.3794,Ecommerce,0
2115.32,17,0,91,4,0,0,0.8963,0.2319,UPI,0
290.68,15,0,3061,2,0,0,0.8732,0.2021,NetBanking,0
7087.17,3,0,880,3,0,0,0.8944,0.5949,UPI,0
2190.18,2,0,1569,1,0,0,0.9191,0.4078,UPI,0
1084.96,19,1,601,2,0,0,0.8795,0.0681,Card,0
5823.93,20,0,1880,1,0,0,0.7404,0.3482,Wallet,0
1296.29,1,0,945,0,0,0,0.5929,0.2412,NetBanking,0
1064.77,13,0,599,3,0,0,0.3087,0.3929,Card,0
548.22,12,0,1015,2,0,0,0.7127,0.54,Wallet,0
2020.18,8,0,3167,5,0,0,0.9207,0.1305,Ecommerce,0
1808.83,15,0,3007,2,0,0,0.6681,0.7393,UPI,0
1113.67,21,0,2766,2,0,0,0.8317,0.2751,Card,0
478.43,19,1,717,1,0,0,0.6938,0.118,Card,0
1256.93,3,0,2276,2,0,0,0.8575,0.5571,Ecommerce,0
1019.14,11,2,2868,2,0,0,0.796,0.0039,UPI,0
270.39,22,1,2276,3,0,0,0.6432,0.3282,UPI,0
233.83,5,1,3008,2,0,0,0.6021,0.1414,NetBanking,0
1985.07,20,0,709,1,0,0,0.3731,0.0608,Wallet,0
71.38,11,0,1626,1,0,0,0.7483,0.3264,UPI,0
1360.6,12,1,1161,3,0,0,0.8611,0.4616,Card,0
663.82,6,0,2537,1,0,0,0.3512,0.2741,Card,0
4331.46,22,0,453,1,0,0,0.8544,0.008,Card,0
653.18,12,0,1119,1,1,0,0.7623,0.1689,UPI,0
2191.76,13,0,2460,1,0,0,0.6939,0.1371,Ecommerce,0
722.88,11,1,69,1,0,0,0.7663,0.4243,Wallet,0
1235.75,2,0,900,2,0,0,0.749,0.186,UPI,0
2377.2,18,0,2485,2,0,0,0.9005,0.0996,Card,0
674.73,7,2,843,1,0,0,0.8974,0.0719,UPI,0
3122.48,5,0,2125,3,0,1,0.583,0.3924,Ecommerce,0
386.3,18,2,1405,2,0,0,0.8405,0.1645,Card,0
1494.16,4,0,1618,2,0,0,0.4511,0.3227,NetBanking,0
2889.31,16,0,1257,0,0,0,0.9275,0.1508,Card,0
2193.03,11,0,3146,4,0,0,0.4336,0.1208,UPI,0
8203.1,19,0,2524,6,0,0,0.8261,0.2826,Card,0
491.96,1,1,2547,6,0,0,0.7985,0.1842,Card,0
257.73,18,1,2771,1,1,0,0.792,0.2902,Ecommerce,0
386.04,5,0,1493,1,0,0,0.5977,0.6096,UPI,0
2193.96,20,0,367,3,0,0,0.5251,0.2071,NetBanking,0
1849.77,8,0,193,0,0,0,0.4386,0.279,UPI,0
1220.93,0,1,1691,4,0,0,0.4392,0.0862,Card,0
337.27,11,0,3067,6,0,0,0.6707,0.1897,Card,0
2453.35,1,1,1693,4,0,0,0.5344,0.3147,NetBanking,0
303.1,6,0,3446,2,1,0,0.8968,0.1334,NetBanking,0
3702.99,17,1,1835,0,0,0,0.6839,0.1123,Ecommerce,0
22033.3,13,0,2223,3,1,0,0.5795,0.2939,UPI,0
1611.26,17,0,278,5,0,0,0.5424,0.5063,Card,0
2022.85,21,0,2690,1,0,0,0.6414,0.6037,Card,0
653.6,11,0,3112,1,0,0,0.6919,0.2847,UPI,0
163.9,13,1,1774,3,0,1,0.6612,0.4493,Card,0
582.39,1,1,3166,2,0,0,0.7672,0.0834,NetBanking,0
348.09,6,0,833,0,0,0,0.8229,0.2862,Ecommerce,0
240.0,17,0,1715,3,0,0,0.5582,0.007,Ecommerce,0
6690.73,1,0,3192,0,0,1,0.6832,0.3357,Card,0
1460.46,8,0,2115,0,0,0,0.4375,0.0999,Wallet,0
1633.81,3,2,2411,1,0,0,0.6963,0.484,UPI,0
792.76,20,0,1415,2,0,0,0.6127,0.6183,UPI,0
914.6,13,1,1923,1,0,0,0.7213,0.1744,Card,0
3019.29,15,1,1304,1,1,1,0.8205,0.487,UPI,0
1060.02,16,0,2389,2,0,0,0.7923,0.1054,Wallet,0
1914.53,5,0,201,0,1,0,0.9701,0.2411,UPI,0
892.65,1,1,1794,4,0,0,0.7628,0.2624,UPI,0
765.66,9,1,3254,2,0,1,0.7936,0.0447,UPI,0
250.32,4,0,210,1,0,0,0.8041,0.1683,UPI,0
137.46,7,0,1582,3,0,0,0.6509,0.3849,Ecommerce,0
833.27,7,0,2313,2,0,0,0.8974,0.3013,Ecommerce,0
1163.66,18,1,302,2,0,0,0.443,0.0893,Ecommerce,0
284.17,7,0,25,7,0,1,0.8009,0.1266,UPI,0
1057.65,3,0,583,2,0,0,0.5681,0.0953,UPI,0
1160.31,23,2,776,2,0,0,0.3689,0.2644,UPI,0
114.0,1,1,3076,1,0,0,0.4624,0.4548,Card,0
419.52,4,1,551,4,0,0,0.8842,0.1252,UPI,0
1681.81,8,0,2244,0,0,0,0.4582,0.1247,NetBanking,0
1646.51,1,1,1195,2,1,0,0.6643,0.4189,UPI,0
326.57,21,0,1877,2,0,0,0.6857,0.2223,UPI,0
1295.14,8,1,3179,1,0,0,0.542,0.1969,NetBanking,0
3208.4,18,0,3004,2,0,1,0.7381,0.1497,UPI,0
2479.78,3,0,285,1,0,0,0.8882,0.3291,UPI,0
992.23,12,0,318,4,0,0,0.9379,0.0933,Wallet,0
670.9,3,0,1255,5,0,0,0.5389,0.1428,UPI,0
566.34,5,0,2831,1,0,0,0.7091,0.2778,Card,0
1792.22,9,0,2660,2,0,0,0.7328,0.5587,Card,0
1345.96,20,1,2167,2,0,0,0.5574,0.2177,UPI,0
2123.61,7,0,3021,2,0,1,0.3562,0.183,Card,0
1259.5,18,0,643,2,0,0,0.5914,0.0826,NetBanking,0
2590.75,2,0,2578,0,0,1,0.8355,0.2988,UPI,0
1211.15,6,0,3392,2,0,1,0.4048,0.3543,Card,0
2499.69,14,0,3378,4,0,0,0.8482,0.2507,Ecommerce,0
2736.31,11,0,2491,1,0,0,0.8296,0.1611,UPI,0
471.18,12,0,2437,3,0,0,0.6744,0.4992,UPI,0
164.26,16,0,788,3,1,0,0.8177,0.224,Card,0
5545.09,1,0,2608,3,0,1,0.7717,0.0925,Card,0
1435.82,16,1,870,2,0,0,0.559,0.2731,Card,0
181.23,20,1,1481,1,0,0,0.7422,0.245,Wallet,0
518.27,18,0,415,2,0,0,0.6419,0.1582,UPI,0
2466.28,6,0,1062,0,0,0,0.802,0.5383,NetBanking,0
817.57,8,0,272,5,0,0,0.5201,0.1773,Wallet,0
640.56,23,0,1620,2,0,0,0.6001,0.1189,Card,0
4773.93,18,0,259,3,0,0,0.6713,0.3146,NetBanking,0
365.16,22,0,2689,2,0,0,0.7053,0.1412,NetBanking,0
474.35,21,0,2297,3,0,0,0.6309,0.1499,Ecommerce,0
1369.16,10,0,2278,1,1,0,0.423,0.0977,Card,0
1652.39,3,0,2463,2,0,1,0.6099,0.1967,Card,0
1846.71,5,0,2703,2,0,1,0.6741,0.3327,Wallet,0
2854.92,7,0,2367,2,0,0,0.7825,0.3513,Card,0
1350.87,20,0,2199,0,0,0,0.9244,0.0637,Card,0
1833.26,6,0,644,1,1,0,0.8752,0.1628,Ecommerce,0
835.33,8,0,2567,3,0,0,0.8245,0.0469,UPI,0
1171.26,20,0,1708,3,1,0,0.9257,0.2553,Card,0
1227.72,3,1,550,1,0,1,0.5216,0.6624,UPI,0
1374.51,15,0,1686,0,0,0,0.4962,0.2441,Ecommerce,0
2468.01,13,0,1137,3,0,1,0.8438,0.4933,Wallet,0
1964.32,23,0,702,0,1,0,0.7299,0.18,Ecommerce,1
1148.75,11,0,1967,0,0,0,0.3082,0.1846,Card,0
468.91,12,1,3132,2,1,0,0.7753,0.2115,Wallet,0
1177.39,20,0,64,1,0,0,0.4547,0.1317,Card,0
1064.84,23,1,478,2,1,0,0.6647,0.3578,Card,0
1343.24,17,0,3193,4,0,0,0.7149,0.0753,NetBanking,0
11123.9,16,0,2420,1,0,0,0.4309,0.5207,NetBanking,0
632.73,21,0,843,0,0,0,0.4958,0.1742,UPI,0
1708.56,23,1,1296,3,0,1,0.6542,0.329,NetBanking,0
3367.36,17,1,316,0,0,0,0.805,0.504,UPI,0
1215.49,7,1,2953,4,0,0,0.7001,0.4942,UPI,0
12768.51,15,2,2327,3,0,0,0.3455,0.3781,UPI,0
737.35,5,0,818,2,0,0,0.6621,0.33,Card,0
1541.16,12,0,683,3,0,0,0.5765,0.0699,NetBanking,0
474.02,10,0,2421,1,0,0,0.8963,0.4049,Ecommerce,0
758.16,23,0,1969,5,0,0,0.699,0.5784,Wallet,0
1424.22,13,0,2623,5,0,1,0.9668,0.3337,NetBanking,0
2666.76,23,1,876,3,0,0,0.6211,0.3807,NetBanking,0
1533.1,19,1,3480,3,0,0,0.7995,0.7618,Card,0
4113.67,20,1,586,3,0,0,0.7932,0.2865,Card,0
992.56,4,2,629,2,0,0,0.7554,0.2442,Card,0
773.73,18,0,2574,2,0,0,0.8842,0.2468,Card,0
18754.41,6,1,1979,3,0,0,0.803,0.2732,UPI,0
1658.97,13,1,1363,4,0,0,0.8056,0.3886,UPI,0
515.19,11,1,2579,2,0,0,0.7177,0.5735,UPI,0
529.02,6,2,2013,2,0,0,0.63,0.3333,Card,0
407.56,23,0,1414,3,0,1,0.693,0.3414,UPI,0
2931.88,21,0,761,2,0,0,0.8515,0.0885,Card,0
748.0,13,0,2512,2,1,0,0.6591,0.2476,NetBanking,0
1253.54,0,2,1936,4,1,1,0.6029,0.167,Card,1
1025.89,4,0,3130,3,0,0,0.7926,0.492,NetBanking,0
2363.9,5,0,1478,5,0,0,0.7672,0.0559,Ecommerce,0
450.75,23,1,934,2,0,0,0.6827,0.0362,UPI,0
354.48,9,0,185,1,0,0,0.7812,0.1675,NetBanking,0
1387.85,1,0,953,5,0,0,0.746,0.1589,Ecommerce,0
2061.13,14,0,2545,3,0,0,0.7911,0.2742,Card,0
1554.89,22,0,1009,2,1,0,0.4941,0.2777,Ecommerce,0
468.75,13,2,1936,1,1,0,0.6613,0.1927,UPI,0
2233.58,10,0,757,3,0,0,0.8013,0.2012,UPI,0
502.17,4,0,3246,5,0,0,0.6922,0.2986,Ecommerce,0
634.21,21,0,3157,3,1,0,0.7625,0.1858,UPI,0
407.01,2,0,2829,2,0,0,0.3556,0.1234,UPI,0
4299.34,22,0,2568,2,0,0,0.7874,0.6353,UPI,0
2132.59,5,0,2001,2,0,0,0.8546,0.3393,UPI,0
2069.87,3,1,35,0,0,0,0.7703,0.1862,Card,0
4062.57,8,1,157,3,0,0,0.8925,0.2797,NetBanking,0
21021.09,0,0,1555,5,0,0,0.5987,0.4711,UPI,0
182.24,0,0,2633,3,0,0,0.4805,0.2095,Card,0
505.07,4,0,461,4,1,0,0.5773,0.1587,Card,0
574.22,16,0,1924,3,0,0,0.9203,0.4585,Ecommerce,0
448.83,19,2,3341,2,0,0,0.8825,0.2322,Card,0
353.73,5,0,2923,1,0,0,0.936,0.3268,Card,0
800.6,15,0,1934,3,0,0,0.6301,0.3806,Ecommerce,0
305.69,8,1,2025,2,1,0,0.6237,0.3039,Wallet,0
1558.99,10,0,225,2,0,0,0.7926,0.4022,Card,0
1157.81,8,2,14,4,0,1,0.9406,0.149,Card,0
1817.25,21,0,1110,3,1,0,0.6823,0.241,Ecommerce,0
1868.92,12,0,2853,3,1,1,0.9212,0.447,UPI,0
2065.56,12,0,27,2,1,1,0.6469,0.0873,NetBanking,0
740.94,20,0,2798,3,0,0,0.7167,0.2372,Ecommerce,0
10170.03,15,1,906,1,0,0,0.8079,0.2251,Wallet,0
1402.7,3,1,354,2,0,0,0.5811,0.6212,Ecommerce,0
155.15,4,1,341,3,0,0,0.8327,0.0421,UPI,0
382.8,8,0,2395,2,0,0,0.8411,0.1039,UPI,0
176.35,2,0,163,4,0,0,0.6569,0.1328,NetBanking,0
1116.78,16,1,1844,0,0,0,0.8336,0.3304,UPI,0
964.98,11,0,3272,2,0,0,0.7039,0.1205,NetBanking,0
670.59,1,1,2067,4,1,0,0.9071,0.1619,Ecommerce,0
9058.62,9,0,1174,1,0,0,0.7839,0.0047,Card,0
1951.65,19,0,3113,2,0,0,0.7565,0.1239,Wallet,0
2350.55,21,0,261,2,0,0,0.4699,0.065,UPI,0
412.56,23,0,878,3,0,0,0.4974,0.3154,Card,0
384.1,22,0,605,4,0,0,0.7664,0.089,Card,0
1139.84,14,0,52,2,0,0,0.7925,0.2588,UPI,0
1315.09,22,0,3341,0,0,0,0.6403,0.5537,Card,0
156.16,22,0,735,5,0,0,0.8601,0.2966,NetBanking,0
907.49,15,0,263,1,0,0,0.9372,0.0446,Ecommerce,0
1112.96,9,0,3203,2,0,0,0.7019,0.2937,Card,0
874.89,23,0,3367,0,1,0,0.6402,0.2642,Card,0
466.82,9,1,745,1,0,0,0.928,0.1703,Ecommerce,0
622.34,3,0,1410,4,1,1,0.6185,0.1442,NetBanking,0
910.78,2,1,2363,3,0,0,0.4028,0.1499,NetBanking,0
1206.33,13,0,1499,0,0,0,0.7996,0.2413,Card,0
2069.44,0,0,2765,2,0,0,0.918,0.4224,UPI,0
3411.47,2,0,875,3,0,0,0.81,0.31,Card,0
805.07,5,0,2847,4,0,1,0.8372,0.1547,UPI,0
679.28,12,1,1958,1,0,1,0.945,0.1718,UPI,0
1736.35,11,0,43,0,0,0,0.847,0.0494,Card,0
2082.63,12,0,2174,2,0,0,0.8722,0.4542,Card,0
695.12,12,0,39,0,0,0,0.7614,0.0649,Card,0
2514.71,23,1,2962,0,1,0,0.786,0.3049,Ecommerce,0
3067.34,5,1,3461,5,0,0,0.4527,0.0068,UPI,0
4256.79,11,0,545,4,0,0,0.8358,0.3602,UPI,0
7095.65,14,0,1849,3,0,0,0.5218,0.0673,Card,0
441.54,6,1,1183,5,0,0,0.8229,0.2721,NetBanking,0
1112.75,4,0,229,1,0,0,0.4376,0.2579,NetBanking,0
1109.7,1,0,2374,1,0,0,0.934,0.1625,Ecommerce,0
989.32,7,0,100,3,0,0,0.9257,0.2102,Card,0
554.61,6,0,90,3,0,0,0.8852,0.215,UPI,0
230.48,4,1,2839,0,1,0,0.9091,0.242,Wallet,0
1208.72,6,0,992,2,0,0,0.6568,0.16,Card,0
489.42,16,0,3168,1,0,0,0.7842,0.0307,Ecommerce,0
1200.26,19,0,2082,2,0,0,0.7451,0.5099,Card,0
476.4,12,0,1839,0,0,0,0.7735,0.1451,Ecommerce,0
345.63,1,1,1436,2,0,0,0.7691,0.0315,UPI,0
1402.5,17,0,1305,0,0,1,0.9386,0.2046,UPI,0
1284.94,3,0,792,2,1,0,0.7196,0.6925,Ecommerce,0
2014.74,1,0,2460,4,0,0,0.4225,0.0824,UPI,0
10885.17,13,1,2124,2,0,0,0.922,0.2782,Card,0
1467.26,10,1,85,1,0,0,0.8278,0.1475,Card,0
1825.0,7,0,1137,5,0,0,0.5668,0.0797,Card,0
353.74,23,1,3146,2,0,0,0.7415,0.4182,UPI,0
283.94,2,1,1727,1,0,0,0.6782,0.0993,NetBanking,0
5778.91,1,0,901,2,0,1,0.5498,0.3738,UPI,0
415.86,14,1,808,5,0,0,0.8045,0.092,UPI,0
366.45,10,2,673,1,0,1,0.2005,0.412,NetBanking,0
1052.52,19,0,3014,4,0,0,0.757,0.2443,Wallet,0
997.55,0,1,1092,1,1,0,0.9823,0.164,NetBanking,0
425.12,10,1,1046,4,0,0,0.6979,0.3502,Card,0
796.14,3,0,229,5,0,0,0.6222,0.2279,UPI,0
3987.2,0,0,3114,2,0,0,0.7506,0.2132,UPI,0
470.46,11,1,1367,2,1,0,0.4861,0.1241,UPI,0
253.82,17,0,2469,6,0,0,0.7372,0.3738,UPI,0
2950.48,3,0,2503,2,1,0,0.5724,0.2668,UPI,0
1838.88,20,0,1229,2,0,1,0.877,0.047,Card,0
571.61,12,0,1747,1,0,0,0.8677,0.3838,NetBanking,0
208.25,11,0,360,0,0,0,0.6209,0.0827,Card,0
501.77,22,0,2340,0,0,0,0.6713,0.1437,NetBanking,0
1035.42,7,0,2360,1,1,0,0.7064,0.2905,UPI,0
3729.22,4,0,753,5,0,0,0.5901,0.3957,Wallet,0
369.29,18,0,689,2,1,0,0.3432,0.2462,Wallet,0
1003.5,2,0,1396,0,0,0,0.5309,0.1828,Ecommerce,0
2228.09,20,0,2425,1,0,0,0.6026,0.2979,Card,0
89.99,19,1,1821,1,0,0,0.657,0.3475,Ecommerce,0
3246.96,23,0,222,0,0,0,0.8951,0.0872,UPI,0
316.85,11,1,2006,2,0,0,0.7556,0.2122,Ecommerce,0
1554.01,14,1,2476,2,0,0,0.7199,0.4075,Card,0
1420.86,21,0,658,3,0,0,0.967,0.1049,UPI,0
3424.86,3,0,1560,3,0,0,0.9587,0.0858,Card,0
1955.64,7,0,2828,5,0,0,0.6805,0.1399,Ecommerce,0
90.36,11,0,1141,4,0,0,0.6438,0.1946,UPI,0
481.06,15,0,322,2,0,0,0.3914,0.2742,UPI,0
1267.9,16,0,3239,3,0,0,0.6097,0.1016,Card,0
893.61,22,0,350,3,0,0,0.7329,0.4142,UPI,0
1810.74,11,1,221,2,0,0,0.7481,0.3876,NetBanking,0
2512.0,4,1,879,3,0,0,0.5569,0.1323,NetBanking,0
2077.4,4,0,2631,2,0,0,0.7824,0.3874,Card,0
875.69,19,0,2292,2,0,0,0.718,0.2069,NetBanking,0
157.8,11,0,828,1,0,0,0.9522,0.1801,UPI,0
679.76,15,1,276,3,0,0,0.6264,0.4155,UPI,0
1697.97,13,0,3340,4,0,0,0.8617,0.3049,Card,0
348.99,19,1,33,3,0,0,0.7262,0.3113,Ecommerce,0
2127.79,5,0,3236,3,0,0,0.3807,0.2707,Wallet,0
2846.41,4,1,1656,5,0,0,0.5865,0.3659,UPI,0
1252.89,17,0,685,2,0,0,0.859,0.3257,UPI,0
43.95,10,1,1217,2,1,1,0.5554,0.0558,Card,0
286.58,19,0,1091,0,0,0,0.9306,0.524,Card,0
7946.59,3,0,554,4,0,0,0.7813,0.2039,Card,0
617.78,6,1,1515,0,0,0,0.638,0.1445,Ecommerce,0
136.54,23,0,2298,0,0,0,0.8411,0.3209,Card,0
4011.86,20,0,1657,2,1,0,0.6097,0.1268,UPI,0
1112.12,1,0,2247,1,0,1,0.8883,0.6316,Card,1
3498.84,19,0,3395,1,0,0,0.7304,0.1417,UPI,0
1466.75,1,0,432,4,1,0,0.777,0.284,UPI,0
1774.88,2,0,2587,2,0,1,0.903,0.2431,UPI,0
1605.45,21,0,809,0,0,0,0.3941,0.1419,NetBanking,0
2280.99,3,0,73,2,0,0,0.8862,0.26,Ecommerce,0
11983.69,7,0,1281,3,1,0,0.7408,0.4251,UPI,0
3039.83,3,0,1381,2,0,0,0.5573,0.282,Ecommerce,0
208.65,14,0,3465,3,0,0,0.6569,0.2022,UPI,0
1752.84,1,0,1209,3,0,0,0.9117,0.0351,Card,0
3635.69,6,0,2691,1,0,0,0.8635,0.4104,Wallet,0
3877.07,7,1,3273,3,0,0,0.7107,0.4255,Card,0
700.69,15,0,1184,0,0,0,0.7904,0.0876,Card,0
3726.38,11,0,632,2,0,0,0.6553,0.1785,Card,0
2904.83,4,0,3379,0,0,0,0.9605,0.181,Wallet,0
16336.27,11,0,1607,4,0,0,0.9758,0.398,Ecommerce,0
498.95,11,1,1596,0,0,0,0.5656,0.5807,UPI,0
643.7,8,0,2552,1,0,1,0.6777,0.1808,NetBanking,0
795.19,12,0,1335,2,0,1,0.9303,0.3614,Card,0
655.41,7,0,1898,2,1,1,0.881,0.2362,UPI,0
430.73,8,0,3305,2,0,0,0.8098,0.2737,Wallet,0
60.29,18,2,176,0,1,1,0.9147,0.2753,Wallet,1
694.76,6,0,2578,3,0,0,0.6268,0.1394,UPI,0
1616.19,7,0,1393,3,0,0,0.8598,0.0988,Card,0
653.35,3,0,1920,2,0,0,0.6925,0.2056,UPI,0
8367.83,16,0,3186,3,0,0,0.9012,0.1168,Ecommerce,0
1112.14,16,0,2105,0,0,0,0.4297,0.1516,Ecommerce,0
4253.85,16,1,1470,2,0,1,0.6127,0.703,Wallet,0
1443.02,4,1,3405,5,0,0,0.6433,0.0317,Card,0
2611.62,10,0,2121,2,0,0,0.6361,0.2333,Card,0
1470.27,7,0,541,2,0,0,0.9093,0.2108,Ecommerce,0
4615.72,18,0,317,1,0,0,0.2665,0.0484,UPI,0
1162.97,8,1,1219,4,0,0,0.8504,0.2495,Card,0
1846.28,9,1,2515,1,0,0,0.817,0.2416,Ecommerce,0
1611.06,10,0,1477,1,0,0,0.9111,0.1028,Ecommerce,0
810.22,18,1,596,1,0,1,0.8569,0.1079,UPI,0
1677.79,16,1,3446,0,0,0,0.8689,0.1528,UPI,0
11454.13,19,0,698,2,0,1,0.8382,0.6089,UPI,0
825.58,10,0,301,4,0,0,0.6516,0.1629,Card,0
1703.5,19,0,1338,1,0,0,0.6698,0.5655,Card,0
4107.9,20,1,396,1,0,0,0.7003,0.2043,UPI,0
3631.01,12,0,2075,1,0,0,0.855,0.2489,UPI,0
1110.21,16,0,1527,3,1,1,0.8376,0.305,UPI,0
89.79,21,0,3243,5,0,0,0.7835,0.0505,Ecommerce,0
1886.61,20,1,598,5,0,0,0.4294,0.2977,Wallet,0
106.65,6,1,945,1,0,0,0.8063,0.1343,UPI,0
5132.94,17,0,2399,2,0,0,0.6035,0.2922,UPI,0
1310.22,10,0,2444,2,0,0,0.5668,0.1882,NetBanking,0
3132.72,3,0,1266,1,0,0,0.783,0.2578,Card,0
425.3,8,0,3226,1,1,0,0.5856,0.421,UPI,0
214.83,23,1,2962,1,0,1,0.6676,0.3386,Card,0
1442.01,22,1,2143,2,0,0,0.4643,0.0581,UPI,0
1058.61,18,0,2621,0,0,0,0.7128,0.4186,UPI,0
654.51,23,0,1878,3,0,0,0.639,0.1743,NetBanking,0
1198.58,13,0,1651,4,0,0,0.7767,0.0491,Card,0
20046.46,18,0,1912,3,0,0,0.6254,0.0901,Card,0
2633.98,3,2,2958,1,0,0,0.6175,0.2459,NetBanking,0
3300.98,7,0,63,1,0,0,0.8051,0.0933,UPI,0
2660.14,4,0,359,0,0,1,0.5004,0.4149,Wallet,0
5184.53,22,0,1664,0,0,0,0.7819,0.2622,UPI,0
898.23,14,0,2036,0,0,0,0.9145,0.2063,NetBanking,0
126.79,22,0,634,0,0,0,0.8131,0.3868,UPI,0
899.63,9,1,2120,3,0,0,0.7136,0.2715,UPI,0
2571.7,9,0,92,3,0,0,0.7957,0.2853,UPI,0
396.12,16,1,866,0,0,0,0.684,0.127,UPI,0
911.25,13,0,1613,1,0,0,0.6742,0.1689,UPI,0
530.41,8,1,180,0,0,0,0.5567,0.147,UPI,0
5308.85,7,0,2220,1,0,0,0.6361,0.1306,NetBanking,0
2408.91,12,0,1876,0,0,0,0.9466,0.2503,Wallet,0
2173.55,1,1,1981,2,0,0,0.517,0.1187,UPI,0
2106.29,4,0,1801,2,0,1,0.595,0.1329,UPI,0
1054.57,1,0,2422,0,0,1,0.6941,0.0758,Ecommerce,0
1349.43,3,0,2290,1,0,0,0.4719,0.2197,UPI,0
315.94,4,0,2312,2,0,1,0.852,0.4432,UPI,0
110.41,1,0,750,1,1,0,0.7063,0.4018,Card,0
1283.81,1,1,2407,2,0,0,0.7734,0.1966,UPI,0
1541.0,19,3,634,3,0,0,0.9251,0.2777,UPI,0
3903.89,4,0,81,0,1,0,0.7237,0.3591,Card,0
5709.59,13,1,3422,1,1,0,0.6738,0.0507,UPI,0
5701.58,2,0,631,2,0,0,0.1526,0.2699,Ecommerce,0
384.55,22,0,404,0,0,0,0.6927,0.1784,Card,0
757.57,5,0,1065,1,0,0,0.7289,0.2364,UPI,0
1815.93,17,0,3497,3,0,0,0.725,0.3634,UPI,0
15654.28,15,1,3025,2,0,0,0.8766,0.1875,Card,0
5188.0,18,0,2521,2,0,0,0.5496,0.5028,NetBanking,0
3552.36,15,0,664,1,0,0,0.711,0.2106,UPI,0
729.84,12,1,2205,1,0,0,0.7805,0.1032,UPI,0
433.82,18,0,2916,3,0,0,0.8173,0.0298,Ecommerce,0
2510.79,19,1,1193,5,0,0,0.3195,0.1158,Wallet,0
345.26,9,0,912,1,0,0,0.7232,0.1084,UPI,0
853.75,22,0,3038,0,1,0,0.6979,0.2198,Card,0
972.12,23,0,466,6,0,0,0.3425,0.2259,UPI,0
5840.42,17,1,3185,2,0,0,0.4908,0.1331,UPI,0
755.64,22,1,1680,4,0,0,0.671,0.3295,Card,0
84.67,2,0,2528,3,0,0,0.6258,0.3843,Card,0
1862.48,12,0,1306,2,0,0,0.7347,0.1296,Card,0
526.38,15,0,2486,3,0,0,0.5075,0.2105,Card,0
1146.84,22,0,3237,5,0,0,0.7168,0.1484,Ecommerce,0
1001.21,2,1,1729,2,0,1,0.4451,0.3327,UPI,0
822.72,19,1,748,0,0,0,0.8742,0.2471,Ecommerce,0
2514.57,1,0,278,2,0,0,0.8186,0.0702,NetBanking,0
219.31,8,0,3240,1,0,0,0.5806,0.4637,Wallet,0
637.23,16,0,3496,0,0,0,0.8093,0.2205,Ecommerce,0
2249.0,6,1,2281,4,0,0,0.7193,0.0283,NetBanking,0
575.48,20,1,61,4,0,0,0.7992,0.2239,Card,0
202.5,22,0,3098,1,0,0,0.9342,0.6956,UPI,0
2212.73,3,0,1737,2,0,1,0.8226,0.0524,UPI,0
3566.18,6,0,823,3,0,0,0.5803,0.0557,Wallet,0
1046.03,1,1,1289,2,0,0,0.7334,0.1161,Card,0
139.93,17,0,3296,1,0,0,0.9054,0.1447,NetBanking,0
2301.39,21,1,2718,2,0,0,0.8287,0.5131,UPI,0
191.93,14,0,2092,2,0,0,0.5565,0.2048,NetBanking,0
1516.62,3,0,2577,1,0,0,0.8253,0.3019,UPI,0
431.89,4,0,2967,1,0,0,0.3252,0.3119,Wallet,0
324.46,0,1,2200,2,0,0,0.7531,0.252,Wallet,0
689.52,11,0,1103,2,0,0,0.5539,0.3907,UPI,0
904.64,17,1,268,2,0,0,0.7498,0.0143,Card,0
557.57,3,0,437,1,1,0,0.5227,0.3337,Card,0
2034.77,20,1,834,3,0,1,0.7042,0.1182,Wallet,0
686.51,6,0,2691,0,0,0,0.6931,0.0697,UPI,0
3069.29,12,1,335,2,0,0,0.6908,0.3903,UPI,0
1473.26,16,1,450,6,0,0,0.8525,0.4692,UPI,0
527.19,12,0,3426,2,0,0,0.616,0.1277,Ecommerce,0
441.76,11,0,1405,4,0,0,0.5839,0.3238,UPI,0
194.44,8,0,453,2,0,0,0.827,0.2707,Card,0
1488.12,10,1,3054,4,0,0,0.4772,0.2183,NetBanking,0
755.73,5,0,3385,3,0,0,0.3345,0.2706,UPI,0
90.85,7,0,1767,0,0,0,0.5242,0.2775,UPI,0
624.84,18,0,400,0,0,0,0.8548,0.2473,Card,0
425.78,21,0,2199,1,0,0,0.6141,0.2497,UPI,0
5735.68,20,0,3018,5,0,0,0.8224,0.0237,Ecommerce,0
183.48,7,0,3379,1,1,0,0.8704,0.3594,Ecommerce,0
241.43,7,2,2014,2,0,0,0.9033,0.1356,Ecommerce,0
3517.37,1,1,3305,3,0,0,0.6508,0.3396,Wallet,0
4557.83,6,0,2912,2,0,0,0.3726,0.3776,NetBanking,0
501.58,14,0,570,3,0,0,0.7691,0.3416,Ecommerce,0
564.71,6,1,2221,3,0,0,0.9178,0.2166,Ecommerce,0
2094.45,17,0,2332,1,0,0,0.7366,0.1859,Card,0
95.25,1,1,2692,3,0,0,0.8783,0.2646,Ecommerce,0
155.36,9,1,1862,2,0,0,0.4403,0.4118,Card,0
816.67,6,1,2559,2,0,0,0.8881,0.4545,Card,0
5582.46,11,0,2048,2,0,0,0.8158,0.1388,NetBanking,0
694.01,0,1,915,5,0,0,0.6044,0.3161,Card,0
1219.24,10,1,1697,4,0,0,0.4348,0.3389,Ecommerce,0
3606.45,18,0,3273,3,0,1,0.8487,0.1807,Ecommerce,0
10018.9,20,0,2950,2,0,0,0.694,0.3089,UPI,0
598.43,6,0,2255,2,0,0,0.5303,0.3177,Card,0
1077.42,10,2,1131,4,0,0,0.5107,0.1887,UPI,0
7429.09,16,0,712,3,0,0,0.5344,0.3303,Card,0
221.78,11,0,1004,4,0,0,0.8726,0.2825,UPI,0
3225.88,13,1,1076,3,0,0,0.4897,0.0919,UPI,0
376.44,8,1,3366,5,0,0,0.4571,0.4601,UPI,0
1221.21,20,0,1868,2,0,0,0.6476,0.2405,Card,0
850.01,15,0,1372,2,0,0,0.7479,0.119,UPI,0
401.05,23,0,3087,2,0,0,0.7293,0.1685,UPI,0
390.62,18,0,1295,2,0,0,0.8986,0.381,NetBanking,0
1465.92,8,0,2790,2,0,1,0.7972,0.2957,Card,0
3119.15,7,1,2247,0,0,0,0.5423,0.2806,UPI,0
956.97,2,1,1062,2,1,0,0.8215,0.2451,Card,0
1180.41,14,0,3363,1,1,0,0.476,0.3772,Card,0
1997.66,17,0,2411,1,0,0,0.195,0.4607,UPI,0
395.36,8,0,3463,1,0,0,0.5322,0.4136,UPI,0
2384.34,0,0,12,2,0,0,0.797,0.3452,NetBanking,0
2592.32,19,0,987,3,1,0,0.9281,0.2436,Wallet,0
16878.7,5,0,1168,4,0,0,0.9164,0.3414,Card,0
738.85,13,1,2362,4,0,0,0.9276,0.1365,NetBanking,0
677.91,1,0,2939,1,0,0,0.9575,0.3771,Card,0
2458.76,1,1,431,4,0,0,0.7517,0.3162,UPI,0
2591.67,21,1,535,2,0,0,0.8265,0.1079,Ecommerce,0
625.25,16,0,2364,0,0,0,0.9684,0.245,Card,0
718.15,0,0,1241,0,1,0,0.8227,0.3197,UPI,0
1935.63,2,0,2447,3,0,0,0.5204,0.1056,Ecommerce,0
459.91,11,0,10,0,0,0,0.5258,0.0572,UPI,0
712.61,16,0,1835,0,0,0,0.5436,0.2923,UPI,0
1204.8,10,0,87,4,0,0,0.6486,0.1325,NetBanking,0
3120.46,20,0,3330,1,0,0,0.846,0.3589,UPI,0
581.24,15,0,517,2,0,0,0.3708,0.4305,UPI,0
158.46,14,0,628,0,0,0,0.9329,0.0932,Card,0
146.58,6,0,362,3,0,0,0.9203,0.1433,NetBanking,0
292.25,16,0,777,3,1,0,0.5107,0.5305,Card,0
276.21,20,0,1717,3,0,0,0.9024,0.0855,UPI,0
932.3,1,0,2164,1,0,0,0.4858,0.0787,Ecommerce,0
314.72,17,0,3150,6,0,0,0.66,0.1705,Wallet,0
524.32,21,0,3073,3,0,0,0.6577,0.1092,Card,0
486.49,10,1,302,4,0,0,0.7468,0.2296,Ecommerce,0
690.54,18,0,1500,0,0,0,0.6873,0.2952,UPI,0
4396.79,8,0,3045,3,0,0,0.7541,0.2342,UPI,0
2197.43,4,0,585,3,0,0,0.9523,0.1464,NetBanking,0
1115.36,19,0,2340,1,0,0,0.8523,0.3404,UPI,0
675.82,7,1,1497,1,0,0,0.8097,0.3666,UPI,0
695.83,18,2,596,4,0,0,0.5312,0.123,Card,0
1547.09,7,0,222,4,1,0,0.8917,0.2214,UPI,0
2025.11,9,0,1019,3,1,1,0.7195,0.4643,UPI,1
422.84,16,1,10,2,0,0,0.8721,0.1593,UPI,0
1139.45,8,0,685,1,0,0,0.7028,0.5738,UPI,0
129.9,19,0,1923,0,0,0,0.6102,0.0185,Card,0
1369.63,0,0,2764,1,0,0,0.7764,0.3297,NetBanking,0
2441.23,0,0,1772,3,0,0,0.9017,0.2363,UPI,0
817.24,1,1,2539,0,0,0,0.859,0.0487,Card,0
7386.09,6,1,265,1,1,1,0.7541,0.4522,UPI,0
434.72,1,0,1070,2,0,0,0.2779,0.1204,UPI,0
1377.9,9,0,2307,4,0,0,0.955,0.1745,Wallet,0
1056.15,0,0,196,2,0,0,0.9302,0.366,Card,0
987.02,18,0,2046,0,0,0,0.7912,0.3874,UPI,0
972.59,3,0,596,2,0,0,0.5913,0.3794,UPI,0
1227.16,23,0,1472,1,0,0,0.8129,0.3646,Ecommerce,0
2671.4,20,1,2207,3,0,0,0.5246,0.2362,UPI,0
4659.31,16,1,3452,2,0,0,0.6404,0.183,UPI,0
1094.05,19,0,322,1,0,0,0.5361,0.0524,Card,0
2581.39,18,1,1929,1,0,0,0.9142,0.1399,Ecommerce,0
524.87,20,1,1880,0,0,0,0.6808,0.0185,Card,0
2451.0,13,0,228,3,0,0,0.555,0.5386,UPI,0
492.7,14,1,2147,1,0,0,0.6885,0.4266,NetBanking,0
3446.77,11,0,270,3,0,0,0.9004,0.1393,NetBanking,0
11172.08,14,0,2409,2,1,0,0.462,0.1847,UPI,0
964.69,9,0,732,2,0,0,0.7481,0.0378,UPI,0
109.71,2,0,444,3,0,0,0.6013,0.1472,UPI,0
616.79,22,0,257,1,0,0,0.5283,0.1067,Card,0
3997.68,16,0,1612,2,0,1,0.6101,0.2323,Ecommerce,0
1960.06,16,1,831,3,0,1,0.8234,0.3531,Card,0
1424.19,6,0,1625,3,0,0,0.6951,0.1543,Wallet,0
3162.45,18,0,3135,4,0,0,0.9765,0.2425,NetBanking,0
1823.8,12,1,2924,3,0,0,0.7193,0.1467,Ecommerce,0
3938.72,1,0,2628,3,0,0,0.7566,0.1297,Ecommerce,0
2879.57,22,1,1644,1,0,0,0.7588,0.2412,UPI,0
5419.64,23,1,399,1,0,0,0.8371,0.1631,UPI,0
1598.36,20,0,1427,1,0,0,0.853,0.3031,UPI,0
2837.06,11,0,83,3,0,0,0.6601,0.1074,UPI,0
794.34,5,0,438,6,0,0,0.7845,0.1545,UPI,0
583.16,0,0,1060,3,0,0,0.6256,0.1499,UPI,0
6582.08,17,0,2432,3,0,1,0.6634,0.0705,Ecommerce,0
1376.11,21,0,2760,1,0,0,0.7764,0.6158,NetBanking,0
2553.26,2,0,2171,3,0,1,0.5485,0.3341,UPI,0
1248.79,16,0,907,2,0,0,0.826,0.2028,UPI,0
592.39,0,0,2511,1,1,0,0.8801,0.2509,UPI,0
1109.35,18,1,3487,2,1,0,0.7818,0.2195,NetBanking,0
4953.22,0,0,2299,2,1,0,0.8314,0.1486,NetBanking,0
1964.52,23,1,2667,4,0,0,0.5939,0.1479,UPI,0
181.81,4,0,3064,3,0,0,0.7319,0.2526,Card,0
874.8,9,0,2506,6,0,0,0.6584,0.2452,UPI,0
7125.31,16,1,3071,0,0,0,0.6268,0.2817,Card,0
876.13,20,0,1041,4,0,0,0.9114,0.292,NetBanking,0
165.59,8,0,1081,3,0,1,0.5692,0.1479,NetBanking,0
8004.04,23,1,616,6,0,0,0.514,0.5979,UPI,0
2245.12,0,1,644,2,0,0,0.5691,0.5367,NetBanking,0
1018.91,11,0,1937,3,1,0,0.8762,0.1237,Card,0
742.49,23,0,3243,1,0,1,0.8423,0.3902,Card,0
3416.83,6,1,781,3,0,0,0.7848,0.3327,NetBanking,0
620.74,12,0,2497,5,0,1,0.6663,0.2624,Card,0
3661.65,10,1,278,2,0,0,0.841,0.1746,UPI,0
1937.79,9,0,3398,1,0,0,0.5463,0.4967,UPI,0
1417.88,18,0,1843,4,0,0,0.9041,0.1911,Card,0
1277.67,12,0,1742,1,0,0,0.744,0.6863,Ecommerce,0
912.59,17,0,1263,5,0,0,0.5089,0.3511,Card,0
3287.63,12,0,3368,1,0,0,0.847,0.1019,Card,0
442.04,23,0,1472,2,0,1,0.9214,0.527,Wallet,0
199.73,11,1,435,1,0,0,0.8089,0.5117,Wallet,0
2090.51,19,0,1976,2,1,0,0.8339,0.1014,UPI,0
2127.71,14,0,2069,2,0,0,0.726,0.1551,Card,0
1815.75,19,0,2612,1,0,0,0.8122,0.432,NetBanking,0
1682.63,21,0,1742,3,0,1,0.7149,0.0736,Ecommerce,0
783.23,5,0,985,2,0,0,0.9252,0.1831,NetBanking,0
2507.04,7,1,16,3,0,0,0.883,0.2536,NetBanking,0
1045.41,7,0,3452,3,0,0,0.7477,0.423,UPI,0
657.56,11,0,680,2,0,0,0.836,0.2993,Card,0
790.38,11,0,1233,1,1,0,0.7468,0.2824,Ecommerce,0
9151.49,0,0,543,3,0,0,0.7723,0.2477,Wallet,0
177.38,21,2,829,3,0,0,0.5627,0.3969,Card,0
1853.4,20,0,219,0,0,0,0.7015,0.2237,Ecommerce,0
188.09,14,0,1195,4,0,0,0.8849,0.1776,Ecommerce,0
978.83,7,0,3318,5,0,0,0.7428,0.1964,Card,0
695.54,19,0,788,1,0,0,0.9128,0.3468,Card,0
122.82,6,1,3379,3,0,0,0.7936,0.176,Card,0
1649.93,7,0,2221,4,0,0,0.765,0.1752,Card,0
735.8,23,0,3121,2,0,0,0.6433,0.1012,Card,0
121.01,22,0,2174,2,0,0,0.6502,0.1822,Wallet,0
2647.96,14,2,3461,2,0,0,0.4755,0.4824,NetBanking,0
4948.09,4,1,1933,4,0,0,0.913,0.2505,Card,0
5242.9,2,0,2908,2,0,1,0.8905,0.0229,UPI,0
1598.63,23,0,136,5,0,1,0.5483,0.0269,Card,0
1150.97,6,0,3263,3,0,0,0.6548,0.1785,NetBanking,0
4422.96,16,0,70,2,0,0,0.7184,0.0825,Card,0
6415.7,8,0,697,1,0,0,0.8771,0.4086,Card,1
3605.61,11,1,2586,2,1,0,0.6942,0.1061,Wallet,0
408.05,23,3,904,1,0,0,0.7717,0.1539,Card,0
1354.8,14,0,153,5,0,1,0.4346,0.2723,Card,1
1739.74,10,0,3018,3,0,0,0.7629,0.5296,Card,0
164.01,9,0,1797,0,0,0,0.5732,0.0722,UPI,0
1795.12,5,0,1681,1,0,0,0.8795,0.1879,Wallet,0
11927.97,13,1,1111,3,0,0,0.8609,0.0783,NetBanking,0
2147.23,13,0,2511,3,0,0,0.638,0.1764,Ecommerce,0
5151.71,2,1,1105,3,0,0,0.7957,0.11,UPI,0
1328.84,9,1,1969,4,0,0,0.866,0.3265,NetBanking,0
1015.48,15,0,462,2,0,1,0.7199,0.1697,UPI,0
1636.53,1,0,1074,1,0,0,0.9393,0.3744,Card,0
465.63,23,0,104,2,0,0,0.671,0.1808,Ecommerce,0
398.63,20,0,1001,5,0,0,0.6247,0.1856,Card,0
4144.84,15,2,1337,1,0,0,0.9638,0.1291,UPI,0
4633.0,0,0,2620,1,0,0,0.9767,0.4709,Wallet,0
387.35,12,0,2879,1,0,0,0.9622,0.6978,Ecommerce,0
3030.24,21,0,1865,0,0,0,0.6481,0.119,UPI,0
1000.94,0,0,3240,6,0,0,0.3095,0.358,UPI,0
1566.81,19,0,1262,0,0,0,0.6642,0.3037,UPI,0
1777.97,20,0,1733,1,0,0,0.7086,0.2195,UPI,0
3115.26,1,0,2162,3,0,0,0.7488,0.4316,UPI,0
1196.14,5,0,625,5,0,0,0.8495,0.0947,Card,0
4820.68,17,1,1473,2,0,0,0.9052,0.148,UPI,0
1517.6,21,0,3150,1,0,0,0.9115,0.1959,UPI,0
2112.01,18,0,1666,3,1,0,0.7041,0.4926,Ecommerce,0
457.18,12,0,3259,1,0,0,0.8745,0.2068,UPI,0
10578.64,14,1,2374,3,0,1,0.8914,0.4754,UPI,0
1796.0,12,1,600,3,0,0,0.4584,0.3155,Ecommerce,0
2318.43,13,0,1606,1,0,0,0.7578,0.1942,Card,0
202.63,18,0,1286,2,0,0,0.4586,0.0768,UPI,0
462.28,1,0,3325,5,0,0,0.5528,0.0118,UPI,0
4022.98,5,0,1180,1,0,0,0.8002,0.4307,NetBanking,0
1482.13,1,0,1701,2,0,0,0.8107,0.1251,Card,0
147.01,19,0,2418,0,0,1,0.9184,0.5478,UPI,0
3262.35,17,0,3366,2,0,1,0.8174,0.335,Ecommerce,0
619.57,1,0,1914,1,0,0,0.1945,0.2517,UPI,0
4826.53,2,0,2967,6,0,0,0.7417,0.362,UPI,0
1000.02,6,0,415,1,0,0,0.6205,0.2415,Wallet,0
1359.59,5,1,3119,1,0,1,0.8024,0.1273,UPI,0
3781.6,12,0,731,2,0,1,0.7644,0.4383,Card,0
427.36,11,0,2673,1,0,0,0.6604,0.4538,Card,0
386.65,8,0,1872,0,0,0,0.7943,0.0422,UPI,0
892.19,3,0,2118,2,0,0,0.4814,0.3671,Card,0
2613.72,15,0,330,2,0,0,0.7182,0.3487,UPI,0
271.12,18,2,1867,4,0,0,0.7749,0.1569,UPI,0
190.29,15,1,308,3,0,0,0.9135,0.1879,Wallet,0
2604.27,19,1,1933,3,0,0,0.8024,0.3232,Card,0
582.23,21,1,1426,6,0,0,0.7577,0.306,Card,0
726.44,20,0,710,3,0,0,0.7277,0.2211,NetBanking,0
156.08,15,1,1722,1,0,0,0.8397,0.2,Ecommerce,0
537.58,1,0,755,4,0,0,0.6955,0.2784,UPI,0
1087.95,8,0,296,3,0,0,0.8785,0.0814,NetBanking,0
2912.88,10,0,126,2,0,0,0.6086,0.0956,Ecommerce,0
487.95,17,0,1199,2,1,0,0.4327,0.061,UPI,0
6249.43,20,0,2611,1,0,0,0.451,0.0779,Card,0
534.44,15,0,2020,1,0,0,0.4777,0.1569,NetBanking,0
535.26,8,1,443,4,0,1,0.8605,0.2038,UPI,0
5509.48,18,1,1557,6,0,0,0.763,0.2267,UPI,0
1369.27,16,1,2040,0,0,0,0.8624,0.1462,UPI,0
614.23,19,1,823,2,0,0,0.8589,0.314,Card,0
931.79,14,0,488,3,0,0,0.4965,0.3139,Card,0
4540.2,15,1,876,0,0,0,0.4645,0.4792,UPI,0
5112.85,8,0,239,3,0,1,0.4454,0.5479,Wallet,0
465.15,9,0,853,4,0,0,0.7455,0.2297,UPI,0
1048.84,6,1,1870,1,0,0,0.968,0.2659,Ecommerce,0
1205.52,6,0,2806,2,0,0,0.8816,0.3057,UPI,0
389.34,15,1,3056,1,1,0,0.8212,0.2584,Card,0
1034.35,9,0,2357,2,0,0,0.8097,0.0762,Card,0
1102.78,3,0,1250,5,0,0,0.5775,0.1877,NetBanking,0
3630.84,0,0,3269,3,0,0,0.9157,0.7827,UPI,0
3896.35,20,0,3217,1,0,0,0.828,0.4,Card,0
776.14,10,0,1256,4,0,0,0.5755,0.0896,Card,0
875.99,13,0,43,1,0,0,0.4884,0.2794,NetBanking,0
2202.85,21,1,1522,3,0,0,0.6762,0.3641,Card,0
593.21,2,1,1633,0,1,1,0.8835,0.257,NetBanking,0
2034.64,22,0,2371,3,0,0,0.5778,0.4211,UPI,0
999.94,16,1,519,2,0,0,0.7544,0.3218,UPI,0
396.28,15,0,1909,2,0,0,0.8707,0.5399,Wallet,0
401.55,10,0,1110,3,0,0,0.7209,0.7456,UPI,0
5011.1,16,0,1737,3,0,0,0.9104,0.3596,UPI,0
930.53,4,0,89,1,0,0,0.8593,0.1779,UPI,0
6138.72,7,0,1852,1,0,0,0.8282,0.4787,UPI,0
639.5,23,0,130,2,0,0,0.8978,0.2057,NetBanking,0
1488.86,6,0,2987,1,0,0,0.8097,0.2072,UPI,0
13525.21,17,0,2496,3,0,0,0.7487,0.1452,Card,0
361.31,22,0,3222,2,0,0,0.6762,0.198,NetBanking,0
149.5,14,3,2293,3,1,0,0.7637,0.3054,UPI,0
4234.07,7,0,3426,1,0,0,0.8639,0.4088,Ecommerce,0
460.29,20,0,734,1,0,0,0.7974,0.2256,UPI,0
1073.05,19,0,28,1,0,1,0.3751,0.1338,UPI,0
592.76,13,0,3154,2,0,1,0.8277,0.1853,UPI,0
1453.27,2,1,2311,5,0,0,0.8839,0.6602,Ecommerce,0
404.21,10,0,2410,0,0,0,0.8273,0.2109,NetBanking,0
907.84,10,1,1020,0,0,0,0.8985,0.6755,UPI,0
1758.66,4,1,1181,1,0,0,0.8498,0.1619,Card,0
380.42,9,0,2378,0,0,0,0.8171,0.278,Card,0
525.8,3,2,1430,1,0,0,0.805,0.2507,NetBanking,0
761.47,16,0,272,6,0,0,0.9814,0.1514,UPI,0
244.63,10,0,1028,4,1,0,0.5609,0.196,NetBanking,0
703.67,17,0,1349,1,0,0,0.7733,0.2744,UPI,0
1242.32,10,0,2908,4,0,0,0.6985,0.5794,Card,0
720.88,17,0,1208,1,0,0,0.4652,0.1185,UPI,0
824.73,17,0,1732,2,1,0,0.6856,0.4348,Ecommerce,0
1073.95,3,0,2095,3,0,0,0.7159,0.2548,Card,0
550.85,10,1,479,3,0,0,0.7326,0.3803,UPI,0
2265.65,17,0,2040,1,1,1,0.6169,0.2096,Card,0
4953.14,14,0,711,2,0,0,0.9621,0.3975,Ecommerce,0
673.44,5,0,3074,3,0,0,0.7902,0.0589,Card,0
1825.22,19,0,1042,2,0,0,0.7049,0.0886,Wallet,0
852.7,4,0,1070,1,0,1,0.5274,0.0242,UPI,0
1609.63,23,0,1415,1,1,0,0.6993,0.3304,UPI,0
5676.38,16,0,1265,3,0,0,0.4252,0.3255,Card,0
1870.75,7,0,2077,3,0,0,0.3619,0.2604,Ecommerce,0
170.36,4,0,2532,1,0,0,0.9531,0.2372,NetBanking,0
1766.39,21,0,3374,2,0,1,0.8253,0.4988,NetBanking,0
4001.83,12,0,3109,3,1,1,0.7008,0.0274,Card,0
868.98,19,1,921,1,0,0,0.6356,0.306,Card,0
3119.46,19,0,2116,3,1,0,0.3208,0.1223,UPI,0
531.33,1,0,1154,1,0,0,0.7366,0.2077,Card,0
230.48,16,1,2820,1,0,0,0.5068,0.1254,Card,0
1271.85,8,0,90,1,0,0,0.8951,0.2578,NetBanking,0
173.42,21,1,3482,4,0,0,0.7796,0.0909,Ecommerce,0
852.56,5,1,1308,4,0,0,0.6838,0.2709,Card,0
4235.19,0,1,2607,3,0,0,0.6407,0.1935,Wallet,0
147.64,15,1,2365,1,0,0,0.9455,0.227,UPI,0
286.15,13,0,1289,1,0,0,0.7722,0.2267,NetBanking,0
371.06,13,0,3370,3,0,0,0.6093,0.2053,Card,0
1026.09,6,0,940,3,0,1,0.7886,0.1227,Card,0
746.95,11,1,2592,2,0,1,0.5836,0.0755,Ecommerce,0
4765.19,23,1,3250,1,1,1,0.5333,0.2328,UPI,0
2987.12,18,0,419,4,0,0,0.8773,0.4035,UPI,0
1844.63,23,0,3210,0,0,1,0.7166,0.2691,Wallet,0
1277.82,7,0,3115,3,0,0,0.795,0.1434,Ecommerce,0
1657.21,20,0,1333,3,0,0,0.3786,0.3894,UPI,0
443.6,9,0,2936,1,0,0,0.339,0.1239,UPI,0
2697.47,22,2,29,0,0,0,0.5292,0.3587,UPI,0
341.16,20,0,667,3,0,0,0.8437,0.4044,Ecommerce,0
2636.34,3,0,2635,1,0,0,0.9397,0.0787,UPI,0
3810.25,23,0,3270,0,0,1,0.7652,0.1743,NetBanking,0
1368.41,14,0,447,0,0,0,0.6261,0.5572,UPI,0
911.39,18,0,2501,2,0,0,0.7934,0.1206,Ecommerce,0
1669.58,13,1,366,2,0,1,0.485,0.1038,Card,0
54.35,5,1,2741,1,0,0,0.9203,0.154,Ecommerce,0
1506.24,23,0,3137,0,1,0,0.908,0.2059,Ecommerce,0
973.58,2,0,1610,2,0,1,0.7025,0.0683,UPI,0
1039.86,19,1,358,1,0,0,0.6998,0.1859,Card,0
2302.75,5,1,707,1,0,0,0.486,0.0267,UPI,0
1013.83,18,1,1778,0,0,0,0.4723,0.3791,UPI,0
331.22,10,0,2798,1,1,0,0.8158,0.0503,NetBanking,0
945.32,5,1,1821,0,0,0,0.899,0.0741,UPI,0
1177.25,5,0,1674,3,0,0,0.7627,0.2481,Card,0
1237.29,7,0,2104,2,0,0,0.8607,0.2839,Card,0
1299.86,21,1,3386,4,0,0,0.4157,0.351,UPI,0
3266.05,18,1,2764,4,0,0,0.7383,0.1303,Card,0
350.61,16,0,542,3,0,1,0.8068,0.2453,UPI,0
1318.81,15,0,693,1,0,0,0.7852,0.4083,Ecommerce,0
4248.95,10,0,1248,1,0,0,0.6536,0.1567,Ecommerce,0
177.44,21,0,953,1,0,0,0.8963,0.0606,UPI,0
1324.29,6,1,2576,1,0,0,0.6536,0.3233,Card,0
593.09,22,0,3472,1,0,0,0.7257,0.2231,Wallet,0
743.04,9,0,2005,4,0,0,0.8654,0.189,Ecommerce,0
424.09,8,1,3116,0,0,0,0.8189,0.1242,UPI,0
917.79,11,0,1520,2,0,0,0.3841,0.3327,Card,0
7580.38,17,1,2410,3,0,1,0.8102,0.1531,UPI,0
290.72,17,0,2457,2,0,0,0.9288,0.2989,Ecommerce,0
321.15,18,1,1033,4,0,0,0.6197,0.3738,NetBanking,0
279.49,2,0,2568,3,0,0,0.6172,0.3115,Wallet,0
6726.36,3,0,1876,1,0,1,0.8886,0.3507,Wallet,0
674.89,20,0,2023,5,0,0,0.5005,0.5855,Ecommerce,0
1067.5,23,0,887,3,0,0,0.723,0.218,Ecommerce,0
718.44,3,0,1121,2,0,0,0.4717,0.1193,UPI,0
406.81,21,1,3003,0,0,0,0.7737,0.4689,Ecommerce,0
856.7,6,0,2168,2,0,0,0.9381,0.3625,UPI,0
14489.16,23,2,462,4,0,0,0.6437,0.389,NetBanking,1
4729.97,23,0,1911,4,0,0,0.8031,0.1845,Ecommerce,0
447.83,15,0,2167,3,0,0,0.8003,0.06,NetBanking,0
2164.52,4,0,2793,3,0,0,0.5815,0.3176,Card,0
458.01,18,0,2986,0,0,0,0.8952,0.2993,Card,0
169.83,2,0,2289,1,0,0,0.6288,0.3104,Ecommerce,0
3198.66,8,0,50,1,0,0,0.7758,0.1246,NetBanking,0
3707.44,15,0,1742,0,0,0,0.7546,0.3217,UPI,0
3289.05,1,0,728,1,0,0,0.788,0.188,UPI,0
669.57,9,0,72,2,0,0,0.7496,0.1126,UPI,0
920.47,19,1,3233,0,0,1,0.8462,0.1286,Card,0
2409.69,2,1,590,1,0,0,0.5136,0.4001,Card,0
1654.2,8,0,865,5,0,0,0.818,0.2783,UPI,0
725.37,0,0,1182,1,0,0,0.6083,0.0257,Ecommerce,0
200.33,15,0,1633,4,0,1,0.809,0.5092,UPI,0
1235.92,1,1,2107,3,1,1,0.8054,0.5152,UPI,1
3404.86,6,0,1091,2,0,1,0.8701,0.0977,UPI,0
311.85,12,0,2774,0,0,0,0.6766,0.3586,Card,0
2144.58,5,0,557,1,1,0,0.8553,0.0993,Card,0
1553.27,5,0,3360,3,0,0,0.875,0.2978,Card,0
2410.66,20,0,2996,1,0,0,0.7214,0.3426,Card,0
2739.62,18,0,2102,2,0,0,0.9352,0.0538,Ecommerce,0
528.91,1,0,177,1,0,0,0.7417,0.4825,Ecommerce,0
200.78,20,1,2552,0,0,1,0.7651,0.2414,Card,0
626.28,11,1,2467,1,1,1,0.7825,0.3248,UPI,0
2789.41,3,0,2177,1,0,0,0.3103,0.2742,Card,0
620.73,21,0,985,1,0,0,0.7553,0.5729,UPI,0
529.14,8,0,1509,4,0,0,0.4655,0.2794,Card,0
162.0,7,0,1457,2,0,0,0.7813,0.3908,NetBanking,0
6906.93,3,2,2136,3,1,0,0.7969,0.619,NetBanking,0
2609.72,21,0,1163,1,0,0,0.8479,0.1753,UPI,0
2461.17,6,2,1406,0,0,0,0.5349,0.1417,Card,0
3029.38,14,0,3178,0,0,0,0.6481,0.2896,UPI,0
2009.3,5,0,1591,6,0,0,0.7723,0.1302,Ecommerce,0
848.49,21,0,2083,6,0,1,0.7366,0.2851,NetBanking,0
923.39,18,0,3189,0,0,0,0.768,0.2011,Wallet,0
699.98,12,0,3307,2,1,0,0.9432,0.059,NetBanking,0
17439.23,8,0,1976,4,0,0,0.8288,0.5537,UPI,0
1965.9,15,0,933,2,0,0,0.6769,0.3658,UPI,0
673.85,11,0,357,5,0,0,0.8371,0.1781,Ecommerce,0
1787.85,22,0,3010,4,1,0,0.8991,0.1216,UPI,0
379.4,16,0,1836,4,1,0,0.9194,0.1714,NetBanking,0
5322.68,0,0,1985,3,0,0,0.8246,0.0346,UPI,0
547.78,19,0,3336,2,1,1,0.942,0.1111,UPI,0
1855.93,4,1,1303,1,0,0,0.641,0.552,UPI,0
3358.59,7,0,356,5,0,0,0.573,0.1533,Card,0
1642.55,10,0,2359,2,0,0,0.7657,0.2983,UPI,0
1210.99,5,1,3399,0,1,0,0.7367,0.124,NetBanking,0
1109.14,22,0,600,1,0,0,0.5727,0.2444,Ecommerce,0
1033.53,23,0,3456,1,0,0,0.887,0.1507,Ecommerce,0
598.52,3,0,1897,3,0,0,0.621,0.2791,Ecommerce,0
684.06,7,1,1965,1,0,0,0.5997,0.2796,Card,0
5185.23,8,1,3359,0,0,0,0.8238,0.2649,Ecommerce,0
978.52,16,2,1168,2,0,0,0.6738,0.324,Card,0
480.54,14,0,2610,0,0,1,0.776,0.1796,UPI,0
637.71,16,0,37,1,0,0,0.7978,0.1882,Card,0
3482.09,0,0,2352,4,0,0,0.4265,0.3181,Card,0
2229.18,12,1,61,1,1,1,0.5948,0.3275,Card,0
1975.04,5,0,21,3,0,0,0.6649,0.2405,Card,0
836.81,5,1,1362,1,0,0,0.8232,0.0637,NetBanking,0
2002.26,18,0,1308,1,0,0,0.6965,0.2955,Wallet,0
557.95,3,1,2742,1,0,0,0.4568,0.6037,Wallet,0
834.98,0,0,3121,2,0,1,0.9227,0.302,NetBanking,0
3036.0,11,0,3298,1,0,0,0.8299,0.2235,Card,0
2746.25,17,0,2184,0,0,0,0.9644,0.3844,UPI,0
391.11,12,0,547,4,0,0,0.8202,0.6325,Card,0
446.62,3,0,2349,1,0,0,0.985,0.1333,Wallet,0
1229.22,18,0,1710,2,0,0,0.9596,0.2509,Wallet,0
6717.28,9,0,1855,3,0,0,0.8129,0.0742,UPI,0
146.74,17,0,1759,1,0,0,0.8953,0.1544,Ecommerce,0
1468.87,4,0,3091,4,0,0,0.7321,0.257,Ecommerce,0
258.57,21,0,1335,1,0,0,0.7911,0.1823,Wallet,0
563.38,6,0,3375,5,0,0,0.7102,0.3453,UPI,0
747.96,23,0,1893,0,0,0,0.8188,0.0862,UPI,0
705.19,9,0,2409,4,0,0,0.6276,0.163,UPI,0
626.1,17,0,3238,1,0,0,0.4865,0.1072,UPI,0
1104.96,12,1,2852,3,0,1,0.8685,0.1064,Card,0
625.14,1,1,1538,4,0,1,0.8588,0.2062,Wallet,0
236.14,2,0,720,4,1,1,0.6023,0.2752,Ecommerce,0
2487.08,9,0,488,2,0,0,0.6379,0.2915,Card,0
2417.56,4,1,1277,2,0,0,0.7903,0.243,Card,0
2658.01,14,0,2331,3,0,0,0.7677,0.0867,UPI,0
217.51,3,0,2796,2,1,0,0.7582,0.2228,UPI,0
1500.97,14,3,116,0,0,0,0.9351,0.1214,UPI,0
2230.05,4,0,1620,4,1,0,0.7791,0.0712,UPI,0
371.38,4,0,3290,3,0,0,0.9027,0.0283,UPI,0
1107.25,8,1,2878,2,0,0,0.762,0.5669,UPI,0
970.61,13,0,3290,4,0,1,0.698,0.1496,Card,0
7587.51,9,0,3349,2,0,0,0.7576,0.4123,Ecommerce,0
8272.74,8,0,328,4,0,1,0.6985,0.1743,Card,0
191.03,8,1,2385,4,0,0,0.9839,0.2627,Wallet,0
15042.33,8,1,1931,1,0,0,0.7304,0.4618,Ecommerce,0
419.48,9,0,1674,2,0,0,0.8319,0.2609,UPI,0
3070.84,20,0,2792,1,0,1,0.8021,0.6477,UPI,0
3038.21,13,0,3271,4,0,1,0.577,0.1151,Wallet,0
385.49,10,0,1629,3,0,0,0.9325,0.2918,UPI,0
1840.76,17,1,2272,4,0,0,0.9495,0.631,Card,0
979.55,12,0,1679,2,0,0,0.9195,0.1154,UPI,0
1962.64,22,1,2227,1,0,1,0.5838,0.5491,NetBanking,0
1397.17,13,0,3395,4,0,0,0.6625,0.052,UPI,0
3851.26,5,0,2841,4,1,0,0.6981,0.1629,NetBanking,0
1186.98,13,0,812,4,0,0,0.5542,0.0155,UPI,0
919.41,18,0,3034,2,1,0,0.9367,0.2284,UPI,0
3466.38,5,0,1845,2,0,1,0.9238,0.103,Ecommerce,0
2017.1,4,0,2048,7,0,0,0.8124,0.1703,NetBanking,0
2364.69,14,0,408,1,0,0,0.5791,0.2986,Ecommerce,0
545.76,21,0,1561,2,0,0,0.7568,0.2333,UPI,0
365.94,8,0,1063,0,0,0,0.7245,0.3866,Card,0
604.19,12,0,314,0,0,0,0.5369,0.2359,UPI,0
571.43,15,0,2979,1,1,0,0.6384,0.332,NetBanking,0
2503.66,15,0,458,5,0,0,0.4748,0.229,UPI,0
3055.76,3,0,2509,1,0,0,0.504,0.2136,UPI,0
931.8,9,1,2609,2,0,1,0.613,0.2026,Card,0
4926.9,23,0,2144,3,0,1,0.9301,0.3216,UPI,0
4614.2,21,0,2942,2,0,0,0.8472,0.0447,UPI,0
1415.97,18,0,404,2,0,0,0.5429,0.2745,Card,0
462.67,0,0,63,2,0,0,0.8316,0.2781,Ecommerce,0
5733.87,10,0,2978,2,0,0,0.5776,0.3913,UPI,0
1028.58,1,0,647,4,0,0,0.6825,0.3137,Card,0
1251.97,7,0,1048,5,1,0,0.751,0.1011,NetBanking,0
767.71,20,0,2416,2,0,0,0.8828,0.0622,NetBanking,0
430.83,9,0,1875,1,0,0,0.8069,0.0907,UPI,0
234.61,4,0,708,1,0,0,0.8425,0.1799,Ecommerce,0
2131.35,17,0,822,0,0,0,0.7252,0.0598,Ecommerce,0
481.75,18,0,2927,2,1,0,0.8811,0.1996,UPI,0
27241.8,15,1,1825,2,0,1,0.5727,0.3361,NetBanking,0
350.59,19,0,3229,4,0,0,0.4968,0.0563,Wallet,0
292.88,16,1,1970,2,0,0,0.7616,0.3581,Wallet,0
1873.65,15,0,2324,5,1,0,0.5485,0.2668,NetBanking,0
5463.14,21,0,1196,3,1,0,0.3603,0.033,UPI,0
1173.59,7,0,111,2,0,1,0.7414,0.2133,Card,0
1999.9,10,0,1774,3,0,0,0.7938,0.0653,Card,0
158.27,13,1,2557,0,0,0,0.7347,0.0309,UPI,0
538.41,16,0,1425,1,0,0,0.959,0.0088,Ecommerce,0
355.21,11,0,3011,0,0,0,0.9235,0.2888,UPI,0
149.93,10,1,2443,0,0,0,0.8657,0.2613,Wallet,0
1239.95,3,1,1775,1,0,0,0.5316,0.0916,Ecommerce,0
104.07,15,0,1906,4,1,1,0.5872,0.4011,UPI,0
273.61,2,0,801,1,0,1,0.8927,0.1321,NetBanking,0
623.87,11,1,3074,6,0,0,0.9306,0.1108,Ecommerce,0
458.13,9,1,214,2,0,1,0.6687,0.2655,Card,0
1662.75,18,1,180,3,0,0,0.8165,0.2317,Card,0
1511.5,11,1,2746,2,0,0,0.7845,0.1426,Ecommerce,0
2803.12,0,0,100,2,0,0,0.9121,0.2744,UPI,0
2416.32,12,0,1786,3,0,0,0.4211,0.5086,UPI,0
3633.14,5,1,665,2,0,0,0.9119,0.0453,Ecommerce,0
1094.43,9,0,2385,1,0,0,0.734,0.1871,Ecommerce,0
1508.15,7,2,421,2,0,0,0.8849,0.2779,UPI,0
1876.36,3,1,931,0,1,0,0.633,0.0569,Card,0
1272.5,22,0,1843,1,0,0,0.7316,0.068,Wallet,0
722.67,6,0,1326,2,0,0,0.6874,0.057,Ecommerce,0
773.51,12,1,706,3,0,0,0.7605,0.1086,UPI,0
464.78,19,0,224,3,0,0,0.3898,0.111,Card,0
1707.35,8,0,63,1,0,0,0.907,0.267,Card,0
993.55,22,0,677,1,1,0,0.5987,0.3261,Ecommerce,0
546.57,9,1,994,4,0,0,0.8909,0.3098,NetBanking,0
547.11,22,1,425,2,0,0,0.7476,0.0447,Ecommerce,0
307.69,10,1,1785,2,0,0,0.5186,0.1447,UPI,0
3064.94,0,0,3100,2,0,1,0.3276,0.2217,Card,0
1191.0,20,0,2501,2,0,0,0.5566,0.2912,Card,0
443.22,20,1,1079,0,0,0,0.6539,0.4915,Card,0
2563.11,23,0,1538,1,0,0,0.8588,0.3437,UPI,0
608.82,2,0,2694,0,0,0,0.6581,0.3313,UPI,0
250.43,20,1,3369,2,0,0,0.956,0.039,NetBanking,0
3204.41,8,0,1933,0,0,1,0.598,0.215,UPI,0
623.94,20,0,703,2,0,1,0.9107,0.3332,UPI,0
713.84,23,0,3037,5,0,0,0.7233,0.0307,UPI,0
1145.09,4,0,1802,1,0,0,0.6893,0.205,NetBanking,0
3639.93,8,1,110,1,0,0,0.9706,0.2933,NetBanking,0
1119.95,6,2,891,3,0,0,0.6896,0.2812,UPI,0
311.35,7,0,1867,2,0,0,0.5656,0.3366,UPI,0
1941.22,14,1,2824,2,0,0,0.5278,0.3628,Wallet,0
659.02,9,0,2983,1,0,0,0.8485,0.5051,UPI,0
7961.08,15,2,662,3,1,0,0.6955,0.1602,UPI,0
1095.34,16,0,2531,1,0,0,0.7737,0.0807,Card,0
104.92,4,0,3365,1,1,1,0.843,0.0961,Wallet,0
1595.96,1,1,2797,4,0,0,0.3628,0.1675,Card,0
8449.21,17,1,2510,2,0,0,0.4805,0.3538,Wallet,0
5737.14,4,0,2787,3,0,0,0.5413,0.2933,Card,0
7498.83,4,0,1952,7,0,1,0.7499,0.4631,UPI,1
375.87,14,0,2125,1,0,0,0.9463,0.2507,NetBanking,0
2857.66,6,1,1866,4,1,0,0.6656,0.3492,Card,0
513.84,4,1,3344,0,0,0,0.627,0.1653,UPI,0
1387.84,7,2,1273,3,0,0,0.8358,0.2975,Card,0
288.13,12,1,2720,4,0,1,0.6068,0.3248,Card,0
557.42,20,0,80,0,0,0,0.5948,0.0782,Wallet,0
539.12,23,2,1469,3,0,0,0.678,0.1276,NetBanking,1
2817.16,17,1,3203,3,0,0,0.6468,0.5751,UPI,0
2542.12,21,0,856,3,0,0,0.7484,0.5309,UPI,0
1466.54,12,0,2783,0,0,1,0.9646,0.2331,Ecommerce,0
265.62,9,0,1762,1,0,0,0.8172,0.3755,NetBanking,0
790.59,19,0,478,4,0,0,0.4697,0.1339,Wallet,0
500.99,7,0,378,4,0,0,0.8714,0.0655,UPI,0
2733.01,19,0,433,3,0,0,0.5648,0.0668,Card,0
3778.54,23,0,1632,2,0,0,0.7866,0.3528,UPI,0
3324.93,9,0,1083,2,0,0,0.79,0.0637,Card,0
496.22,15,1,3131,1,0,0,0.7021,0.0654,NetBanking,0
61.77,18,1,2672,2,0,0,0.9355,0.3178,Ecommerce,0
171.52,18,0,506,2,0,0,0.8817,0.1667,UPI,0
4879.06,4,2,1764,3,0,0,0.5806,0.1253,Ecommerce,0
719.59,23,0,2681,0,0,0,0.7357,0.3463,NetBanking,0
498.57,12,0,2292,1,0,0,0.5019,0.1728,UPI,0
6153.6,1,0,39,1,0,0,0.7477,0.4136,Ecommerce,0
4139.86,2,0,28,3,0,0,0.8917,0.1946,UPI,0
1125.15,17,1,2046,1,0,0,0.5848,0.1827,UPI,0
805.87,10,1,3233,1,0,0,0.5413,0.3406,Ecommerce,0
954.6,2,0,183,1,0,0,0.7974,0.2388,NetBanking,0
1392.03,12,0,585,2,0,0,0.5694,0.1554,UPI,0
5884.34,14,0,665,0,0,0,0.7834,0.4028,Ecommerce,0
1708.88,1,0,1120,2,0,0,0.6743,0.2427,Card,0
2350.38,8,1,3117,4,0,0,0.7558,0.3803,Ecommerce,1
3743.34,11,0,3315,4,0,0,0.5958,0.1563,Wallet,0
321.13,18,0,1077,1,1,0,0.4708,0.2043,Ecommerce,1
2422.62,15,0,2566,2,1,0,0.5494,0.2624,UPI,0
804.89,2,0,42,0,0,0,0.6979,0.1077,UPI,0
78.11,14,0,1792,1,0,0,0.9748,0.5291,Ecommerce,0
117.38,21,0,2199,2,0,1,0.7,0.1069,Card,0
376.52,1,0,3021,0,0,0,0.5411,0.1718,Card,0
1915.6,23,0,2877,2,0,0,0.7287,0.1513,UPI,0
1235.82,2,1,220,1,0,0,0.742,0.6191,Card,0
1330.87,14,0,1449,0,0,0,0.8661,0.1502,NetBanking,0
8505.69,8,0,273,3,0,0,0.5576,0.142,Wallet,0
289.3,17,0,40,1,0,0,0.8713,0.1753,Card,0
1065.5,20,0,548,3,0,1,0.4051,0.1456,UPI,0
1509.69,20,0,3266,1,1,0,0.95,0.1423,NetBanking,0
506.19,20,2,931,2,0,0,0.5814,0.2496,UPI,0
1129.74,19,0,2590,3,0,0,0.9572,0.1146,UPI,0
204.39,7,0,2483,4,0,0,0.6532,0.2274,UPI,0
4819.38,11,0,3037,5,0,0,0.3867,0.0761,UPI,0
536.09,17,0,1866,2,0,0,0.5602,0.2596,NetBanking,0
9255.47,4,1,3413,4,0,1,0.5304,0.3249,Ecommerce,1
1059.87,13,0,1495,2,0,0,0.8107,0.0386,NetBanking,0
3227.48,12,0,2757,2,0,0,0.9671,0.0784,Ecommerce,0
1036.94,23,0,2740,1,0,0,0.8858,0.0961,Ecommerce,0
1061.8,1,0,1905,2,0,0,0.574,0.1254,UPI,0
593.93,2,0,1114,1,0,0,0.7034,0.0962,UPI,0
1242.75,0,0,562,1,0,0,0.5946,0.0872,Card,0
1531.34,13,0,305,1,0,1,0.605,0.086,Card,0
481.32,13,0,1750,2,0,0,0.9009,0.4055,Wallet,0
961.7,14,1,1392,1,0,0,0.6146,0.3167,UPI,0
577.9,5,0,737,1,0,0,0.6233,0.1838,UPI,0
12266.75,7,1,2684,1,0,0,0.7024,0.1694,Ecommerce,0
998.03,10,0,574,3,0,0,0.9243,0.1315,Ecommerce,0
5555.22,1,0,1662,2,0,0,0.5705,0.0903,Ecommerce,0
893.01,18,0,1504,1,0,0,0.7753,0.2318,NetBanking,0
1439.79,1,0,3420,3,0,0,0.4834,0.3677,Ecommerce,0
273.85,16,1,371,2,0,0,0.9067,0.484,UPI,0
685.79,10,0,2997,3,1,1,0.8211,0.2995,UPI,0
1367.94,23,0,2398,3,0,0,0.5738,0.0269,Card,0
5798.21,16,0,2769,0,0,0,0.6251,0.3113,UPI,0
1384.48,11,0,2724,4,0,0,0.9134,0.2515,UPI,0
4688.68,16,0,2707,0,0,0,0.5107,0.3046,Card,0
2149.02,2,0,1527,5,1,0,0.8927,0.0656,UPI,0
6055.8,4,1,2036,3,0,1,0.9537,0.4963,Wallet,1
1030.71,11,4,1281,3,0,0,0.814,0.1367,Ecommerce,0
13490.4,20,0,3154,1,0,0,0.4897,0.2812,Ecommerce,0
658.74,19,0,795,2,0,0,0.7138,0.4993,Ecommerce,0
490.4,9,0,2067,0,0,0,0.5716,0.2661,Card,0
307.8,6,0,744,1,0,0,0.8262,0.115,UPI,0
12677.4,23,0,1308,4,0,1,0.9406,0.2099,UPI,1
2592.61,13,1,3371,5,0,0,0.5189,0.4112,Card,0
772.15,2,0,691,1,0,0,0.484,0.3452,UPI,0
4070.31,5,0,3101,1,0,0,0.5099,0.2091,Ecommerce,0
2257.64,20,0,2847,1,0,0,0.7735,0.3916,UPI,0
8642.38,21,0,1286,2,0,0,0.8474,0.3888,Wallet,0
215.89,21,0,1303,5,1,0,0.699,0.1183,Ecommerce,0
829.96,0,0,26,1,0,0,0.6683,0.1273,Ecommerce,0
674.76,19,0,2769,3,1,0,0.49,0.2695,UPI,0
138.05,2,0,2333,0,0,0,0.4869,0.1962,Wallet,0
3338.72,19,0,3440,5,0,0,0.7056,0.1122,Ecommerce,0
825.58,21,0,1025,0,0,0,0.8682,0.1897,UPI,0
2384.19,8,0,1399,3,0,0,0.4991,0.355,Card,0
13065.89,4,1,2405,1,0,0,0.9253,0.3442,Card,0
756.8,17,1,1197,3,0,0,0.8167,0.5742,Ecommerce,0
704.71,1,0,1120,5,0,0,0.4964,0.4609,UPI,0
1242.15,13,2,601,1,0,0,0.5932,0.1825,NetBanking,0
3092.11,7,1,3458,0,0,0,0.9663,0.2583,UPI,0
604.83,10,1,1667,2,1,0,0.6855,0.0535,Card,0
565.38,19,2,2695,1,0,0,0.5725,0.3362,Card,0
3327.74,23,1,2291,2,0,0,0.8252,0.2215,NetBanking,0
1632.02,9,0,2100,2,0,0,0.7038,0.1787,NetBanking,0
128.13,6,0,1099,3,0,0,0.6958,0.1518,Wallet,0
302.88,20,1,1108,0,0,0,0.5859,0.1258,UPI,0
5304.43,9,0,1703,1,0,1,0.7192,0.2906,Card,0
1672.42,4,1,479,1,0,0,0.8168,0.0079,UPI,0
492.6,21,1,1882,2,1,0,0.5827,0.0072,UPI,0
916.97,23,0,324,3,0,0,0.5106,0.1337,Card,0
1111.98,6,0,968,1,0,1,0.3464,0.2589,Ecommerce,0
2374.45,3,1,2218,1,0,0,0.3962,0.3279,NetBanking,0
263.44,3,1,89,2,0,0,0.506,0.2652,Card,0
453.5,14,0,164,4,0,0,0.9701,0.03,Ecommerce,0
1460.6,7,0,760,4,0,0,0.8488,0.2107,Ecommerce,0
987.5,14,1,2647,2,0,0,0.8739,0.4245,UPI,0
1999.1,18,2,2812,0,0,0,0.7062,0.1205,Wallet,0
301.57,0,0,10,3,0,0,0.7811,0.2389,Card,0
1595.57,20,0,978,4,0,1,0.3976,0.0903,Ecommerce,0
3450.11,0,1,205,2,0,0,0.8655,0.1806,NetBanking,0
1828.33,2,2,55,3,0,0,0.8449,0.3607,UPI,0
1269.11,17,0,3297,1,0,1,0.7863,0.1094,Card,0
991.6,14,2,1491,2,0,0,0.7427,0.2231,Card,0
456.42,23,0,2784,3,0,0,0.859,0.3767,NetBanking,0
1016.79,13,0,2390,2,0,0,0.9557,0.0682,Wallet,0
4116.22,10,0,1577,1,0,0,0.6537,0.3376,Wallet,0
967.79,16,1,2635,0,0,0,0.9425,0.1,UPI,0
430.83,18,1,875,3,0,0,0.86,0.3942,Wallet,0
654.02,16,1,1452,3,0,0,0.9306,0.2285,Card,0
1354.1,8,1,1329,2,0,0,0.6369,0.1688,UPI,0
740.86,23,1,2004,1,0,0,0.7188,0.2275,Card,0
1825.43,7,0,742,2,0,0,0.4439,0.585,UPI,0
1898.82,8,0,2611,2,0,0,0.6501,0.2173,Ecommerce,0
2788.98,6,0,2947,1,0,0,0.6547,0.2154,NetBanking,0
4888.97,7,0,3113,1,0,0,0.6325,0.0516,Card,0
3120.2,5,0,3129,2,0,0,0.6274,0.2594,UPI,0
411.19,13,0,2242,5,0,0,0.7121,0.0912,Card,0
424.66,17,0,2794,4,0,0,0.5068,0.1036,UPI,0
1012.77,10,0,2420,4,0,0,0.8254,0.1915,UPI,0
682.84,22,0,3336,4,0,0,0.7684,0.5428,UPI,0
331.87,11,0,351,1,0,0,0.6614,0.3307,UPI,0
689.68,11,0,700,0,0,0,0.9796,0.184,Card,0
666.31,1,1,1475,2,0,0,0.4756,0.3113,UPI,0
541.62,21,0,2175,1,0,0,0.6154,0.0345,Wallet,0
787.15,3,2,3112,1,0,0,0.6823,0.4003,UPI,0
3779.6,3,0,337,4,0,0,0.8093,0.4055,NetBanking,0
1351.81,22,1,568,0,1,0,0.9064,0.1349,NetBanking,0
14697.01,12,0,3013,1,1,0,0.7151,0.2558,Card,0
1311.64,1,0,1089,1,1,0,0.5511,0.4213,UPI,0
808.7,10,1,65,1,0,1,0.884,0.3005,UPI,0
1101.4,14,0,2375,1,0,1,0.3114,0.1449,UPI,0
1435.57,0,0,3072,0,0,0,0.845,0.4167,Ecommerce,0
1731.97,18,0,3157,1,0,0,0.4629,0.2918,Ecommerce,0
9706.46,16,0,2991,3,0,0,0.7842,0.2095,UPI,0
451.43,0,0,213,2,0,0,0.8861,0.1068,UPI,0
2702.68,14,0,478,2,0,0,0.4718,0.0711,UPI,0
1363.95,5,0,3047,1,0,0,0.5776,0.2023,Ecommerce,0
210.68,17,0,2427,3,1,0,0.6843,0.5587,NetBanking,0
2463.24,9,2,776,2,0,0,0.6231,0.2812,Wallet,0
4150.59,4,2,1360,0,1,0,0.9346,0.0279,UPI,0
445.84,12,0,3013,4,0,0,0.8619,0.5222,Card,0
1086.39,10,1,3251,3,0,0,0.8123,0.0691,UPI,0
179.18,8,0,3113,1,0,0,0.6946,0.0771,Ecommerce,0
292.44,21,1,1615,2,0,1,0.7327,0.1412,Card,0
3295.89,15,1,2715,2,0,0,0.5291,0.1858,UPI,0
672.0,11,0,164,3,0,0,0.6245,0.5824,UPI,0
342.32,5,1,3233,3,0,0,0.7321,0.232,Card,0
1395.4,13,0,782,3,0,1,0.8733,0.1404,UPI,0
633.63,0,0,3364,3,0,1,0.9036,0.4918,NetBanking,0
668.9,21,0,64,1,0,1,0.8931,0.0228,Ecommerce,0
2383.42,0,0,3238,2,0,0,0.7212,0.1566,NetBanking,0
323.82,16,0,1847,3,0,0,0.4612,0.2399,Card,0
423.84,8,0,1799,3,0,0,0.9861,0.6553,Card,0
1289.21,17,0,2370,2,0,0,0.9257,0.0767,NetBanking,0
3034.74,8,0,1626,2,0,0,0.6549,0.0396,UPI,0
4024.15,0,0,3328,1,0,0,0.3878,0.043,UPI,0
545.49,22,0,374,0,0,0,0.7143,0.2588,NetBanking,0
2934.36,18,0,2299,1,0,0,0.2705,0.2111,Card,0
481.38,1,0,761,2,0,0,0.8896,0.4348,NetBanking,0
7461.56,0,3,137,5,0,0,0.4298,0.157,Card,0
333.47,12,1,2285,5,0,0,0.6047,0.1247,NetBanking,0
4424.46,22,0,2374,2,1,0,0.6417,0.2605,NetBanking,0
550.42,13,1,451,3,0,0,0.7707,0.4696,UPI,0
9080.72,0,1,2545,1,0,0,0.5422,0.5424,NetBanking,0
2040.37,16,0,3298,2,0,0,0.5993,0.3816,Wallet,0
377.35,10,0,2436,2,0,0,0.4972,0.3459,Ecommerce,0
633.75,15,1,800,3,0,0,0.8669,0.2216,UPI,0
2490.5,8,0,303,2,0,0,0.7817,0.2712,UPI,0
3311.9,0,0,314,4,0,0,0.7276,0.4071,Ecommerce,0
1018.16,0,1,2167,3,0,0,0.7219,0.372,NetBanking,0
1149.28,15,1,828,3,0,0,0.8762,0.1398,Ecommerce,0
2431.52,15,0,1303,0,0,1,0.8503,0.0574,UPI,0
1259.4,7,0,177,2,0,0,0.7108,0.0524,UPI,0
281.98,1,1,1546,2,0,0,0.563,0.2149,UPI,0
467.02,18,0,587,2,1,0,0.8004,0.0933,Ecommerce,0
1403.71,3,0,1501,1,0,0,0.6806,0.1412,Ecommerce,0
3929.46,4,1,2059,2,0,0,0.9739,0.2235,UPI,0
5983.62,10,0,3363,3,0,0,0.6776,0.4877,Card,0
2486.19,17,0,1017,3,0,0,0.8002,0.1559,UPI,0
1482.75,23,0,1128,4,1,1,0.8406,0.0636,NetBanking,0
2407.28,15,1,2805,0,0,1,0.6887,0.3572,UPI,0
544.52,23,2,3335,2,0,0,0.6067,0.0841,UPI,0
933.66,15,1,1420,1,0,0,0.9705,0.0617,NetBanking,0
461.58,20,0,1214,1,1,0,0.7357,0.2845,Card,0
295.54,4,0,2500,6,0,0,0.4236,0.4138,UPI,0
1556.55,1,1,2632,3,0,0,0.9337,0.1184,UPI,0
1332.47,16,1,2481,1,0,0,0.9417,0.3749,Card,0
2257.55,23,0,2241,0,0,0,0.6764,0.4007,UPI,0
1945.78,17,1,481,2,0,0,0.4664,0.2557,UPI,0
1414.85,8,0,922,1,0,0,0.9695,0.5735,UPI,0
1967.36,11,1,204,3,0,1,0.8895,0.6284,Ecommerce,0
1048.57,2,2,1368,2,1,1,0.6564,0.3212,Ecommerce,1
1691.78,8,0,2948,2,0,0,0.6167,0.027,Card,0
511.6,16,2,788,0,0,0,0.8201,0.3167,Card,0
1616.78,3,0,2455,2,0,1,0.5969,0.6479,Wallet,0
2212.41,11,0,1476,2,1,1,0.6578,0.4688,Ecommerce,0
542.85,6,0,618,2,1,0,0.4652,0.4013,UPI,0
1157.97,11,0,786,3,0,0,0.9491,0.1552,UPI,0
569.76,18,0,2382,2,0,0,0.6734,0.4717,Ecommerce,0
630.91,21,0,2769,4,0,0,0.935,0.1327,Card,0
336.58,9,0,1157,2,0,0,0.5293,0.1607,Card,0
4142.54,19,1,3212,1,0,0,0.5987,0.271,UPI,0
3357.56,16,0,205,1,0,0,0.6199,0.2587,Card,0
1928.13,22,0,2014,3,0,0,0.7446,0.2842,NetBanking,0
8697.63,17,0,806,0,0,0,0.8091,0.3624,UPI,0
899.01,13,1,3122,2,1,1,0.5805,0.0401,UPI,0
26458.97,16,0,2647,2,0,0,0.9161,0.3425,UPI,0
863.59,7,1,211,4,0,0,0.6858,0.4258,Card,0
1433.61,16,0,1371,1,0,0,0.6266,0.2026,Card,0
722.22,17,1,2612,3,0,0,0.527,0.176,Card,0
1621.23,14,0,1910,2,0,0,0.6482,0.0503,UPI,0
2637.0,2,1,1717,2,0,0,0.879,0.2544,Card,0
973.0,12,0,483,0,0,1,0.6342,0.0661,NetBanking,0
7083.73,17,0,2000,2,0,0,0.7042,0.0919,UPI,0
1409.66,4,1,330,3,0,0,0.5134,0.2947,NetBanking,0
1456.82,18,1,1120,1,0,0,0.7694,0.081,NetBanking,0
422.23,20,1,842,2,0,1,0.4801,0.0877,UPI,0
1701.77,12,0,2301,1,0,0,0.4195,0.2543,Card,0
952.67,23,0,1657,3,0,0,0.8778,0.3725,UPI,0
579.03,20,0,1492,0,0,1,0.9094,0.5423,Ecommerce,0
485.27,11,0,2965,4,0,0,0.5913,0.3009,UPI,0
18130.51,21,1,1367,4,0,0,0.5209,0.3433,Ecommerce,0
831.6,22,0,2673,1,0,0,0.7305,0.0963,Card,0
237.5,2,0,3109,1,0,0,0.9053,0.0746,UPI,0
526.82,23,1,566,3,0,0,0.9102,0.1085,Wallet,0
1038.83,0,0,2607,0,0,0,0.799,0.0455,Wallet,0
1946.91,11,0,256,2,0,0,0.9183,0.2135,UPI,0
1963.6,22,0,2246,3,0,0,0.8066,0.1109,Ecommerce,0
2231.54,17,1,794,1,0,0,0.8892,0.6187,UPI,0
557.18,6,0,901,3,0,1,0.6877,0.2916,NetBanking,1
1567.85,15,0,2984,0,0,0,0.7508,0.0923,Ecommerce,0
437.09,5,0,658,0,0,0,0.5887,0.3694,Card,0
572.13,5,0,1808,3,0,1,0.5714,0.2423,UPI,0
418.39,21,0,2735,1,0,0,0.6891,0.2653,UPI,1
314.88,1,2,2825,2,0,0,0.764,0.1996,Wallet,0
3352.36,23,0,721,4,0,0,0.8896,0.4578,Card,0
2259.82,10,1,1297,1,0,0,0.7597,0.3474,Card,0
3057.95,1,0,1969,6,1,0,0.8374,0.3899,Ecommerce,0
1142.85,18,0,2069,6,0,0,0.6248,0.4479,UPI,0
2479.09,1,0,578,3,0,0,0.8377,0.2124,Card,0
172.54,7,1,2084,1,0,0,0.9017,0.0761,UPI,0
2714.17,5,3,11,3,0,1,0.8438,0.4305,Ecommerce,0
1320.78,18,1,2196,0,0,0,0.4858,0.1459,NetBanking,0
2118.5,9,1,2577,1,0,1,0.5552,0.2739,UPI,0
1634.39,15,1,1649,1,0,0,0.741,0.0332,UPI,0
389.0,1,0,864,1,0,0,0.6671,0.4648,Card,0
227.48,16,0,842,4,0,0,0.8123,0.1903,UPI,0
519.23,17,0,2417,2,0,0,0.8511,0.2652,NetBanking,0
1984.58,6,0,1503,4,0,0,0.2554,0.2438,UPI,0
2263.34,21,0,3251,2,0,0,0.3628,0.4137,Ecommerce,0
260.78,11,0,3411,2,1,0,0.4263,0.1208,Card,0
391.45,16,0,1523,2,0,0,0.6136,0.0548,UPI,0
513.17,4,0,957,2,0,0,0.355,0.1529,UPI,0
753.58,22,0,2843,1,0,0,0.8947,0.2082,UPI,0
262.39,5,0,2538,2,0,0,0.6791,0.1429,Card,0
246.37,15,0,581,1,0,0,0.7812,0.4496,UPI,0
462.7,2,0,3306,3,0,0,0.9862,0.0973,UPI,0
1200.59,1,0,706,0,1,0,0.4045,0.0787,Wallet,0
317.47,3,1,1984,2,0,1,0.8513,0.0974,UPI,0
971.08,22,0,659,2,0,1,0.33,0.1629,Ecommerce,0
3332.51,5,0,1716,1,0,1,0.5614,0.0809,UPI,0
279.54,21,1,2189,1,0,0,0.6722,0.2215,UPI,0
882.92,13,0,429,4,0,0,0.6984,0.1728,UPI,0
3216.32,2,0,912,1,0,0,0.6385,0.2354,Card,0
706.85,10,0,2638,3,0,0,0.7296,0.212,Ecommerce,0
600.43,11,0,3345,0,0,0,0.9848,0.2695,UPI,0
3720.71,6,2,3190,1,0,0,0.9197,0.2011,NetBanking,0
795.12,14,0,2633,4,0,0,0.8605,0.2311,UPI,0
3497.21,20,0,3432,1,1,0,0.7066,0.4213,UPI,0
1720.57,21,2,583,4,0,0,0.73,0.2257,Ecommerce,0
765.11,12,0,711,4,0,0,0.7585,0.3478,Card,0
1814.7,21,0,1423,2,0,0,0.7025,0.2225,NetBanking,0
1535.29,22,1,3220,3,0,0,0.2087,0.0529,Card,0
3203.27,2,0,2797,0,0,0,0.5004,0.1808,UPI,0
616.61,15,0,1300,2,0,1,0.2578,0.2627,Ecommerce,0
1145.12,18,0,63,3,0,1,0.8377,0.2928,UPI,0
1028.04,0,1,2169,1,0,1,0.8001,0.1205,Card,0
2296.99,14,0,1085,5,0,0,0.7466,0.5784,UPI,0
373.74,21,1,788,3,0,0,0.8645,0.0615,UPI,0
3190.16,6,1,755,2,0,0,0.8067,0.3818,Ecommerce,0
1789.42,20,0,874,2,0,0,0.5542,0.3794,Card,0
275.13,22,0,1121,0,0,0,0.6842,0.2844,Ecommerce,0
3899.78,15,0,2169,3,0,1,0.5805,0.0191,UPI,0
11450.6,15,1,579,2,0,1,0.9338,0.2945,Card,0
3139.84,12,0,1700,0,0,0,0.5584,0.1641,UPI,0
4906.59,9,1,3224,1,0,0,0.5987,0.0884,UPI,0
1199.48,10,1,3375,2,0,0,0.8678,0.2819,Card,0
191.6,12,0,2904,1,0,0,0.91,0.3255,Wallet,0
158.17,11,1,930,2,1,0,0.8535,0.2334,UPI,0
1433.45,19,1,518,0,0,0,0.9341,0.1605,Card,0
589.0,18,0,3073,2,0,0,0.662,0.1804,UPI,0
419.76,8,0,1418,3,0,0,0.5794,0.2606,Card,0
1026.71,12,0,1615,2,0,1,0.3456,0.1123,Card,0
2093.02,5,0,1495,1,0,0,0.7775,0.1304,UPI,0
238.56,4,0,476,5,0,0,0.7452,0.076,UPI,0
684.49,8,0,2526,2,0,0,0.5299,0.1022,Card,0
5352.74,1,0,842,4,0,0,0.4969,0.2059,Wallet,0
354.58,20,0,821,2,0,1,0.7542,0.0961,Wallet,0
2733.26,3,1,2646,0,0,1,0.8882,0.1272,Wallet,0
659.2,7,0,2496,2,0,0,0.6486,0.1003,Ecommerce,0
1945.13,6,0,2894,2,0,0,0.531,0.1438,UPI,0
3470.99,4,0,2473,5,0,0,0.5108,0.1003,UPI,0
2388.32,8,0,145,1,1,1,0.6987,0.3602,Card,1
2848.7,17,0,1464,0,0,0,0.7033,0.0504,NetBanking,0
327.28,21,1,1439,2,0,0,0.3758,0.2937,NetBanking,0
3531.02,4,0,1129,1,0,0,0.9805,0.2523,Wallet,0
447.95,5,1,1733,5,0,1,0.5764,0.3671,Card,0
1440.17,11,0,1743,4,0,0,0.662,0.5505,Ecommerce,0
1438.22,7,0,2155,2,0,0,0.4608,0.233,Card,0
1825.08,19,0,3360,4,0,0,0.7354,0.2548,Ecommerce,0
1562.13,5,1,2279,1,0,0,0.6027,0.4517,NetBanking,0
452.14,9,0,3264,1,0,0,0.7356,0.1244,Wallet,0
265.77,13,0,2908,2,0,0,0.8554,0.0925,Card,0
2740.69,9,0,2571,0,0,0,0.8023,0.2216,NetBanking,0
1332.92,14,1,961,4,0,1,0.9449,0.4236,Card,0
3665.96,19,1,2025,0,0,0,0.3894,0.6145,UPI,0
1046.32,12,0,397,4,0,0,0.4951,0.2061,NetBanking,0
250.78,10,0,3234,2,0,0,0.8388,0.1266,Ecommerce,0
3024.3,22,1,658,2,0,0,0.8575,0.1596,Card,0
743.31,23,1,840,0,1,0,0.7158,0.3015,Wallet,0
1570.43,23,0,3279,3,0,0,0.896,0.1378,UPI,0
555.67,0,0,432,3,0,0,0.4416,0.5262,Ecommerce,0
6164.22,20,0,1916,3,0,0,0.9515,0.1854,Card,0
436.86,21,0,2014,3,0,0,0.4288,0.2141,NetBanking,0
769.47,19,0,772,0,0,0,0.7944,0.2415,Card,0
1227.61,17,1,1368,2,0,0,0.7669,0.5014,NetBanking,0
348.35,8,0,2752,2,0,1,0.5771,0.1242,Card,0
1551.61,17,0,2492,4,0,0,0.8013,0.5199,Card,0
5958.09,13,0,2057,4,0,0,0.6248,0.1918,UPI,0
655.25,19,0,1907,1,0,0,0.8764,0.2925,Wallet,0
1660.54,8,0,1290,4,0,0,0.5773,0.4718,UPI,0
61.14,17,0,2185,1,0,1,0.8285,0.2676,NetBanking,0
1052.71,18,0,70,3,0,0,0.8355,0.3765,Ecommerce,0
789.43,20,0,252,1,0,0,0.5235,0.1192,Card,0
464.32,4,1,2741,3,0,0,0.8311,0.042,UPI,0
3413.6,20,0,615,3,0,0,0.9495,0.0497,UPI,0
778.56,5,1,2513,0,0,0,0.8188,0.0213,Card,0
910.19,22,0,63,4,0,0,0.9068,0.1909,UPI,0
738.0,0,0,922,0,0,0,0.8145,0.0769,UPI,0
146.55,5,0,3283,2,0,0,0.5789,0.2159,Ecommerce,0
334.09,14,0,934,3,0,0,0.9319,0.3875,Card,0
3008.35,13,0,3439,0,0,0,0.1879,0.074,Wallet,0
119.65,16,0,955,3,0,0,0.7865,0.4123,Card,0
490.47,9,0,2228,0,0,0,0.8154,0.1629,NetBanking,0
720.75,0,0,2348,2,0,0,0.7643,0.1323,UPI,0
6841.78,14,0,2220,2,0,0,0.8561,0.0756,Ecommerce,0
2457.83,12,0,1034,3,1,0,0.768,0.1319,Ecommerce,0
610.92,12,1,2657,2,1,0,0.84,0.036,Ecommerce,0
4314.51,9,0,1091,1,0,0,0.7774,0.3321,Card,0
503.94,21,1,2851,2,0,0,0.8876,0.1812,Card,0
3163.88,19,0,1322,2,0,0,0.8916,0.134,UPI,0
263.27,4,0,2930,0,0,0,0.7555,0.1775,Card,0
3384.36,0,0,3430,2,0,1,0.6125,0.4372,UPI,0
715.91,4,0,2643,2,1,0,0.8403,0.3302,NetBanking,0
372.44,1,0,1614,0,0,0,0.9656,0.1216,Ecommerce,0
873.06,17,3,1484,1,0,0,0.8796,0.2668,UPI,0
1467.35,14,0,1325,4,0,0,0.7609,0.4639,Card,0
652.31,11,1,1233,4,0,1,0.7108,0.0601,Wallet,0
1961.87,14,0,1648,3,0,0,0.6548,0.384,Card,0
594.58,19,0,1703,2,0,0,0.9037,0.1865,Card,0
2103.57,19,0,2519,3,1,1,0.6931,0.5081,Ecommerce,0
1744.69,10,0,3114,0,1,1,0.9558,0.1872,NetBanking,1
1028.68,14,0,3093,4,0,0,0.7426,0.0355,UPI,0
689.9,13,0,2117,2,0,0,0.9699,0.4149,UPI,0
1285.78,22,1,3467,4,0,1,0.9164,0.2643,UPI,0
1954.26,18,0,3128,2,0,0,0.5485,0.1978,Card,0
9555.66,7,0,1704,3,0,0,0.5863,0.4888,UPI,0
2940.67,21,1,1446,1,0,0,0.4629,0.1678,UPI,0
3055.78,9,0,1614,6,0,0,0.347,0.1129,Wallet,1
28083.51,18,0,88,1,0,0,0.7269,0.0458,Card,0
1885.14,23,1,1160,1,0,0,0.5875,0.2742,Ecommerce,0
1824.16,19,0,1344,0,1,0,0.9258,0.1876,Wallet,0
2296.67,2,0,2728,1,0,1,0.6059,0.2883,Ecommerce,0
380.16,4,1,924,3,1,0,0.9438,0.12,Card,0
688.08,19,0,2296,3,0,0,0.5097,0.2467,UPI,0
644.53,2,0,1132,0,0,0,0.8132,0.1361,Wallet,0
2164.61,0,0,1276,2,0,0,0.824,0.1286,Card,0
913.35,6,0,247,4,0,0,0.8996,0.5321,UPI,0
1267.92,11,0,1818,3,0,0,0.8102,0.2874,Card,0
3435.19,3,0,346,2,0,0,0.5754,0.2525,Ecommerce,0
2714.35,3,1,725,3,0,0,0.8893,0.1208,UPI,0
925.37,8,1,1759,2,1,0,0.8303,0.3165,Card,0
542.67,14,1,2431,1,0,0,0.93,0.2117,UPI,0
3612.08,13,0,1418,5,0,0,0.5246,0.1495,Ecommerce,0
2471.51,19,0,887,2,0,0,0.5757,0.0378,NetBanking,0
203.05,23,0,3141,2,0,0,0.8832,0.1432,Card,0
789.33,0,0,1227,6,0,0,0.7673,0.1401,Card,1
1304.78,16,0,1127,2,1,1,0.7769,0.2089,UPI,0
2484.36,3,1,244,4,0,1,0.6391,0.1674,UPI,0
2851.52,8,0,1236,1,0,0,0.9154,0.1726,NetBanking,0
1477.49,8,1,775,2,0,0,0.9397,0.234,UPI,0
2027.4,16,1,1243,2,0,0,0.7084,0.3042,UPI,0
1173.03,6,0,687,1,0,0,0.2678,0.3423,UPI,0
540.48,21,1,693,3,0,0,0.7603,0.1023,NetBanking,0
833.53,9,0,2575,1,1,0,0.402,0.4558,UPI,0
1118.72,19,0,1664,1,0,0,0.8508,0.0835,Card,0
1057.42,22,0,2432,4,0,0,0.5984,0.1496,Card,0
151.43,12,0,2021,3,0,0,0.4016,0.1194,UPI,0
722.45,2,0,1886,5,0,0,0.3111,0.3432,UPI,0
1163.3,16,0,1636,0,0,0,0.72,0.3345,UPI,0
816.12,10,0,1358,2,0,0,0.5782,0.0988,Wallet,0
846.27,8,0,922,4,0,0,0.7454,0.1667,NetBanking,0
1830.59,10,0,3113,2,0,0,0.7557,0.1249,Card,0
353.22,7,0,1436,0,1,0,0.5475,0.1231,UPI,0
198.45,6,1,3095,0,0,0,0.9162,0.0767,Card,0
760.84,23,0,2690,2,0,0,0.8292,0.5047,UPI,0
2446.27,6,0,2112,1,0,0,0.8154,0.4337,Card,0
6450.61,11,0,2951,0,0,0,0.5879,0.4967,UPI,0
2492.98,17,0,2305,2,0,1,0.8842,0.2175,Card,0
234.7,5,0,2856,1,0,0,0.813,0.1788,Card,0
859.21,14,1,2789,5,0,0,0.487,0.3493,Wallet,0
1435.78,21,0,2263,6,0,1,0.6067,0.0675,NetBanking,0
1321.43,19,0,2531,4,0,0,0.2989,0.5391,Ecommerce,0
1931.92,0,0,2862,2,0,0,0.4731,0.3438,Ecommerce,0
418.68,9,1,792,1,0,0,0.4721,0.5375,Ecommerce,0
1174.02,0,1,3068,1,0,0,0.805,0.1112,NetBanking,0
1705.03,14,0,1765,3,0,0,0.6008,0.3016,Card,1
2609.61,7,0,434,3,1,1,0.8051,0.3934,NetBanking,0
470.59,21,0,537,2,0,0,0.5203,0.1903,UPI,0
763.25,4,0,2627,3,0,0,0.9093,0.0595,UPI,0
64.14,20,0,2834,1,0,0,0.6102,0.1989,Card,0
571.04,8,0,2291,1,0,0,0.3894,0.2301,Card,0
632.3,22,0,2289,4,0,0,0.8463,0.1991,UPI,0
375.94,4,0,3030,2,0,0,0.463,0.1684,Card,0
1304.91,6,0,3426,1,1,0,0.7139,0.2553,Card,0
1034.07,8,0,2912,4,0,0,0.7498,0.1911,Card,0
102.29,23,0,483,5,0,0,0.6435,0.3248,UPI,0
1375.1,17,0,2809,0,0,0,0.5505,0.4334,Ecommerce,0
413.75,19,0,1788,2,0,0,0.7056,0.2258,UPI,0
1826.16,13,0,2796,0,0,0,0.7703,0.1858,UPI,0
285.45,19,0,2535,1,0,0,0.2563,0.179,Card,0
1131.73,15,1,2374,1,0,1,0.7166,0.0666,UPI,0
814.58,16,0,3036,3,0,0,0.9492,0.1644,Wallet,0
1507.57,20,0,535,2,0,0,0.9339,0.5272,Wallet,0
1250.04,23,0,2987,0,0,0,0.491,0.2266,UPI,0
838.89,13,0,1220,5,0,1,0.9173,0.331,Card,0
218.53,10,0,712,1,1,0,0.5866,0.1719,Card,0
232.51,15,2,2522,2,0,1,0.7788,0.1936,Card,0
594.02,17,0,3438,2,0,0,0.507,0.223,Card,0
1087.14,23,0,313,1,0,0,0.6148,0.2232,Card,0
579.02,16,1,3434,3,1,1,0.9081,0.2966,UPI,1
2114.29,22,0,1203,0,0,0,0.755,0.5459,UPI,0
817.96,17,1,3391,0,0,1,0.6365,0.2993,Card,0
398.11,22,0,179,2,0,0,0.4336,0.1644,NetBanking,0
818.93,18,1,2150,2,0,0,0.6707,0.0493,Card,0
1390.13,21,1,1873,4,0,0,0.9378,0.3265,UPI,0
1542.45,4,0,2912,1,1,0,0.8602,0.1145,Ecommerce,0
7881.69,23,1,1655,1,0,0,0.813,0.2275,UPI,0
543.29,8,1,272,0,0,0,0.5064,0.0117,NetBanking,0
1015.21,19,0,649,2,0,0,0.8943,0.265,NetBanking,0
1715.45,9,0,899,2,0,1,0.4192,0.0569,Ecommerce,1
1069.99,10,0,3050,0,0,0,0.3967,0.2348,Ecommerce,0
648.3,17,2,328,0,0,0,0.5624,0.174,UPI,0
215.57,12,1,2937,3,0,1,0.7653,0.1558,Card,0
641.38,17,1,1772,0,0,0,0.7289,0.4299,UPI,0
355.18,1,1,1981,2,0,0,0.5262,0.0956,Wallet,0
178.94,20,0,3376,2,0,0,0.6727,0.2859,Card,0
475.58,9,1,2686,3,0,1,0.8036,0.1525,Card,0
365.24,18,1,2274,2,0,1,0.7688,0.5934,UPI,0
2024.29,6,0,2886,3,0,0,0.9883,0.3703,Card,0
2061.41,14,1,1618,2,0,0,0.573,0.1801,UPI,0
424.51,14,1,3259,3,0,0,0.8652,0.2118,Card,0
834.44,3,0,2776,4,0,0,0.6814,0.08,UPI,1
155.84,11,0,3419,2,0,0,0.8718,0.2907,NetBanking,0
652.59,15,3,1929,3,0,0,0.6489,0.2226,Ecommerce,1
1667.25,20,1,2251,3,0,0,0.4336,0.4322,UPI,0
2607.6,21,1,1605,1,0,1,0.7818,0.0635,UPI,0
518.69,9,0,3238,4,0,0,0.8654,0.4287,Card,0
3309.15,15,0,2205,0,0,0,0.568,0.5897,UPI,0
223.3,4,1,560,3,0,0,0.673,0.0979,UPI,0
295.89,21,0,1794,0,1,1,0.5859,0.4248,UPI,1
2310.33,20,1,472,2,0,0,0.8733,0.4717,Card,0
6340.27,23,0,2247,4,0,0,0.7756,0.225,UPI,0
1841.07,11,0,2450,2,0,0,0.9492,0.2749,Ecommerce,0
1051.15,8,0,2810,2,1,0,0.815,0.3754,Card,0
109.41,18,0,542,3,0,0,0.4768,0.2302,UPI,0
131.16,17,0,1622,1,0,0,0.5829,0.0893,Card,0
1256.24,5,0,1244,2,0,0,0.8585,0.4467,UPI,0
752.98,12,0,1456,2,1,0,0.8394,0.1574,UPI,0
343.39,15,0,3289,1,0,0,0.8435,0.1961,UPI,0
1174.75,10,0,1958,1,0,0,0.9218,0.2964,UPI,0
1237.55,8,0,1555,3,0,0,0.5484,0.0729,Card,0
2956.13,5,0,3167,2,0,0,0.7139,0.2896,Ecommerce,0
1265.77,9,0,1864,0,0,0,0.7579,0.2547,NetBanking,0
3983.09,5,0,1484,4,0,0,0.6932,0.0338,UPI,0
1105.88,7,0,1894,4,0,0,0.612,0.1845,Wallet,0
971.56,4,1,2968,2,0,0,0.6283,0.3449,Ecommerce,0
3352.72,9,0,1588,3,0,1,0.385,0.0232,Card,0
392.54,15,1,2162,1,0,0,0.7366,0.3848,UPI,0
21060.82,9,0,631,3,0,0,0.4406,0.158,Card,0
1626.23,3,0,50,1,0,0,0.8227,0.3591,Card,0
1635.77,19,0,242,3,0,0,0.8886,0.209,Card,0
1903.31,10,0,1670,1,0,0,0.3608,0.4627,Card,0
7871.42,14,0,2516,2,0,1,0.6237,0.0782,NetBanking,0
2520.3,12,0,742,2,0,0,0.3545,0.7171,UPI,0
203.3,12,1,3300,1,0,0,0.649,0.0722,Card,0
4786.93,10,0,532,6,0,0,0.7098,0.3502,Wallet,0
766.67,18,1,2439,4,0,0,0.7469,0.0833,UPI,0
1227.23,20,0,825,2,0,1,0.9068,0.3048,Ecommerce,0
286.23,21,1,213,4,0,0,0.8621,0.4443,Card,0
1905.52,10,0,2495,2,0,0,0.9618,0.3054,Card,0
553.39,8,0,1816,2,0,1,0.8413,0.4061,NetBanking,0
1218.26,1,0,2198,3,0,0,0.3968,0.3793,Ecommerce,0
813.78,10,1,3295,2,1,0,0.8906,0.5417,UPI,0
8277.23,23,1,1882,0,0,0,0.8644,0.2266,UPI,0
8790.03,6,1,2945,0,0,0,0.5859,0.4021,Ecommerce,0
1151.52,20,1,1736,5,0,0,0.928,0.1481,UPI,0
1172.83,18,2,1226,2,0,0,0.4454,0.3379,UPI,0
740.91,15,0,1366,3,0,1,0.5065,0.0603,NetBanking,0
3502.76,13,0,1211,0,0,0,0.6748,0.2643,UPI,0
776.37,18,0,3103,3,1,0,0.6473,0.2498,Ecommerce,0
704.58,2,0,1793,2,0,0,0.7109,0.2525,NetBanking,0
3064.14,3,0,3264,1,0,1,0.6143,0.1388,UPI,0
623.15,4,2,884,2,0,0,0.542,0.1651,Card,0
1054.01,18,0,2677,1,0,0,0.836,0.3467,Wallet,0
208.43,10,0,410,1,0,1,0.432,0.1034,UPI,0
2297.09,4,2,1013,5,0,1,0.457,0.318,Card,0
8416.17,1,0,123,2,0,0,0.471,0.5097,Ecommerce,0
2338.55,11,0,3199,3,0,0,0.9284,0.2297,Card,0
5089.27,9,0,1049,2,0,0,0.9232,0.2762,UPI,0
451.06,4,1,2868,3,0,0,0.7198,0.0956,Ecommerce,0
1405.49,0,0,1493,4,0,0,0.6686,0.162,Card,0
407.35,18,0,440,3,0,1,0.8886,0.0543,UPI,0
863.37,18,0,1207,3,0,0,0.8898,0.4611,UPI,0
2467.16,5,0,1200,1,0,1,0.9168,0.0666,UPI,0
1220.37,11,0,1784,4,0,0,0.3616,0.3419,UPI,0
248.82,6,0,1151,2,1,0,0.4943,0.0941,UPI,0
275.67,9,0,2368,2,0,0,0.7974,0.0077,UPI,0
257.18,2,2,2557,2,1,0,0.8137,0.2766,Ecommerce,0
1837.25,22,0,549,0,1,0,0.7556,0.1598,UPI,0
9576.71,17,2,1836,2,0,0,0.8782,0.0773,UPI,0
4585.16,21,0,2028,0,0,0,0.8944,0.1999,Ecommerce,0
149.79,7,0,939,2,0,0,0.8493,0.1191,Card,0
4876.24,20,0,2702,1,0,0,0.6222,0.3906,Ecommerce,0
2931.36,12,1,813,3,0,1,0.6825,0.2214,UPI,0
216.47,4,0,3051,2,0,0,0.773,0.4315,Card,0
797.62,7,2,1605,4,0,1,0.8706,0.3002,UPI,0
3464.41,19,0,1285,1,0,0,0.5974,0.1071,Card,0
1954.63,18,0,2333,6,0,0,0.8849,0.2763,UPI,0
277.4,17,0,2171,6,0,0,0.6624,0.2893,UPI,0
2082.41,5,0,1783,2,0,0,0.5716,0.2549,UPI,0
116.24,15,0,2405,1,0,0,0.7591,0.149,UPI,0
867.87,22,2,918,1,0,0,0.9665,0.4591,UPI,0
3622.26,1,1,2832,0,0,0,0.6926,0.2923,UPI,0
1118.02,7,0,2172,5,0,0,0.6671,0.0548,UPI,0
649.44,1,1,750,5,0,0,0.588,0.2291,Card,1
2790.05,2,1,3496,5,0,0,0.7025,0.4416,UPI,0
3051.81,23,0,3029,1,1,0,0.6088,0.0714,Card,0
4339.62,5,0,624,2,0,0,0.7424,0.0649,UPI,0
2746.44,4,0,2747,0,0,0,0.7481,0.0669,UPI,0
3413.33,1,0,1852,3,0,0,0.7912,0.283,Card,0
2367.42,23,0,2695,0,0,1,0.7666,0.1357,Card,0
1449.26,11,0,1319,0,0,0,0.883,0.1736,Card,0
1204.7,18,1,860,2,0,0,0.6575,0.1816,Ecommerce,0
854.81,6,0,769,0,0,0,0.622,0.2372,Card,0
307.05,15,0,237,0,1,1,0.7786,0.4055,NetBanking,0
402.19,21,0,3065,3,0,0,0.9165,0.1788,Ecommerce,0
815.57,16,0,1098,2,0,0,0.9005,0.4673,Wallet,0
1413.08,12,0,3352,1,0,0,0.7458,0.1135,Card,0
4978.35,5,0,795,3,0,0,0.7582,0.2797,UPI,0
1049.55,5,1,1230,2,0,0,0.6934,0.1538,UPI,0
3145.25,14,0,3077,2,0,1,0.7217,0.234,Ecommerce,0
3405.96,10,1,1220,3,0,0,0.2988,0.14,UPI,0
860.04,1,0,2656,4,1,0,0.8142,0.4835,NetBanking,0
2047.6,4,2,327,2,0,0,0.8344,0.0845,NetBanking,0
849.2,10,0,3339,0,0,0,0.8124,0.1812,UPI,0
4395.09,4,0,2164,1,0,0,0.6594,0.4084,UPI,0
2138.02,13,0,2627,1,0,0,0.5899,0.5758,Card,0
314.19,7,0,99,2,0,0,0.88,0.1283,NetBanking,0
1299.33,6,0,3376,2,0,0,0.7604,0.3858,Wallet,0
6188.93,2,1,1740,1,0,0,0.526,0.1089,UPI,0
906.61,12,0,746,4,0,0,0.758,0.1038,UPI,0
1754.78,4,1,540,4,0,0,0.4493,0.0967,Wallet,0
1945.3,15,0,311,1,0,0,0.5278,0.1063,Card,0
369.28,22,0,2355,5,0,0,0.7927,0.2296,UPI,0
1874.77,21,0,750,1,0,0,0.8321,0.0981,UPI,0
253.78,16,0,3251,2,0,0,0.3978,0.2653,UPI,0
568.55,19,0,802,2,0,0,0.7645,0.2062,UPI,0
3393.13,22,1,317,2,0,0,0.9635,0.3845,Card,0
1594.94,16,2,2985,2,0,0,0.2495,0.3355,Ecommerce,0
796.56,6,0,2723,0,0,0,0.7255,0.2603,UPI,0
1752.47,12,1,1819,2,0,0,0.7143,0.3263,Card,0
1029.58,20,0,2908,3,0,0,0.5439,0.3604,UPI,0
1111.21,16,0,2542,3,0,0,0.847,0.2961,UPI,0
2185.63,8,0,622,1,0,0,0.7603,0.3024,Wallet,0
510.95,4,0,1459,6,0,0,0.8731,0.1509,UPI,0
1144.08,3,0,3229,1,0,0,0.8711,0.0351,Wallet,0
790.07,9,0,2375,3,0,0,0.73,0.3368,Card,0
207.5,19,1,2175,3,0,0,0.6355,0.1991,UPI,0
417.18,13,1,626,1,0,0,0.7127,0.1567,Ecommerce,0
5690.86,1,0,1875,4,0,0,0.8642,0.1178,UPI,0
1642.47,22,0,586,2,0,0,0.3365,0.1037,NetBanking,0
273.21,9,0,2352,0,0,0,0.8079,0.1125,Card,0
217.59,9,0,783,0,0,0,0.8149,0.3506,Card,0
974.8,19,1,1013,7,0,0,0.5372,0.0508,UPI,0
5649.07,9,1,2010,1,0,0,0.9336,0.1567,Ecommerce,0
901.36,14,0,95,0,0,0,0.9,0.2314,UPI,0
4325.79,22,0,2450,4,0,1,0.7631,0.0639,UPI,0
1586.88,12,1,1551,5,0,0,0.9622,0.1361,NetBanking,0
1798.69,14,0,1796,6,0,0,0.6618,0.2561,Wallet,0
269.75,8,0,2603,2,0,0,0.6615,0.2965,Card,0
2934.81,21,0,2697,0,0,0,0.9543,0.1106,NetBanking,0
771.49,1,0,3215,2,1,0,0.6996,0.0805,Ecommerce,0
2714.19,6,1,635,2,0,0,0.7012,0.0979,NetBanking,0
466.44,23,1,1509,2,0,0,0.5639,0.0558,UPI,0
1320.68,11,2,340,2,0,0,0.6372,0.145,NetBanking,0
1587.0,4,2,927,3,1,0,0.6906,0.2367,Ecommerce,0
932.87,9,0,1934,2,0,1,0.5206,0.0276,UPI,0
1677.02,6,0,465,4,0,0,0.7212,0.1201,UPI,0
829.05,12,0,1563,2,0,0,0.8584,0.6013,UPI,0
554.73,5,0,3274,4,0,0,0.9565,0.6763,UPI,0
5918.02,9,0,254,1,0,0,0.732,0.1465,Card,0
3299.09,21,0,813,2,0,0,0.8277,0.4242,NetBanking,0
493.29,1,0,994,1,0,0,0.5422,0.4102,Wallet,0
1991.94,18,0,3189,2,0,0,0.6318,0.2771,UPI,0
502.8,1,0,2572,1,0,1,0.6874,0.644,UPI,0
316.11,10,1,648,2,0,0,0.7726,0.245,Ecommerce,0
3247.04,16,0,2454,3,0,0,0.4188,0.215,Ecommerce,0
183.22,22,0,70,3,0,0,0.9063,0.1956,UPI,0
2902.13,6,1,2794,2,0,1,0.6007,0.1704,Ecommerce,0
841.04,1,0,790,0,1,0,0.2871,0.0874,Card,0
878.2,18,0,2493,1,0,0,0.9121,0.3378,UPI,0
1686.21,21,0,1728,3,0,0,0.8694,0.1239,NetBanking,0
2018.8,13,1,2569,3,0,0,0.9222,0.0942,UPI,0
460.51,1,0,1225,1,0,0,0.8747,0.5603,UPI,0
2329.97,12,0,1861,3,0,0,0.7719,0.1934,NetBanking,0
1235.26,9,1,3177,4,0,0,0.7128,0.158,UPI,0
293.28,10,1,2811,3,0,0,0.7487,0.0098,Card,0
917.48,1,0,1910,2,1,0,0.687,0.269,UPI,0
4676.68,7,0,3229,0,0,0,0.8229,0.4415,Card,0
6376.82,23,1,418,3,0,0,0.922,0.1732,Card,0
2329.05,1,0,2452,1,0,0,0.8749,0.4497,Ecommerce,0
314.23,21,0,2191,1,0,0,0.8763,0.2795,Ecommerce,0
1835.62,12,0,903,4,0,0,0.8607,0.1991,Card,0
2679.55,14,0,1365,5,0,0,0.5561,0.1737,UPI,0
2349.58,22,1,1424,3,0,1,0.2615,0.1335,UPI,0
2500.39,5,0,2378,4,0,1,0.6306,0.111,Card,0
1605.88,23,0,2189,3,1,0,0.5806,0.2098,NetBanking,0
1016.34,6,0,2753,1,0,0,0.4928,0.1273,UPI,0
578.95,8,1,2302,1,0,0,0.7431,0.142,NetBanking,0
149.48,10,1,3449,3,0,0,0.9134,0.0383,UPI,0
1566.54,14,0,2905,1,0,0,0.6804,0.0574,Ecommerce,0
1333.22,7,0,2021,0,0,0,0.7363,0.1944,UPI,0
1969.34,19,0,71,2,0,0,0.9373,0.0438,Card,0
269.23,0,0,1288,3,0,0,0.6362,0.0528,UPI,0
2158.71,15,0,452,2,0,0,0.91,0.1878,Ecommerce,0
9483.16,15,1,1521,4,0,0,0.7748,0.2543,NetBanking,0
1190.79,12,0,3476,1,0,0,0.6474,0.1157,Card,0
1027.88,14,0,1413,1,0,0,0.8538,0.258,UPI,0
1516.94,17,0,2862,2,0,0,0.7328,0.0822,UPI,0
9264.58,21,0,1580,1,0,0,0.2,0.3284,NetBanking,0
374.34,5,0,2021,1,0,0,0.5659,0.1468,UPI,0
1357.46,11,0,111,3,0,0,0.5565,0.5175,UPI,0
473.6,13,0,2408,1,0,0,0.7203,0.2793,NetBanking,0
617.48,8,0,870,2,0,0,0.5066,0.2891,Ecommerce,0
1040.99,23,1,1613,3,0,0,0.5597,0.2465,UPI,0
4512.87,12,1,3457,1,0,0,0.7686,0.3352,Card,0
7266.57,14,2,787,6,0,0,0.9026,0.2647,NetBanking,0
1755.57,4,0,3248,4,0,0,0.8464,0.2748,NetBanking,0
738.47,9,0,2902,1,0,0,0.5995,0.6702,Card,0
15023.57,15,0,175,2,0,0,0.9216,0.1065,UPI,0
699.99,10,0,1296,2,0,0,0.3051,0.2152,Card,0
602.03,18,0,3428,1,0,0,0.7766,0.3364,UPI,0
170.09,3,1,1592,1,0,1,0.9725,0.1843,UPI,0
4749.98,3,1,2773,3,1,0,0.5838,0.1553,Ecommerce,0
3031.03,8,0,3216,2,0,0,0.6633,0.4557,Card,0
13886.82,7,0,16,2,0,0,0.5572,0.3227,UPI,0
254.93,19,0,2561,5,0,0,0.5642,0.2438,Ecommerce,0
5069.92,20,0,3197,2,0,0,0.8109,0.3274,UPI,0
1180.44,11,0,2024,3,0,0,0.2739,0.4422,Ecommerce,0
2556.53,12,0,3361,2,0,0,0.608,0.0573,UPI,0
194.38,7,0,2449,1,0,0,0.812,0.1426,UPI,0
5122.95,12,1,2203,2,0,1,0.6004,0.3043,Ecommerce,0
2504.5,16,1,438,4,0,0,0.407,0.2775,UPI,0
1052.73,17,0,2760,4,1,1,0.6017,0.086,Wallet,0
2158.93,23,0,2995,1,0,0,0.9015,0.1448,UPI,0
490.89,13,1,1168,1,0,0,0.72,0.2853,Ecommerce,0
596.8,8,0,559,3,0,0,0.8248,0.2244,UPI,0
674.1,1,2,2006,2,0,0,0.8532,0.2883,Wallet,0
156.75,16,1,3285,3,0,0,0.6722,0.0165,Ecommerce,0
2710.39,19,1,2562,1,0,0,0.7529,0.0045,UPI,0
3832.12,13,1,2837,1,1,0,0.85,0.2743,Card,0
525.1,22,0,1967,3,1,0,0.6047,0.07,NetBanking,0
1580.68,7,0,1466,2,0,0,0.9771,0.4358,UPI,0
829.8,1,1,1070,3,0,0,0.9458,0.3655,NetBanking,0
1547.95,15,1,2827,3,0,0,0.5171,0.25,Wallet,0
567.39,2,0,2274,2,0,0,0.5712,0.2736,UPI,0
433.72,2,0,2619,3,0,0,0.4083,0.1932,UPI,0
3309.92,16,0,2935,2,0,0,0.6902,0.351,Ecommerce,0
1025.5,10,0,3427,0,0,0,0.6831,0.0875,NetBanking,0
9165.62,14,1,2927,0,0,0,0.7381,0.4342,Card,0
1151.28,17,0,1566,2,0,0,0.5053,0.1039,NetBanking,0
414.73,9,0,468,3,0,0,0.9502,0.0893,Card,0
3977.02,14,1,1960,2,0,0,0.6826,0.2403,Ecommerce,0
2126.73,12,1,1562,2,0,0,0.7088,0.2434,Ecommerce,0
2352.46,13,1,3273,4,0,0,0.8665,0.0928,Card,0
3828.13,16,1,142,2,0,0,0.7944,0.0967,UPI,0
552.56,9,1,2997,3,1,1,0.6744,0.3863,UPI,1
959.47,12,1,2217,0,0,0,0.5991,0.0132,UPI,0
915.96,14,0,252,3,0,0,0.945,0.0899,NetBanking,0
282.79,3,0,852,3,0,0,0.6693,0.2783,UPI,0
831.5,5,0,224,1,0,1,0.5794,0.4683,UPI,0
4461.31,2,0,3256,2,0,0,0.6483,0.203,NetBanking,0
1406.99,4,0,2259,4,0,0,0.8374,0.235,Ecommerce,0
266.84,10,0,2166,0,0,0,0.5965,0.1169,Ecommerce,0
214.08,22,0,1823,1,0,0,0.8815,0.4403,UPI,0
6298.17,22,0,1406,4,0,0,0.6955,0.0881,NetBanking,0
997.41,18,1,605,1,0,0,0.8461,0.3685,Ecommerce,0
555.69,13,0,2562,1,0,0,0.5455,0.1727,UPI,0
822.47,4,0,468,1,0,0,0.863,0.2139,NetBanking,0
232.49,8,1,731,2,0,0,0.7517,0.5137,Ecommerce,0
4886.59,18,0,3419,1,0,0,0.7528,0.1368,UPI,0
725.81,21,2,326,0,0,0,0.4268,0.4485,UPI,0
4609.02,23,2,3328,3,0,1,0.8857,0.1348,UPI,0
1157.75,9,0,312,0,0,0,0.6564,0.5505,UPI,0
4919.73,11,0,1706,3,0,0,0.7943,0.2268,Ecommerce,0
1435.87,12,1,2042,2,0,0,0.7586,0.2524,UPI,0
2686.23,1,0,403,3,0,0,0.6021,0.3042,UPI,0
2333.32,2,1,3111,2,0,0,0.9424,0.0847,Card,0
2110.03,1,0,3350,2,0,0,0.9064,0.239,Card,0
1580.24,17,2,785,1,0,0,0.5634,0.1397,UPI,0
858.77,5,1,781,2,1,0,0.5847,0.1015,UPI,0
8194.4,16,1,2661,3,1,1,0.4682,0.2386,Card,0
423.15,9,2,1305,3,0,0,0.608,0.6585,Card,1
1101.6,19,1,138,2,0,1,0.5637,0.3904,Card,0
1113.91,2,0,2627,0,0,0,0.9257,0.5942,Ecommerce,0
1673.32,7,0,1241,0,0,0,0.4672,0.077,NetBanking,0
698.58,4,0,1429,2,0,0,0.7469,0.2388,UPI,0
1526.12,10,1,2290,3,0,0,0.8763,0.2955,Card,0
918.48,13,0,2022,4,0,0,0.7141,0.296,Card,0
208.29,4,0,2893,4,0,0,0.7973,0.0471,Card,0
1107.69,16,0,2794,4,1,0,0.8106,0.1918,Ecommerce,0
345.3,23,0,3301,2,0,0,0.6214,0.0629,UPI,0
177.49,1,2,3213,2,0,0,0.802,0.109,UPI,0
1266.13,2,1,2216,4,0,0,0.7299,0.4302,Ecommerce,0
1830.38,22,0,1951,3,0,1,0.5466,0.414,NetBanking,0
1906.52,15,0,1623,1,0,0,0.8865,0.3094,UPI,0
1989.28,22,1,2328,1,0,0,0.6956,0.0717,Card,0
144.14,16,0,218,4,0,0,0.9035,0.2997,Ecommerce,0
262.68,17,0,1412,3,1,0,0.2679,0.1777,NetBanking,0
8709.74,3,0,969,0,0,1,0.5393,0.2513,UPI,0
365.19,12,0,1950,2,0,0,0.4512,0.0921,UPI,0
2082.62,8,0,3231,4,0,0,0.7454,0.7006,Card,0
533.1,20,1,1687,4,0,0,0.8426,0.0745,UPI,0
1192.32,1,0,2043,2,0,0,0.9013,0.111,UPI,0
564.02,0,0,1413,2,0,0,0.6414,0.2937,Card,0
1977.56,13,0,1203,1,0,0,0.6644,0.354,NetBanking,0
1265.99,23,1,2385,2,0,0,0.6492,0.1855,UPI,0
684.92,23,0,876,3,1,0,0.7972,0.5605,Card,0
364.06,14,2,3077,4,0,0,0.4205,0.0639,Card,0
1452.68,10,0,404,1,0,0,0.7451,0.2795,Card,0
306.94,6,1,783,2,0,0,0.7169,0.1537,Ecommerce,0
1717.9,23,1,2632,3,0,0,0.7127,0.4112,NetBanking,0
17288.71,4,1,296,2,0,0,0.9162,0.2927,Ecommerce,0
4526.38,3,0,1447,2,0,1,0.5266,0.1412,Ecommerce,1
2331.5,12,1,1326,3,0,0,0.6519,0.2588,Ecommerce,0
1002.36,9,0,3278,2,1,0,0.4852,0.2679,Wallet,0
143.21,11,0,561,2,0,0,0.7702,0.4476,Card,0
273.58,21,1,1594,2,0,0,0.6541,0.2532,UPI,0
4217.22,6,0,1612,1,0,0,0.6534,0.2726,UPI,0
478.55,21,0,2865,4,0,0,0.873,0.6633,Card,0
526.25,5,0,1896,3,0,0,0.8156,0.4925,Card,0
921.56,7,1,461,2,0,0,0.9105,0.5719,Card,0
359.55,0,0,3047,2,0,0,0.8486,0.2331,UPI,0
302.44,16,0,534,0,0,0,0.4299,0.3778,NetBanking,0
1040.03,20,0,2434,3,0,0,0.3066,0.0473,Wallet,0
430.05,21,0,961,2,0,0,0.5774,0.5281,Card,0
503.67,4,0,432,1,1,0,0.6748,0.5884,NetBanking,0
482.87,18,1,674,1,0,0,0.7227,0.1445,Card,0
1897.85,3,1,3304,3,0,0,0.518,0.4388,Card,0
859.43,15,1,3418,1,0,0,0.5494,0.0613,UPI,0
909.14,16,0,2103,2,1,1,0.5716,0.3582,UPI,0
2052.46,3,0,2829,2,0,0,0.737,0.0119,UPI,0
944.69,2,0,3160,2,0,1,0.7642,0.3329,Card,0
818.79,1,0,1224,0,0,1,0.8345,0.2539,UPI,0
1797.18,17,0,2653,2,0,0,0.8172,0.1446,NetBanking,0
2211.9,14,2,1822,3,0,0,0.6907,0.3333,NetBanking,0
939.71,2,1,611,2,0,0,0.666,0.1022,Card,0
1193.49,12,0,1869,2,0,0,0.8616,0.0735,UPI,0
482.57,19,1,167,2,0,0,0.408,0.0106,UPI,0
444.2,5,0,2127,3,0,0,0.8806,0.0943,UPI,0
2459.23,14,0,915,3,0,1,0.8038,0.2986,UPI,0
1749.68,7,0,368,2,0,0,0.6733,0.3419,UPI,0
1768.81,6,1,2470,1,0,0,0.8083,0.0455,UPI,0
1472.77,9,0,1225,2,0,1,0.657,0.374,NetBanking,0
1151.15,8,0,1568,7,0,0,0.7955,0.2191,UPI,0
2278.41,11,0,307,3,1,0,0.3239,0.5715,Card,0
2927.38,4,0,286,4,0,0,0.5699,0.1253,UPI,0
2854.89,9,1,3217,2,0,0,0.8787,0.0489,UPI,0
986.52,14,1,2102,3,0,0,0.843,0.4225,Wallet,0
4704.82,9,0,1416,3,0,0,0.6924,0.1138,Ecommerce,0
1393.93,15,0,2332,2,0,0,0.9571,0.2001,NetBanking,0
2130.25,2,0,2546,1,0,0,0.922,0.1736,Wallet,0
1474.67,3,1,404,1,0,0,0.9181,0.2374,Ecommerce,0
1421.34,20,0,3223,1,0,0,0.9836,0.2592,UPI,0
506.47,11,2,2296,0,0,0,0.5304,0.1581,Card,0
2290.25,14,0,1087,1,0,0,0.9179,0.2081,Card,0
21754.13,17,1,945,2,0,0,0.9716,0.3711,Ecommerce,0
739.86,3,0,313,2,0,0,0.4436,0.14,UPI,0
1181.51,23,0,903,3,1,0,0.7334,0.0557,UPI,0
686.42,10,0,1181,2,0,0,0.88,0.2442,Ecommerce,0
656.93,21,0,751,1,0,0,0.796,0.1724,Ecommerce,0
5550.66,10,0,2350,3,0,0,0.7637,0.0309,UPI,0
540.98,9,0,889,5,0,0,0.6902,0.4126,UPI,0
666.62,14,0,1752,2,0,1,0.3395,0.3966,UPI,0
207.09,4,0,1958,0,0,0,0.8305,0.1899,NetBanking,0
494.98,14,0,268,4,0,0,0.7171,0.1037,Card,0
182.4,23,0,596,2,0,0,0.8399,0.1569,UPI,0
2128.97,15,0,252,3,0,0,0.8284,0.4452,UPI,0
20737.15,1,2,2420,2,0,1,0.9117,0.316,UPI,0
746.2,16,2,2450,1,0,1,0.9008,0.1156,Card,0
190.55,0,1,458,2,0,0,0.7553,0.2637,UPI,0
2821.43,2,0,2579,2,0,0,0.6742,0.0953,NetBanking,0
511.18,6,1,2840,2,0,0,0.864,0.0512,UPI,0
4291.17,7,0,389,1,0,0,0.8922,0.2707,UPI,0
815.56,0,0,415,1,1,0,0.9383,0.2869,UPI,0
564.87,0,0,2782,3,0,0,0.6288,0.2516,UPI,0
909.73,18,0,1085,2,1,0,0.8138,0.2129,UPI,0
2430.05,10,0,1214,2,0,0,0.7405,0.1959,NetBanking,0
863.69,4,1,2062,3,0,0,0.5951,0.4253,UPI,0
650.95,10,1,245,2,0,0,0.6767,0.1371,UPI,0
890.0,16,0,1536,1,0,0,0.6206,0.3263,UPI,0
288.46,17,1,1173,1,0,0,0.7679,0.1806,UPI,0
1663.84,6,0,2880,3,0,0,0.7296,0.3009,UPI,0
168.0,4,1,2558,2,1,0,0.8524,0.2942,UPI,0
687.92,23,0,1008,0,0,0,0.675,0.2818,UPI,0
2434.15,15,1,2297,5,0,1,0.7305,0.2405,UPI,0
1507.49,23,0,1413,2,0,0,0.8156,0.5186,UPI,0
2038.23,7,0,1688,2,0,0,0.9362,0.3397,Ecommerce,0
1024.24,2,0,2575,1,1,0,0.9472,0.3145,NetBanking,0
3745.21,9,0,983,3,0,0,0.5653,0.1981,UPI,0
2895.56,7,0,2026,7,0,0,0.7742,0.2843,NetBanking,0
1751.89,17,0,1466,1,0,0,0.4392,0.3415,Ecommerce,0
2904.23,17,1,2277,1,0,0,0.9161,0.4012,Card,0
2411.36,1,0,1339,2,0,0,0.5724,0.1071,Card,0
691.29,14,0,3274,2,0,0,0.6046,0.1853,UPI,0
267.44,8,0,1369,2,0,0,0.8785,0.52,Card,0
1705.1,14,1,389,3,1,0,0.8137,0.0426,NetBanking,0
1945.73,9,1,1717,1,0,0,0.7991,0.1853,NetBanking,0
3446.09,12,2,840,1,0,0,0.8922,0.1335,UPI,0
410.29,17,0,1597,4,1,0,0.8179,0.3122,Card,0
423.37,7,0,3222,1,0,0,0.5805,0.1552,UPI,0
1777.38,4,0,364,3,0,0,0.686,0.2402,Card,0
1017.67,16,1,155,2,1,0,0.603,0.6147,Wallet,0
151.4,22,0,1020,3,0,0,0.6985,0.3654,UPI,0
1625.98,10,2,1529,1,0,0,0.5703,0.4676,Ecommerce,0
156.8,23,1,457,2,0,0,0.8892,0.5071,UPI,0
406.46,4,0,2437,3,0,0,0.5592,0.3441,Card,0
4533.57,19,0,2110,1,0,0,0.5713,0.4141,NetBanking,0
7451.14,23,0,2458,1,0,0,0.877,0.1285,UPI,0
305.99,7,0,1483,1,0,0,0.8824,0.5654,Ecommerce,0
775.99,3,0,3257,2,0,0,0.4767,0.1437,Ecommerce,0
1146.83,15,0,2354,0,0,0,0.5584,0.1231,Wallet,0
7117.33,20,1,3222,2,0,0,0.8841,0.3071,Ecommerce,0
653.59,1,1,312,1,0,0,0.9189,0.0802,UPI,0
664.66,15,0,2338,8,0,0,0.9355,0.0457,Ecommerce,0
5575.64,20,0,1211,4,0,0,0.7325,0.0516,UPI,0
739.87,0,0,680,1,0,0,0.8265,0.0927,Card,0
2340.95,12,0,636,2,0,0,0.6928,0.1867,UPI,0
232.53,1,1,693,1,0,0,0.5552,0.3113,Card,0
916.17,4,0,328,2,0,1,0.7118,0.5089,Ecommerce,0
191.99,11,2,1594,1,0,0,0.8246,0.1064,NetBanking,0
362.05,7,1,2708,2,0,0,0.6398,0.2451,NetBanking,0
2646.94,2,0,1626,2,1,0,0.6693,0.2444,Card,0
1040.65,19,1,464,1,0,0,0.8157,0.6352,UPI,0
784.42,4,1,2477,1,0,0,0.8813,0.2176,UPI,0
499.6,20,1,617,3,0,0,0.6351,0.246,Card,0
869.84,4,0,3041,4,1,0,0.5299,0.0219,UPI,0
1504.43,12,0,1288,1,0,1,0.7652,0.0539,UPI,0
3078.08,17,0,11,1,0,0,0.6098,0.1714,Wallet,0
69.66,11,1,1029,1,0,1,0.6704,0.3934,NetBanking,0
457.9,10,1,2914,3,0,0,0.5748,0.1151,Card,0
1296.02,18,0,3219,1,0,0,0.4816,0.2116,NetBanking,0
988.51,0,1,1480,1,0,0,0.8995,0.2773,NetBanking,0
1674.96,19,0,3460,1,0,0,0.8659,0.082,NetBanking,0
1452.32,16,0,816,1,1,0,0.6479,0.2113,Card,0
796.23,18,1,1482,3,0,0,0.8696,0.4142,Card,0
630.68,10,0,1608,0,0,0,0.6568,0.1241,NetBanking,0
847.44,9,0,709,3,0,1,0.7822,0.0751,UPI,0
3663.52,13,0,1345,2,0,0,0.7783,0.1012,Ecommerce,0
508.46,15,0,1746,3,0,0,0.8883,0.2483,NetBanking,0
1026.65,22,0,2450,2,0,0,0.9193,0.1669,UPI,0
1329.44,20,0,1738,1,0,0,0.6638,0.1282,Card,0
5644.11,1,1,368,2,0,0,0.635,0.1089,UPI,0
800.05,3,1,1634,3,0,0,0.635,0.1256,Wallet,0
3001.14,22,0,2970,2,0,0,0.756,0.2853,UPI,0
3998.12,9,0,78,3,0,0,0.5345,0.2126,NetBanking,0
1025.63,13,0,3493,3,0,0,0.7883,0.1254,UPI,0
878.96,1,0,455,3,0,0,0.3353,0.4195,Card,0
776.26,2,1,38,1,0,0,0.5634,0.0885,Card,0
838.31,9,1,499,1,0,0,0.8903,0.2642,UPI,0
2689.07,17,1,881,2,0,0,0.9175,0.2802,Card,0
1397.67,18,1,1235,5,0,0,0.8569,0.2831,Ecommerce,0
1403.96,21,0,2904,1,0,1,0.8608,0.3943,UPI,0
336.47,4,1,2035,1,1,0,0.7304,0.3124,UPI,0
397.08,4,0,2237,4,0,0,0.9356,0.2884,NetBanking,0
10411.01,13,1,3073,3,0,0,0.7966,0.0991,Ecommerce,0
909.85,13,2,466,0,0,0,0.7947,0.4484,Ecommerce,0
486.14,0,2,787,4,0,0,0.7024,0.2806,Card,0
4927.83,10,1,3388,4,0,0,0.7254,0.2628,UPI,0
1474.24,21,0,2700,2,0,0,0.7292,0.2129,Card,0
2012.36,3,0,213,1,0,0,0.4463,0.354,Ecommerce,0
948.66,19,0,797,1,1,1,0.849,0.1643,Card,0
784.77,10,0,1311,4,0,0,0.6034,0.1798,UPI,0
917.76,12,0,120,5,0,0,0.8827,0.1623,Wallet,0
256.76,15,0,2043,1,0,0,0.7901,0.1493,Ecommerce,0
999.92,16,3,2276,2,0,0,0.8608,0.2234,Ecommerce,0
1496.43,15,0,1180,3,0,0,0.9832,0.1157,Card,0
7654.02,2,0,756,2,0,0,0.7983,0.4091,UPI,0
1200.27,7,0,1492,4,0,0,0.8681,0.239,Ecommerce,0
94.55,20,0,3219,3,0,0,0.9153,0.2404,Wallet,0
993.58,0,0,2516,4,0,1,0.5898,0.5335,UPI,0
19467.06,17,1,3267,2,0,0,0.6827,0.1055,Wallet,0
2723.53,12,2,1938,4,0,1,0.9516,0.6143,UPI,0
468.05,2,0,373,2,0,0,0.6678,0.1639,Card,0
2039.91,2,0,216,3,0,0,0.7595,0.2227,NetBanking,0
503.15,23,1,687,3,0,0,0.2893,0.1257,Wallet,0
264.67,0,0,1826,5,0,0,0.689,0.2316,UPI,0
760.68,0,2,741,3,0,0,0.8267,0.582,Ecommerce,0
1207.25,0,0,1115,4,0,0,0.3496,0.2763,Ecommerce,0
153.58,15,0,3190,0,0,0,0.6882,0.3419,UPI,0
328.12,22,1,158,0,0,0,0.8639,0.3627,UPI,0
1108.6,4,0,279,2,0,0,0.7856,0.1287,NetBanking,0
714.38,19,0,1368,4,0,0,0.8631,0.3398,UPI,0
1659.97,17,0,2630,0,0,0,0.6489,0.1398,Ecommerce,0
306.31,5,0,2884,3,0,0,0.7187,0.1922,Ecommerce,0
2321.15,1,1,1011,4,0,0,0.3849,0.0182,NetBanking,0
316.41,11,0,1022,0,0,1,0.6854,0.3206,Wallet,0
6154.08,1,2,2041,2,0,0,0.8416,0.2102,Card,0
180.99,2,1,3031,1,0,0,0.9258,0.3232,Card,0
348.21,11,0,626,1,0,0,0.5236,0.6078,Card,0
1699.75,19,0,3123,3,0,0,0.4651,0.1103,Card,0
6294.58,23,0,2824,2,0,0,0.8864,0.296,UPI,0
1526.6,15,1,942,2,0,0,0.8102,0.207,NetBanking,0
1980.29,6,0,2350,3,0,0,0.6999,0.1128,Card,0
1117.01,7,0,2203,2,0,0,0.9291,0.243,UPI,0
373.26,14,1,80,5,0,0,0.8659,0.1996,UPI,0
655.47,4,0,1410,0,0,0,0.7395,0.1756,UPI,0
307.2,12,0,835,6,0,0,0.8962,0.0595,Wallet,0
286.39,18,0,244,2,0,0,0.9497,0.3991,NetBanking,0
1672.1,20,0,1635,3,0,0,0.9552,0.4844,UPI,0
337.2,1,0,2461,3,0,1,0.6098,0.3357,UPI,0
1533.84,6,0,1862,2,0,0,0.7413,0.3556,NetBanking,0
279.52,6,0,316,0,0,0,0.8137,0.3832,UPI,0
1496.98,13,0,2896,4,0,0,0.6814,0.061,Card,0
656.47,4,0,252,0,0,1,0.5562,0.2174,UPI,0
4802.76,22,0,1358,3,0,0,0.6259,0.1209,UPI,0
1540.57,22,0,1992,3,0,1,0.659,0.671,Wallet,0
4014.11,7,1,3244,2,0,1,0.9093,0.0553,Ecommerce,0
496.0,9,0,2640,0,0,0,0.6543,0.1374,UPI,0
1163.22,10,0,684,3,0,0,0.9802,0.0782,Ecommerce,0
391.45,1,0,1501,1,0,0,0.6178,0.5816,Ecommerce,0
710.32,21,0,3002,5,0,0,0.3668,0.2355,Ecommerce,0
832.8,18,0,872,2,0,0,0.8565,0.3122,UPI,0
511.76,7,1,3165,8,1,0,0.7066,0.4104,Ecommerce,1
306.04,13,0,1870,3,1,0,0.9455,0.1528,UPI,0
248.59,9,0,2196,0,0,0,0.6527,0.1809,UPI,0
94.0,5,0,2322,1,0,0,0.8255,0.23,Card,0
361.71,7,0,3386,1,1,0,0.923,0.1298,UPI,0
2119.36,2,0,2409,3,0,0,0.8342,0.1729,UPI,0
204.71,19,0,1441,0,0,0,0.5422,0.4033,NetBanking,0
260.73,15,1,2068,2,0,1,0.6886,0.2057,UPI,0
7189.98,22,0,2449,1,0,0,0.5154,0.1778,Ecommerce,0
562.1,0,2,2095,4,1,0,0.1756,0.087,Wallet,1
1536.25,15,2,42,0,0,0,0.477,0.2485,Card,0
2152.6,13,0,3157,2,0,0,0.4461,0.0511,Ecommerce,0
2198.77,14,0,966,0,0,0,0.6924,0.1422,Ecommerce,0
221.75,23,0,2280,7,0,1,0.9119,0.0624,Card,0
860.39,9,1,1985,0,0,0,0.8843,0.1688,UPI,0
200.51,3,0,426,2,0,0,0.9252,0.1144,UPI,0
14308.85,0,0,3066,1,0,0,0.7862,0.3558,UPI,0
205.49,11,1,297,2,0,0,0.6405,0.1445,UPI,0
364.95,4,0,3335,4,0,0,0.7462,0.3216,UPI,0
367.74,3,0,3226,2,0,1,0.6289,0.3932,Card,0
227.81,3,0,2030,2,0,0,0.8199,0.1347,Card,0
4537.92,6,0,3340,3,0,0,0.9784,0.2037,Card,0
13954.68,2,0,2996,0,0,0,0.5322,0.1353,Ecommerce,0
665.45,11,0,3150,3,0,0,0.7408,0.1872,Card,0
274.12,15,0,2798,3,0,0,0.4933,0.0896,UPI,0
104.71,6,0,3252,2,0,0,0.4245,0.693,Card,0
848.68,3,0,2709,1,0,0,0.7105,0.3362,UPI,0
786.68,13,0,3081,5,0,0,0.5997,0.1768,UPI,0
553.43,2,0,396,1,0,0,0.7281,0.1567,UPI,0
1383.6,17,0,1498,4,0,0,0.9384,0.4538,UPI,0
1660.6,9,0,1678,3,0,0,0.7816,0.7127,Card,0
1539.54,9,0,3183,4,0,0,0.9314,0.4109,UPI,0
786.87,5,0,1705,0,0,0,0.9634,0.46,Ecommerce,0
344.91,6,0,1543,2,0,0,0.6173,0.0092,NetBanking,0
2206.42,3,0,2757,3,0,0,0.7067,0.1548,Wallet,0
1111.14,13,0,2278,6,0,0,0.8743,0.4459,Card,0
2787.15,3,1,2054,2,0,0,0.8529,0.0899,UPI,0
2513.87,16,0,3198,2,0,0,0.8005,0.2072,UPI,0
246.45,6,1,2870,2,0,0,0.6845,0.1768,UPI,0
243.24,13,1,2491,1,0,0,0.6851,0.2,Card,0
496.05,12,0,3347,4,0,0,0.8508,0.2105,UPI,0
361.74,15,1,175,2,0,0,0.6555,0.3508,Ecommerce,0
2423.61,18,1,1944,1,0,0,0.9151,0.1678,UPI,0
1585.85,13,0,115,0,0,0,0.603,0.1808,UPI,0
3477.76,20,0,2772,2,0,0,0.6001,0.5656,UPI,0
1662.89,6,0,451,2,0,0,0.8472,0.2054,UPI,0
1365.24,18,0,1965,1,0,0,0.7104,0.4444,Ecommerce,0
3865.0,8,1,2740,2,0,0,0.8067,0.17,Card,0
1795.81,15,1,2192,1,1,0,0.7452,0.1059,UPI,0
1177.92,11,0,212,0,0,0,0.2162,0.0838,UPI,0
5189.93,21,0,1669,4,0,0,0.5385,0.3127,Ecommerce,0
1237.61,6,0,2730,0,0,0,0.6605,0.347,Ecommerce,0
796.67,12,0,3358,6,0,0,0.8503,0.3507,Card,0
454.99,3,2,3144,1,0,1,0.8595,0.2041,UPI,0
2294.29,15,0,2862,1,0,0,0.6529,0.4007,Ecommerce,0
4019.46,0,0,1079,2,0,0,0.628,0.1355,UPI,0
1039.9,9,0,2633,2,0,0,0.5256,0.2507,Card,0
4329.95,0,0,589,2,0,0,0.4022,0.0523,UPI,0
138.59,7,0,1158,2,0,0,0.7942,0.1178,Ecommerce,0
1034.6,11,0,996,0,0,0,0.7016,0.2868,Ecommerce,0
1051.42,7,0,1702,1,0,0,0.4725,0.3839,Card,0
511.15,9,2,3064,2,0,0,0.6142,0.1777,Ecommerce,0
13400.59,3,0,3021,3,1,0,0.8522,0.2462,Card,0
1023.0,17,0,3125,2,0,0,0.6435,0.2653,NetBanking,0
714.71,19,0,3277,2,0,0,0.7699,0.352,UPI,0
1126.94,10,1,104,2,0,0,0.8544,0.2363,Card,0
133.89,1,0,3491,2,0,0,0.7907,0.0327,UPI,0
493.8,1,0,3072,1,0,0,0.6004,0.1977,Card,0
3079.13,16,0,2572,7,0,0,0.8819,0.1638,UPI,0
566.57,22,0,288,5,0,0,0.4754,0.1453,Ecommerce,0
459.29,20,0,2559,3,0,0,0.9453,0.1218,UPI,0
4337.28,9,2,2366,0,0,0,0.5077,0.6688,UPI,0
4479.5,11,0,334,1,1,0,0.742,0.1513,UPI,0
1887.18,3,1,712,2,0,0,0.8106,0.4425,UPI,0
680.02,1,1,2632,0,0,0,0.8973,0.4186,Ecommerce,0
852.83,18,0,590,1,0,0,0.8468,0.3129,Card,0
471.37,10,0,1218,3,0,0,0.9363,0.4443,NetBanking,0
385.87,11,0,2131,5,0,0,0.6013,0.2159,Ecommerce,0
366.27,8,0,3027,1,0,0,0.8182,0.5422,Ecommerce,0
573.09,7,1,1000,3,0,0,0.5871,0.1993,UPI,0
370.01,23,0,46,0,0,0,0.6261,0.2502,Card,0
212.32,19,0,2980,3,0,0,0.8476,0.1269,UPI,0
1380.74,16,1,3270,0,0,0,0.6701,0.1558,UPI,0
1402.94,9,0,2991,1,0,0,0.9367,0.4165,Card,0
6540.92,17,0,1697,4,1,0,0.8563,0.4085,UPI,0
543.62,8,0,2522,1,0,0,0.9077,0.3443,Wallet,0
1496.53,12,0,453,2,1,1,0.5919,0.4959,NetBanking,0
1522.86,3,0,2233,2,0,0,0.7447,0.1155,UPI,0
840.06,17,0,2106,5,0,1,0.4755,0.0957,UPI,0
2395.99,1,4,2226,4,0,0,0.798,0.155,Wallet,0
2474.99,17,0,2424,3,1,0,0.5017,0.3429,NetBanking,0
1546.55,14,0,3113,3,0,0,0.6404,0.2819,Card,0
838.47,1,0,2730,1,0,0,0.477,0.3647,UPI,0
753.4,12,1,135,2,0,0,0.828,0.1012,UPI,0
260.83,5,0,2458,4,0,0,0.4771,0.0189,Ecommerce,0
470.5,11,0,2555,2,0,0,0.7983,0.1323,Ecommerce,0
570.72,0,1,1939,3,0,0,0.3567,0.1303,UPI,0
336.91,17,0,2185,0,0,0,0.6608,0.2192,Ecommerce,0
1740.49,12,0,293,2,0,0,0.7447,0.6399,Card,0
3852.43,8,0,921,1,0,0,0.9341,0.1852,NetBanking,0
422.65,21,1,3021,3,0,0,0.6816,0.12,NetBanking,0
1476.77,15,1,14,2,1,1,0.8033,0.2479,Card,0
370.25,14,0,3442,0,1,1,0.8685,0.3515,UPI,0
796.19,3,1,784,1,1,0,0.7002,0.1054,Card,0
531.21,12,0,2724,4,0,0,0.5318,0.0328,UPI,0
2063.15,16,0,774,0,0,0,0.4317,0.3409,Card,0
537.68,22,1,128,2,0,0,0.8072,0.5964,Card,0
3172.4,14,0,2118,0,0,0,0.5761,0.14,Card,0
847.25,4,1,2646,3,1,0,0.9521,0.1229,Card,0
554.42,16,0,304,1,0,0,0.5485,0.5388,UPI,0
294.13,1,0,948,3,0,0,0.7892,0.4565,Card,0
1430.62,7,0,1070,1,0,0,0.5262,0.148,NetBanking,0
2807.3,22,1,3367,1,1,0,0.5904,0.2065,Wallet,0
1461.16,19,2,1090,3,0,0,0.5145,0.3311,Ecommerce,0
11507.72,21,0,228,1,0,0,0.4527,0.0723,NetBanking,0
4921.05,8,0,3448,2,0,0,0.7728,0.1062,Ecommerce,0
794.01,16,1,329,2,1,0,0.8586,0.1143,Wallet,1
785.3,16,0,1709,1,1,0,0.5956,0.4657,Ecommerce,0
1795.76,5,1,640,1,0,0,0.8317,0.0798,Wallet,0
454.9,22,1,888,2,1,0,0.6003,0.2987,UPI,0
3731.64,23,0,2637,2,0,0,0.6477,0.1624,UPI,0
1603.08,2,0,482,1,0,0,0.8788,0.0451,UPI,0
1435.52,18,1,2282,4,0,0,0.8186,0.6196,UPI,0
2255.89,10,0,1985,1,0,0,0.4509,0.4268,Card,0
6694.03,16,2,2547,2,0,0,0.563,0.2501,Wallet,0
1312.26,13,0,565,4,0,0,0.5639,0.5033,UPI,0
973.9,5,0,1243,1,0,0,0.836,0.3462,Ecommerce,0
5346.28,2,0,19,1,0,0,0.9112,0.3364,UPI,0
3028.82,12,0,3079,3,0,0,0.9349,0.2656,UPI,0
782.87,20,0,3461,2,0,1,0.5571,0.2814,UPI,0
1102.62,19,0,1565,3,0,0,0.6235,0.3222,Wallet,0
1346.35,6,0,1857,0,0,0,0.8084,0.3295,Card,0
1603.44,20,0,475,1,0,0,0.5496,0.7164,NetBanking,0
263.9,8,1,3067,1,1,0,0.9492,0.3236,Wallet,0
217.11,13,1,2687,0,0,1,0.6791,0.0374,UPI,0
431.92,7,1,408,5,0,1,0.786,0.3248,Wallet,0
398.23,12,0,1856,2,0,0,0.628,0.3466,Ecommerce,0
557.79,12,0,606,2,0,0,0.7268,0.1406,Card,0
2135.48,16,0,2079,3,0,0,0.9674,0.3858,UPI,0
918.39,11,0,2301,0,0,0,0.6145,0.2159,Ecommerce,0
1347.78,12,1,1352,0,0,0,0.618,0.1474,UPI,0
303.23,15,0,1549,2,1,1,0.7254,0.0795,UPI,0
675.38,10,1,2489,7,0,0,0.7033,0.3057,NetBanking,0
2031.68,12,0,551,3,0,0,0.7274,0.1494,Ecommerce,0
2048.17,2,0,131,3,0,0,0.662,0.4218,Card,0
512.45,20,1,1462,4,0,0,0.5178,0.3463,UPI,0
1299.51,3,0,1722,2,0,1,0.6254,0.2323,NetBanking,0
11034.59,20,0,1006,1,0,0,0.8258,0.3793,UPI,0
1076.56,18,1,1499,3,0,0,0.824,0.1416,Ecommerce,0
529.62,22,1,364,0,0,0,0.6821,0.1166,Card,0
913.74,0,0,2614,3,0,0,0.7755,0.1333,UPI,0
1208.08,5,0,2684,2,0,0,0.5127,0.2395,Ecommerce,0
935.68,1,0,935,1,0,0,0.7606,0.3684,Card,0
1061.12,10,1,2283,2,0,0,0.7207,0.2148,Wallet,0
240.9,21,0,823,2,0,0,0.6785,0.1129,Card,0
399.11,18,0,1387,1,0,0,0.7902,0.3662,UPI,0
937.48,16,0,1124,0,0,0,0.5951,0.2555,Wallet,0
921.93,20,1,3398,2,0,0,0.6625,0.039,Card,0
605.17,0,1,1685,0,0,0,0.2995,0.4493,UPI,1
910.63,18,2,2217,4,0,0,0.6063,0.06,UPI,0
1169.19,7,0,740,2,0,0,0.5228,0.2661,UPI,0
2790.24,16,1,3246,0,1,0,0.865,0.4434,Card,0
988.14,18,0,2396,1,1,0,0.6406,0.2521,Card,0
1667.46,16,2,376,1,1,0,0.7419,0.3284,UPI,1
620.99,10,1,1165,3,0,1,0.8343,0.6773,UPI,0
1999.6,14,1,1773,3,1,0,0.8535,0.1158,NetBanking,0
1627.04,11,1,1479,1,0,0,0.6607,0.4106,Card,0
2721.96,15,0,2803,0,0,0,0.8752,0.5245,NetBanking,0
2319.56,11,1,1954,5,0,0,0.689,0.1918,Ecommerce,0
2034.84,9,0,1953,1,0,0,0.4618,0.3584,UPI,0
988.97,4,0,1323,3,0,0,0.7417,0.0194,Card,0
1418.26,9,0,2955,2,1,0,0.846,0.2354,Ecommerce,0
3349.9,17,0,2456,2,0,0,0.8249,0.1572,NetBanking,0
552.98,20,1,2472,3,0,0,0.8458,0.1496,NetBanking,0
566.89,2,0,2299,1,0,0,0.5878,0.0803,NetBanking,0
1326.77,4,0,2329,4,0,1,0.6934,0.3898,Ecommerce,0
1696.03,12,1,2650,3,0,0,0.7173,0.2253,Ecommerce,0
461.6,16,0,824,2,0,0,0.5746,0.2282,UPI,0
1013.84,4,0,1833,2,0,0,0.8554,0.0549,Wallet,0
993.57,7,1,465,1,0,0,0.7125,0.3223,UPI,0
107.12,1,0,1290,2,0,0,0.8672,0.2389,Card,0
870.81,1,0,1024,1,0,0,0.6152,0.2491,Card,0
929.66,3,0,709,1,0,1,0.9213,0.1135,NetBanking,0
926.76,17,2,1918,2,1,0,0.3056,0.2778,UPI,0
4849.88,20,0,1533,1,0,1,0.383,0.3693,Ecommerce,0
305.95,11,1,1592,2,0,1,0.6556,0.2299,NetBanking,0
461.35,4,1,3056,1,0,0,0.7658,0.3873,UPI,0
70.61,22,0,1271,0,0,0,0.9156,0.4676,Ecommerce,0
661.85,6,0,429,4,0,1,0.6355,0.608,Card,0
723.84,3,1,2770,4,1,0,0.8398,0.3779,Card,0
641.96,3,0,759,6,0,0,0.8218,0.3268,UPI,0
3508.91,8,0,3407,2,0,0,0.7486,0.1942,Ecommerce,0
2707.14,17,3,2330,2,0,0,0.4921,0.3116,UPI,0
1190.05,9,1,899,3,0,0,0.8869,0.0219,Card,0
743.12,10,0,2015,1,1,0,0.4206,0.143,Card,0
3221.17,8,1,3263,5,0,0,0.7993,0.0566,UPI,0
1074.12,22,0,3207,2,1,0,0.7917,0.2092,Wallet,0
464.43,16,0,1393,3,0,0,0.7224,0.4449,Wallet,0
180.9,15,1,108,1,0,0,0.5189,0.2758,UPI,0
689.95,10,0,285,4,0,0,0.8472,0.5223,UPI,0
2422.07,12,1,3075,0,0,0,0.7101,0.1878,Card,0
11972.48,21,0,2316,1,0,0,0.9485,0.0497,Card,0
1169.92,15,0,2541,1,0,1,0.5632,0.1884,Ecommerce,0
490.97,19,0,2527,2,0,0,0.7843,0.3202,Card,0
316.01,0,0,2715,3,0,0,0.7027,0.1473,Ecommerce,0
1957.75,20,1,1783,1,0,0,0.9303,0.0891,Ecommerce,0
171.94,22,0,1329,2,0,0,0.6428,0.5821,Card,0
1954.45,16,2,828,3,1,0,0.8835,0.4607,UPI,0
2587.89,22,0,1080,5,1,0,0.6577,0.4046,NetBanking,0
1733.84,13,0,2627,3,0,0,0.8745,0.3355,Ecommerce,0
870.75,6,0,57,2,0,0,0.7182,0.0721,UPI,0
1984.63,14,0,515,1,1,0,0.6206,0.2359,UPI,0
1312.23,15,0,2757,0,0,0,0.6244,0.4837,Card,0
484.43,3,0,2272,4,0,0,0.4321,0.2546,UPI,0
7653.61,4,0,571,4,0,0,0.9062,0.5002,NetBanking,0
758.04,6,0,134,2,0,0,0.4731,0.1789,UPI,0
2476.35,13,0,796,1,0,0,0.7172,0.0273,NetBanking,0
86.53,3,0,420,3,0,0,0.8881,0.297,UPI,0
4189.32,18,1,973,4,0,0,0.6121,0.4448,NetBanking,0
5126.62,2,0,2916,2,0,1,0.691,0.1896,UPI,0
1131.53,22,0,3044,0,1,0,0.9283,0.0571,Card,0
1971.81,16,0,1008,2,1,0,0.8222,0.2165,Card,0
1971.29,8,0,1012,3,0,1,0.5139,0.5042,UPI,0
558.4,8,0,2894,1,0,0,0.504,0.3299,Card,0
1947.84,16,0,1493,2,0,1,0.7102,0.2635,UPI,0
469.16,2,0,752,1,1,0,0.6643,0.1618,Ecommerce,0
578.71,17,0,2617,2,0,0,0.7285,0.0472,Ecommerce,0
3580.62,13,1,1720,1,0,0,0.8436,0.1241,Card,0
3051.51,5,0,3123,3,0,1,0.8703,0.2607,UPI,0
522.33,21,0,3070,2,0,0,0.8254,0.3535,UPI,0
507.63,15,0,2770,3,0,0,0.6725,0.4238,NetBanking,0
556.75,3,0,3402,2,0,0,0.7874,0.1846,Card,0
2366.75,15,0,1877,1,1,0,0.6492,0.1736,Card,0
383.76,9,0,1918,1,0,1,0.6591,0.0254,Wallet,0
1594.87,18,1,14,1,0,0,0.7346,0.0233,Card,0
2402.32,11,0,594,3,0,0,0.4996,0.4405,Ecommerce,0
999.59,23,0,558,1,0,0,0.5261,0.4166,UPI,0
3167.08,22,0,3225,3,0,1,0.8506,0.228,Card,0
796.7,0,0,892,3,0,0,0.5979,0.1533,Wallet,0
876.07,9,0,2180,4,0,0,0.5753,0.2242,Card,0
393.03,4,2,1452,5,0,0,0.5629,0.1757,UPI,0
3190.83,10,0,2679,1,0,0,0.6377,0.2709,Wallet,0
490.37,3,0,1272,1,0,1,0.8969,0.0838,UPI,0
1583.29,12,0,3282,1,0,0,0.6609,0.2123,UPI,0
1017.51,3,1,1803,1,0,0,0.7052,0.1101,NetBanking,0
363.06,14,0,858,1,0,0,0.5525,0.2566,UPI,0
578.5,10,0,1446,4,0,0,0.8662,0.2647,UPI,0
4684.51,23,0,1282,4,0,0,0.6042,0.0864,NetBanking,0
1355.25,21,0,2543,4,0,0,0.7009,0.3318,Card,0
380.08,14,0,1138,6,0,0,0.8878,0.2829,Card,0
1511.1,10,0,189,2,0,0,0.5971,0.5659,UPI,0
940.66,17,0,2745,2,1,1,0.7072,0.2225,UPI,0
41222.88,16,0,3481,2,0,1,0.3217,0.1612,Ecommerce,0
1479.38,3,0,883,0,0,0,0.6733,0.3491,UPI,0
735.35,9,1,2951,0,0,0,0.6847,0.1472,Card,0
4870.88,23,0,144,1,0,0,0.8271,0.0677,NetBanking,0
158.68,7,0,1177,6,0,1,0.8556,0.1656,Card,0
1210.8,0,0,48,0,0,0,0.7878,0.0928,UPI,0
8903.06,20,0,1393,6,0,0,0.3058,0.2223,Wallet,0
970.67,22,0,2135,4,0,0,0.714,0.4659,Ecommerce,0
177.69,15,0,3373,0,1,0,0.5599,0.1327,Ecommerce,0
723.63,15,0,2943,2,0,0,0.4681,0.5973,UPI,0
5050.51,8,0,3275,2,0,0,0.134,0.4218,Card,0
1627.62,8,1,2285,0,0,0,0.9156,0.0382,UPI,0
454.5,21,0,1380,4,1,0,0.3282,0.3611,Ecommerce,0
534.05,20,1,3173,2,0,0,0.8606,0.2655,Card,0
609.3,11,0,215,0,0,1,0.9076,0.0765,Wallet,0
1602.4,7,0,2853,3,0,0,0.6504,0.0713,NetBanking,0
4469.83,4,0,3457,3,0,1,0.7846,0.2383,Wallet,1
3311.13,0,1,84,5,0,0,0.9063,0.2464,Card,0
1770.14,11,1,2290,2,0,0,0.7406,0.31,Wallet,0
270.91,13,0,3066,2,0,0,0.7171,0.2064,NetBanking,0
271.96,16,1,2427,3,0,0,0.9487,0.3274,NetBanking,0
1919.68,19,0,3415,1,0,0,0.6151,0.1444,UPI,0
267.0,8,0,966,1,0,0,0.4889,0.2727,NetBanking,0
865.37,4,0,2237,2,0,0,0.6351,0.1439,Ecommerce,0
1509.23,20,0,2866,0,0,0,0.9398,0.0613,UPI,0
332.13,18,0,250,5,0,1,0.937,0.7141,Ecommerce,0
374.1,12,0,1954,3,0,0,0.9438,0.2079,UPI,0
993.44,0,0,3361,2,0,0,0.6226,0.3586,UPI,0
1860.93,11,1,1649,1,0,0,0.8775,0.3002,UPI,0
3342.9,14,0,2857,4,0,0,0.5525,0.4554,UPI,0
2074.36,20,0,2596,1,0,0,0.5105,0.1784,UPI,0
1184.81,12,0,948,3,0,0,0.824,0.3823,Card,0
500.94,11,1,1306,3,0,0,0.9437,0.232,Ecommerce,0
356.22,9,2,1720,2,0,0,0.7004,0.0352,Card,0
641.35,9,0,1506,2,0,0,0.6919,0.0863,NetBanking,0
1686.54,0,0,2086,1,0,0,0.7419,0.0776,Ecommerce,0
1561.58,2,1,2285,2,0,1,0.5687,0.0487,Ecommerce,0
120.92,18,0,1450,4,0,0,0.5997,0.0907,NetBanking,0
480.6,8,1,2241,1,0,0,0.546,0.4475,UPI,0
3884.44,20,2,2309,3,0,0,0.8063,0.0905,NetBanking,0
1191.75,9,0,3399,0,0,0,0.907,0.0757,UPI,0
247.68,23,0,2858,3,1,1,0.8264,0.2735,Card,0
13011.8,4,1,1973,5,0,0,0.6539,0.3345,NetBanking,0
1063.81,4,0,624,1,0,0,0.8191,0.3088,UPI,0
1641.8,14,3,1128,0,0,0,0.8511,0.0444,Wallet,0
1668.2,19,0,1164,0,0,1,0.9108,0.4638,UPI,0
745.48,3,1,1011,8,0,0,0.7909,0.3038,UPI,0
510.84,12,0,3312,4,1,0,0.9552,0.2858,Card,0
10175.71,5,0,1872,2,0,1,0.6574,0.1059,UPI,0
3144.36,17,1,3462,2,1,0,0.9802,0.1803,NetBanking,0
2599.4,13,0,424,2,0,0,0.4502,0.0211,NetBanking,0
2008.42,15,0,2497,1,0,0,0.7352,0.2969,UPI,0
382.42,6,0,2061,1,0,0,0.7604,0.1369,NetBanking,0
4193.99,6,1,2671,2,0,0,0.909,0.1646,NetBanking,0
452.47,15,0,1370,3,0,0,0.8968,0.2393,NetBanking,0
1476.53,8,0,1820,0,0,0,0.9101,0.1448,NetBanking,0
196.1,16,0,1236,0,0,1,0.7455,0.1258,Ecommerce,0
128.65,3,0,2441,3,0,0,0.6888,0.066,Card,0
1531.81,7,1,679,2,0,0,0.5865,0.1255,NetBanking,1
468.93,2,0,2312,3,0,1,0.5947,0.0275,Card,0
135.83,2,0,1737,1,0,0,0.6165,0.282,UPI,1
1934.57,6,2,2791,3,0,1,0.885,0.2973,Card,1
10158.69,11,0,138,1,0,0,0.6073,0.1602,Card,0
4717.52,3,0,643,2,0,0,0.935,0.6396,UPI,0
836.99,2,2,2127,4,0,0,0.5768,0.0739,Card,0
1106.87,21,1,1312,3,0,0,0.8229,0.4056,Ecommerce,0
2785.25,12,0,1004,0,0,0,0.6344,0.3158,Ecommerce,0
3562.56,17,0,3265,1,0,0,0.8975,0.2508,NetBanking,0
764.55,17,1,3168,1,0,0,0.7335,0.0717,UPI,0
1136.7,2,0,327,0,1,0,0.6477,0.0703,Card,0
1503.64,14,0,1845,1,0,0,0.3571,0.2335,Card,0
1961.71,20,0,2336,0,0,0,0.6348,0.2652,UPI,0
953.62,10,1,2733,4,0,0,0.9379,0.0926,UPI,0
966.72,20,1,714,3,0,1,0.4886,0.3315,NetBanking,0
4669.58,22,0,2980,1,0,1,0.8926,0.2236,Wallet,0
3904.94,13,2,2296,3,0,0,0.9093,0.2116,UPI,0
1810.36,2,0,3077,0,0,0,0.6051,0.2679,NetBanking,0
6667.93,14,0,2383,0,0,1,0.3552,0.2125,Ecommerce,0
730.87,21,1,3048,2,0,0,0.9296,0.3076,Ecommerce,0
6027.71,13,1,111,2,0,0,0.7679,0.176,Ecommerce,0
1938.44,19,0,794,4,0,0,0.9181,0.1866,Ecommerce,0
34015.7,12,0,1865,2,1,0,0.6008,0.395,NetBanking,0
313.53,10,1,1066,0,0,0,0.4594,0.4684,Card,0
531.76,22,1,698,1,0,0,0.6412,0.3126,Card,0
1702.3,3,2,2479,1,1,1,0.5566,0.3002,UPI,0
1664.19,10,1,3475,4,0,0,0.7214,0.0306,Card,0
8498.51,3,0,1884,2,0,1,0.3587,0.0305,NetBanking,0
543.6,15,1,2132,3,0,0,0.5188,0.1653,Ecommerce,0
2836.04,22,0,2135,0,0,0,0.8577,0.6444,Ecommerce,0
3716.68,23,0,1463,1,0,0,0.4359,0.1683,UPI,0
2298.2,5,1,2374,3,0,1,0.6604,0.1176,UPI,0
399.8,17,0,2824,2,0,0,0.712,0.2696,UPI,0
4808.53,20,0,406,2,0,0,0.821,0.3918,NetBanking,0
3986.99,20,0,968,2,1,1,0.887,0.3066,Card,0
2058.15,12,1,594,2,0,0,0.6916,0.3469,Card,0
1359.08,4,1,2775,4,0,1,0.3793,0.1423,UPI,0
1390.49,11,2,2234,0,0,0,0.6538,0.1493,NetBanking,0
1009.62,18,1,2353,2,1,0,0.8452,0.01,Wallet,0
2149.14,14,0,2191,1,0,0,0.7745,0.239,Ecommerce,0
1133.08,9,0,1866,2,0,0,0.8875,0.0396,UPI,0
449.91,5,1,2862,1,0,0,0.9709,0.2588,Ecommerce,0
364.66,15,0,556,3,0,1,0.8089,0.4571,Wallet,0
497.88,10,0,2430,1,0,0,0.8973,0.2269,Card,0
1384.7,11,0,2921,3,0,0,0.6298,0.1619,Card,0
1066.03,22,1,732,6,0,1,0.8323,0.1502,Ecommerce,0
1374.87,0,1,2485,2,0,0,0.8024,0.5104,UPI,0
1855.4,5,0,251,1,0,0,0.7456,0.1572,Wallet,0
567.54,22,0,577,4,0,1,0.786,0.1121,Ecommerce,0
5109.94,22,0,1372,2,0,0,0.5891,0.0354,Card,0
827.91,7,0,3499,1,0,1,0.6978,0.143,Card,0
695.69,23,0,1303,0,0,0,0.5929,0.1315,Card,0
1819.84,5,0,1505,2,0,0,0.7091,0.0617,Card,0
159.44,1,1,2687,1,0,0,0.7452,0.1907,Ecommerce,0
478.16,7,0,2795,3,0,0,0.7557,0.4584,UPI,0
3072.13,12,0,2352,1,0,0,0.9205,0.0862,UPI,0
176.92,0,1,112,0,0,0,0.458,0.1817,NetBanking,0
3545.57,4,1,3053,0,0,1,0.6641,0.1215,NetBanking,0
5359.86,18,1,918,3,0,0,0.8297,0.1429,NetBanking,0
744.02,14,0,1768,1,0,0,0.4877,0.2893,NetBanking,0
1489.81,14,0,2562,2,0,0,0.7808,0.145,Card,0
3551.2,23,0,1015,2,1,0,0.5732,0.0938,Wallet,0
671.74,5,1,2401,3,0,0,0.7805,0.1575,NetBanking,0
2727.56,21,0,1768,4,0,0,0.8189,0.4959,Wallet,0
542.02,8,0,552,4,0,0,0.8345,0.4387,UPI,0
664.16,22,0,759,2,0,0,0.7481,0.2783,UPI,0
473.76,18,1,2671,1,0,0,0.4615,0.4296,Ecommerce,0
1571.49,5,1,218,3,0,0,0.8683,0.1644,Card,0
3699.18,5,0,1340,0,0,0,0.7703,0.0922,Ecommerce,0
903.87,13,0,1752,5,0,0,0.9631,0.2465,Card,0
288.64,12,0,1348,0,0,0,0.7812,0.4568,UPI,0
351.83,5,0,1451,1,0,0,0.8367,0.2121,Card,0
1659.6,6,1,3401,2,0,0,0.5888,0.2603,Card,0
7603.18,21,0,119,4,1,0,0.8568,0.3395,Card,0
1658.07,18,1,3435,1,0,0,0.7504,0.1544,Ecommerce,0
730.52,4,1,2526,3,0,0,0.5927,0.1046,UPI,0
2451.59,17,0,3213,1,1,0,0.6381,0.0944,Card,0
852.8,3,0,2257,3,0,0,0.5919,0.1621,UPI,0
737.16,10,0,3303,0,0,0,0.7573,0.1231,NetBanking,0
400.86,0,1,264,1,0,0,0.8134,0.2693,UPI,0
4812.02,15,2,2516,0,0,0,0.8526,0.2808,UPI,0
76.24,4,1,2487,1,1,0,0.6995,0.2455,Card,0
2534.5,5,0,3261,0,0,1,0.3318,0.1303,Card,0
673.89,4,1,296,1,0,0,0.8761,0.2543,Card,0
712.76,4,1,1782,2,0,0,0.8565,0.0876,Card,0
6482.95,1,0,1815,2,0,0,0.7615,0.2213,UPI,0
518.1,13,0,336,4,0,0,0.7866,0.1066,UPI,0
536.96,20,0,2180,5,0,0,0.6817,0.3173,NetBanking,0
956.31,7,0,1686,1,0,0,0.8954,0.1251,Ecommerce,0
1693.48,18,1,1749,3,0,0,0.8764,0.3768,UPI,0
689.56,13,1,2390,3,0,0,0.7752,0.3294,UPI,0
210.07,6,0,2617,3,1,0,0.8511,0.295,NetBanking,0
441.87,1,0,2320,1,0,0,0.5263,0.1348,UPI,0
4210.77,18,0,1353,4,0,0,0.6673,0.0734,UPI,0
1186.21,0,0,3372,0,0,0,0.6103,0.0905,UPI,0
1761.01,10,0,750,2,1,0,0.5437,0.3793,NetBanking,0
833.4,0,0,1194,1,0,0,0.8389,0.0753,Ecommerce,0
548.69,18,0,1706,4,0,0,0.8974,0.1029,UPI,0
6383.35,23,0,1098,2,0,0,0.7183,0.2064,NetBanking,0
900.0,7,0,1202,2,0,0,0.5577,0.5492,UPI,0
688.46,7,0,3245,3,0,0,0.8104,0.3361,Card,0
3466.67,13,0,535,3,0,0,0.8082,0.2659,UPI,0
513.64,12,1,1794,2,0,1,0.4381,0.1055,NetBanking,0
587.3,9,0,1652,2,0,0,0.8524,0.4123,Ecommerce,0
1108.5,8,0,310,4,0,0,0.627,0.2778,Card,0
1096.94,4,0,710,2,0,0,0.6885,0.2048,Ecommerce,0
1440.28,6,2,959,1,0,0,0.7092,0.1563,NetBanking,0
9860.11,14,0,1649,1,0,0,0.6639,0.2862,UPI,0
1560.97,17,0,1461,2,0,0,0.5375,0.3419,Ecommerce,0
90.29,18,0,2076,2,0,0,0.8809,0.1473,Card,0
1544.74,12,1,1322,4,0,0,0.6964,0.1164,UPI,0
1141.13,18,0,2739,2,0,0,0.7269,0.1288,Card,0
1147.82,14,0,1288,3,0,0,0.6832,0.0373,Wallet,0
1419.76,8,1,2987,2,1,0,0.7143,0.7724,Ecommerce,0
1064.1,8,0,3499,2,0,0,0.7571,0.134,UPI,0
1037.7,12,1,2340,1,0,0,0.5891,0.2119,Card,0
2087.45,7,1,362,2,0,0,0.8237,0.113,Ecommerce,0
620.68,18,2,3128,2,0,0,0.5877,0.1226,Card,0
405.42,4,1,2859,1,0,1,0.4159,0.1198,UPI,0
26238.17,1,0,1955,1,0,0,0.6613,0.2419,NetBanking,0
517.16,11,0,1194,1,0,0,0.6019,0.2755,NetBanking,0
1218.22,1,0,2488,3,0,0,0.5576,0.2772,Wallet,0
228.05,4,0,2157,0,0,0,0.6932,0.2966,Ecommerce,0
1239.29,9,0,2697,3,0,0,0.7466,0.0426,Card,0
411.63,0,2,2261,0,0,0,0.3722,0.3164,NetBanking,0
689.11,5,0,2888,4,0,1,0.6399,0.2356,UPI,0
3285.64,13,0,3385,1,0,0,0.8149,0.3823,UPI,0
1800.12,8,0,2633,0,0,0,0.686,0.1518,UPI,0
1991.87,21,2,1117,2,0,1,0.8365,0.1507,Ecommerce,0
170.76,2,0,3159,3,0,0,0.6244,0.4401,Wallet,0
7545.75,17,0,2894,2,0,0,0.5318,0.3346,UPI,0
313.73,14,0,1658,3,1,0,0.7765,0.0752,Card,0
5458.83,15,0,216,1,0,0,0.7546,0.3419,Wallet,0
3205.49,16,0,3337,1,0,0,0.7649,0.106,UPI,0
2010.62,1,0,1895,5,0,0,0.8332,0.185,Wallet,0
446.87,19,0,1405,4,0,0,0.8025,0.2904,NetBanking,0
1285.84,7,1,2127,1,0,1,0.651,0.2759,Card,0
668.83,15,0,252,1,0,0,0.7386,0.3147,NetBanking,0
1130.59,7,0,2891,2,0,0,0.7929,0.198,NetBanking,0
843.56,9,1,643,2,0,1,0.5629,0.2404,NetBanking,0
128.95,16,1,906,0,0,0,0.5074,0.074,UPI,0
3561.27,22,1,1957,4,0,0,0.6437,0.2411,Card,0
1007.11,21,1,2327,2,0,0,0.7416,0.0568,UPI,0
659.16,17,1,57,4,0,0,0.904,0.2342,NetBanking,0
608.9,12,0,2036,1,0,0,0.5925,0.2513,NetBanking,0
1597.8,12,1,556,1,0,0,0.7282,0.2912,UPI,0
429.04,23,0,3339,2,0,0,0.7798,0.373,UPI,0
102.73,4,0,1313,1,0,0,0.7685,0.2158,Card,0
1681.58,22,1,1720,0,0,0,0.6171,0.1091,Wallet,0
1891.37,15,0,2187,1,0,0,0.6422,0.6257,Card,0
889.26,14,1,554,1,0,0,0.8644,0.1322,UPI,0
328.55,14,0,585,1,0,0,0.6293,0.3448,Card,0
1203.97,19,0,3356,2,0,0,0.8562,0.3941,UPI,0
235.62,16,0,2015,3,1,0,0.6262,0.2355,UPI,0
372.94,2,0,799,3,0,0,0.9348,0.3898,UPI,0
498.58,18,0,2323,0,0,0,0.7211,0.163,Ecommerce,0
2660.15,17,0,3125,0,0,1,0.1959,0.3908,Card,0
749.39,21,1,2674,1,0,0,0.3495,0.0838,UPI,0
685.22,22,0,1404,2,0,0,0.6623,0.1334,UPI,0
8539.24,22,0,2314,0,0,0,0.6427,0.0047,UPI,0
1587.77,1,0,3135,4,0,0,0.7927,0.1648,Card,1
1565.47,15,1,880,2,0,0,0.592,0.232,Ecommerce,0
743.83,22,1,2767,2,0,0,0.7525,0.3129,Card,0
586.29,23,0,3490,2,0,0,0.5451,0.2163,Card,0
110.42,13,0,1212,0,0,0,0.8941,0.102,UPI,0
3032.61,21,0,3109,1,0,1,0.7277,0.3956,UPI,0
1755.88,21,0,84,3,0,0,0.4279,0.3835,UPI,0
908.57,0,0,1311,1,0,0,0.8804,0.5167,Card,0
949.48,21,0,972,1,0,0,0.4582,0.2825,Card,0
2375.47,15,0,108,2,0,0,0.7585,0.5137,UPI,0
214.34,13,0,2112,3,0,0,0.8375,0.1465,Ecommerce,0
590.3,4,0,1853,1,0,0,0.6208,0.2825,Card,0
332.58,22,1,1331,1,0,0,0.8868,0.0826,UPI,0
7045.08,7,1,3029,3,1,0,0.717,0.2457,Card,0
2750.23,10,0,874,2,0,0,0.8373,0.5959,Ecommerce,0
108.55,7,0,2878,2,0,0,0.4448,0.3137,Card,0
223.75,23,0,2227,1,0,0,0.8234,0.5494,Wallet,0
954.36,11,0,3142,1,0,0,0.4266,0.0307,Card,0
667.77,2,2,31,1,1,0,0.9372,0.4083,Card,0
272.98,0,0,3393,2,0,0,0.8074,0.0989,NetBanking,0
8450.66,23,0,14,3,0,0,0.7026,0.2434,UPI,0
1522.59,5,0,2497,4,0,0,0.5837,0.1767,Ecommerce,0
1805.44,18,0,2635,4,0,0,0.6326,0.5631,UPI,0
530.27,0,0,574,2,0,0,0.6688,0.132,NetBanking,0
2341.13,21,0,130,4,1,0,0.3554,0.1962,Wallet,0
735.5,15,0,134,0,0,0,0.8386,0.2342,UPI,0
814.43,5,0,459,3,0,0,0.65,0.139,Card,0
2082.97,21,0,535,1,0,0,0.6046,0.3037,Ecommerce,0
198.25,7,0,3385,1,0,1,0.8789,0.2395,Ecommerce,0
5865.71,23,0,709,0,0,0,0.6206,0.2609,UPI,0
1328.11,14,0,2819,1,0,1,0.6761,0.1871,Card,0
4209.05,10,0,221,3,0,0,0.7877,0.2357,UPI,0
354.54,1,1,2292,1,0,1,0.5313,0.7193,Wallet,0
416.0,6,0,1590,6,0,1,0.7678,0.3141,UPI,0
323.76,1,0,1894,3,0,0,0.6269,0.6007,Ecommerce,0
1426.26,20,0,2745,1,0,0,0.2725,0.2669,NetBanking,0
1175.3,2,0,739,1,0,0,0.5932,0.0907,Card,0
673.42,2,2,21,4,1,0,0.7978,0.0481,Card,0
378.13,2,0,778,0,0,0,0.8914,0.0742,Card,0
290.06,23,1,2814,0,0,0,0.7108,0.7218,UPI,0
1042.2,23,0,2072,3,0,0,0.67,0.3258,Card,0
672.59,17,1,3239,2,0,1,0.7576,0.1986,Card,0
533.85,1,0,2921,0,0,0,0.7138,0.1917,UPI,0
5566.07,12,0,537,7,0,0,0.763,0.271,UPI,0
1005.82,22,0,208,3,0,1,0.7729,0.0311,UPI,0
4161.14,2,1,81,3,0,1,0.7687,0.4468,Ecommerce,1
626.46,19,0,667,3,0,0,0.746,0.4096,UPI,0
1418.02,0,0,1681,1,0,0,0.4104,0.2119,NetBanking,0
1034.58,19,0,64,2,0,0,0.7172,0.0694,Ecommerce,0
184.47,13,0,3040,1,0,0,0.8006,0.2306,UPI,0
4913.57,21,0,1678,1,0,0,0.4661,0.0747,NetBanking,0
951.55,9,0,2580,3,1,0,0.7926,0.2259,Card,0
2401.24,18,0,3055,3,1,0,0.6553,0.3458,Ecommerce,0
497.89,20,1,128,1,0,0,0.5362,0.4105,Card,0
922.34,7,1,1522,1,0,0,0.3934,0.255,UPI,0
441.34,15,0,2358,3,0,0,0.556,0.0876,Ecommerce,0
4015.02,11,2,3488,3,1,0,0.7391,0.503,Ecommerce,0
1520.78,10,0,2863,2,0,0,0.8878,0.2093,UPI,0
1612.28,19,1,764,0,0,0,0.733,0.1365,Card,0
4564.63,5,0,953,2,0,0,0.8057,0.2192,Card,0
3692.87,2,0,2799,0,1,0,0.973,0.428,UPI,0
2449.43,11,1,2289,2,1,0,0.7177,0.2342,Card,0
246.46,19,0,878,1,0,0,0.9748,0.2242,UPI,0
528.23,3,1,1732,2,0,1,0.7104,0.101,Card,0
382.19,8,1,3251,1,0,0,0.9136,0.0635,Card,0
2354.09,16,1,725,1,0,0,0.954,0.1184,Card,0
1311.84,11,0,1158,3,0,0,0.8683,0.0859,Card,0
254.67,14,0,3155,0,0,0,0.7581,0.0412,NetBanking,0
899.48,12,1,2357,3,0,0,0.6801,0.0456,Card,0
228.42,19,0,785,0,0,0,0.9112,0.3832,Wallet,0
1037.1,21,0,1009,3,0,0,0.5833,0.3869,Wallet,0
192.84,10,0,2942,1,0,0,0.8057,0.4366,UPI,0
1910.78,10,0,985,1,0,1,0.4847,0.4146,UPI,0
1630.86,6,0,2457,2,0,0,0.6748,0.2105,Card,0
8130.24,10,0,1738,2,0,0,0.5909,0.4053,UPI,0
2671.16,20,1,778,3,0,0,0.9021,0.1396,UPI,0
703.41,12,0,1293,2,1,0,0.4535,0.0956,Wallet,0
2588.86,16,0,2491,1,0,0,0.8334,0.3828,Ecommerce,0
252.76,10,0,2808,3,0,0,0.5883,0.0767,Card,0
399.18,16,1,97,2,0,0,0.6758,0.1454,UPI,0
1555.88,17,0,3170,3,1,0,0.7628,0.0594,Card,0
113.73,12,1,832,0,0,0,0.775,0.2857,UPI,0
1054.67,22,1,2273,3,0,0,0.5102,0.1312,Card,0
375.67,21,2,1003,2,0,0,0.8175,0.1106,UPI,0
1219.71,3,0,942,3,0,0,0.8174,0.1097,NetBanking,0
353.67,5,1,3112,0,0,0,0.8915,0.3602,Ecommerce,0
1712.07,22,0,2455,3,0,1,0.6929,0.3297,UPI,0
1119.12,9,0,3204,2,0,1,0.789,0.344,Card,0
4771.35,7,0,79,3,0,0,0.5078,0.4227,NetBanking,0
1104.42,19,2,953,3,0,0,0.6706,0.3893,UPI,0
489.28,14,0,176,1,0,0,0.9137,0.0975,NetBanking,0
846.21,3,0,1664,1,0,1,0.6253,0.1742,Card,0
267.35,2,0,1619,2,0,0,0.982,0.3493,Card,0
1679.82,19,1,3435,1,0,0,0.8354,0.5185,UPI,0
2037.22,18,1,813,2,0,0,0.8298,0.0506,UPI,0
14656.74,8,0,2333,1,0,0,0.42,0.1176,Card,0
570.82,20,1,3480,2,0,0,0.9409,0.0117,Card,0
827.84,3,4,250,2,0,0,0.7393,0.1409,Card,0
599.11,20,0,1562,2,0,1,0.5361,0.1848,Ecommerce,0
1370.21,1,1,1374,0,0,0,0.5682,0.2728,Wallet,0
1637.25,15,1,98,1,0,1,0.5605,0.6421,UPI,0
1036.86,20,1,1479,4,0,0,0.6224,0.3847,NetBanking,0
3431.12,14,1,892,4,0,0,0.6102,0.0332,NetBanking,0
573.74,18,0,1077,1,0,0,0.5717,0.1981,NetBanking,0
3088.63,8,1,749,3,0,0,0.8201,0.248,Wallet,0
1930.28,6,0,1823,0,0,0,0.4103,0.2832,UPI,0
1082.87,6,0,1398,1,0,0,0.7202,0.1256,Ecommerce,0
787.86,2,0,2577,2,0,0,0.6778,0.1824,Ecommerce,0
14016.65,6,0,1241,3,0,0,0.8669,0.2395,UPI,0
465.05,5,0,2422,2,0,0,0.4134,0.0672,UPI,0
1499.41,18,0,1849,0,0,0,0.5018,0.24,UPI,0
498.83,5,0,1234,2,1,0,0.4796,0.0277,NetBanking,0
7150.24,3,1,2883,0,0,0,0.7377,0.6362,NetBanking,0
2782.67,17,0,2580,0,0,0,0.6003,0.2427,UPI,0
537.93,12,0,1844,0,0,0,0.627,0.1602,UPI,0
1878.49,5,0,1872,2,1,0,0.3116,0.1368,NetBanking,1
1437.38,16,1,2674,2,0,0,0.6607,0.2268,Card,0
637.49,5,0,2694,1,0,1,0.5365,0.3948,Card,0
2431.04,18,0,2494,1,0,0,0.8405,0.097,Card,0
1650.4,0,1,404,4,0,0,0.7076,0.4484,UPI,0
1375.38,14,0,810,5,0,0,0.5942,0.1683,Card,0
1049.41,14,0,1420,3,0,0,0.7613,0.1878,Wallet,0
1724.35,8,1,2016,0,0,0,0.5747,0.1869,NetBanking,0
1395.29,16,0,1385,0,0,0,0.2068,0.0988,Card,0
1166.83,9,1,2901,0,1,0,0.8986,0.4683,UPI,0
559.44,15,0,1235,1,0,0,0.659,0.286,Ecommerce,0
6492.84,5,0,1907,2,0,0,0.6951,0.2348,UPI,0
363.97,13,1,2445,2,0,0,0.7461,0.2679,Ecommerce,0
1718.18,18,0,1325,4,0,0,0.3806,0.1844,UPI,0
783.48,23,1,1953,3,1,0,0.7721,0.3521,Card,0
6957.15,8,0,2545,2,0,0,0.7648,0.2399,UPI,0
424.68,11,0,1354,1,0,0,0.5794,0.1589,UPI,0
506.73,11,0,3398,1,1,0,0.6807,0.29,UPI,0
396.11,20,0,1880,0,0,0,0.4226,0.2307,UPI,0
1540.15,23,0,2754,1,0,0,0.9546,0.4327,UPI,0
259.38,15,1,2467,3,0,0,0.828,0.3606,Ecommerce,0
663.51,19,1,2851,1,0,0,0.7829,0.2278,Ecommerce,0
114.44,2,0,2365,2,0,0,0.9573,0.2686,Card,0
1411.55,18,1,1888,2,0,0,0.8524,0.0632,NetBanking,0
648.57,19,0,2664,0,0,0,0.8385,0.3186,Card,0
229.88,17,0,1636,0,0,0,0.7965,0.2096,UPI,0
3428.54,14,0,2981,1,0,0,0.5625,0.3049,UPI,0
277.81,21,0,1759,1,0,0,0.6233,0.2101,Ecommerce,0
2532.07,15,0,2589,2,0,0,0.965,0.2412,UPI,0
525.27,20,1,728,2,0,0,0.7578,0.4113,Card,0
5893.76,4,0,636,2,0,0,0.763,0.1781,UPI,0
2409.15,15,0,1979,2,1,0,0.5233,0.6853,Ecommerce,0
380.52,10,0,2964,1,0,0,0.8578,0.2148,Wallet,0
418.66,20,0,2570,3,0,0,0.6062,0.5926,Wallet,0
2071.03,21,0,1166,1,0,0,0.9497,0.1091,NetBanking,0
832.56,20,0,2996,3,0,1,0.9191,0.1485,NetBanking,0
917.99,5,0,2333,1,1,0,0.717,0.3595,UPI,0
4170.75,11,1,1950,2,0,0,0.8917,0.1529,UPI,0
499.63,0,0,3468,2,0,0,0.5777,0.3936,UPI,0
1206.96,23,2,2728,2,0,0,0.3961,0.0445,Ecommerce,1
2988.0,6,0,1036,1,0,0,0.6467,0.2354,UPI,0
2564.64,14,1,234,3,0,0,0.9575,0.4845,Wallet,0
927.42,11,0,950,2,0,0,0.728,0.3016,Ecommerce,0
809.69,21,1,624,2,0,0,0.9197,0.1781,UPI,0
176.66,19,2,643,4,0,0,0.7055,0.1015,Card,0
361.75,18,0,1832,4,1,0,0.6297,0.1511,UPI,0
1531.92,15,1,3444,1,0,0,0.5194,0.0135,UPI,0
948.82,2,0,2274,2,0,0,0.8914,0.1506,Card,0
1186.39,22,0,1498,4,0,0,0.787,0.3211,Card,0
3265.66,1,2,874,3,0,0,0.5495,0.2493,UPI,0
315.23,10,1,2745,3,0,0,0.5588,0.3647,Card,0
855.78,9,0,1923,1,0,0,0.6454,0.3409,UPI,0
1336.95,9,0,178,1,0,0,0.9495,0.277,Card,0
523.55,23,0,1635,2,0,0,0.6343,0.573,Ecommerce,0
4929.79,5,1,637,1,0,0,0.5771,0.2773,Card,0
2846.99,13,0,1746,3,0,0,0.6078,0.1564,Card,0
1487.18,5,0,227,1,0,0,0.5776,0.6499,Card,0
7215.19,21,0,752,2,1,0,0.7057,0.3814,UPI,0
227.27,17,0,2856,2,0,1,0.8385,0.2312,Card,0
1087.77,9,0,597,2,0,0,0.9223,0.2644,UPI,0
1611.07,1,0,379,4,1,0,0.7826,0.1922,Card,0
419.77,3,1,778,1,1,0,0.77,0.2959,Ecommerce,0
1503.8,5,1,3231,1,0,0,0.7879,0.3349,UPI,0
343.12,9,0,3318,1,1,1,0.5395,0.201,UPI,0
2264.45,21,1,2325,3,0,0,0.3592,0.1513,Ecommerce,0
3330.0,2,0,2733,1,0,1,0.852,0.1611,UPI,0
1459.65,13,0,3184,3,0,0,0.6297,0.3259,Card,0
156.74,8,0,1040,1,0,0,0.7777,0.3696,UPI,0
397.37,1,0,1435,3,0,0,0.6962,0.0283,Ecommerce,0
1984.15,14,2,104,2,0,0,0.8532,0.1509,Card,0
1121.32,16,1,1843,4,0,0,0.743,0.5155,Ecommerce,0
64.8,23,0,3240,4,0,0,0.8744,0.1418,UPI,0
4043.93,12,0,103,3,0,0,0.4748,0.3537,Wallet,0
1265.84,7,1,2492,2,0,0,0.6357,0.0853,Card,0
464.04,20,1,1634,3,0,0,0.84,0.1003,UPI,0
3117.24,5,0,3377,3,1,0,0.7243,0.3719,Card,0
538.39,16,1,2070,3,0,0,0.867,0.1341,Card,0
532.26,22,1,1422,4,0,0,0.6391,0.1632,Card,0
1597.62,0,0,358,2,0,0,0.4801,0.6846,Card,0
7115.92,22,0,1966,1,0,0,0.9262,0.2134,UPI,0
6031.59,4,1,3434,0,0,0,0.5584,0.2637,UPI,0
1599.9,11,0,51,0,0,0,0.8095,0.0804,UPI,0
1782.02,6,0,22,0,0,0,0.2684,0.1295,NetBanking,0
2517.63,3,1,3116,2,0,0,0.6141,0.3304,Card,0
293.0,16,1,941,4,0,0,0.7774,0.3072,Card,0
2156.75,11,0,2130,2,0,0,0.3765,0.0789,UPI,0
507.36,12,1,2157,2,0,0,0.4114,0.1503,UPI,0
1532.11,11,0,1683,1,0,0,0.6019,0.4629,Ecommerce,0
863.64,17,0,1745,5,0,0,0.9221,0.675,UPI,0
1856.17,23,0,2410,1,0,0,0.4694,0.4036,NetBanking,0
1241.42,12,1,842,4,0,1,0.6907,0.2511,Card,0
43.52,3,0,634,1,0,0,0.7177,0.2283,Ecommerce,1
1323.24,7,1,3453,2,0,0,0.663,0.2353,Card,0
2152.23,11,0,37,1,0,0,0.7009,0.2621,Ecommerce,0
1751.49,2,2,666,1,0,0,0.6488,0.1084,Card,0
984.65,5,0,2554,2,0,0,0.8195,0.3559,UPI,0
6150.38,4,0,1992,1,0,0,0.7401,0.423,UPI,0
1520.72,23,0,1132,5,0,0,0.9071,0.1358,Card,0
1736.38,9,1,411,2,0,0,0.942,0.2519,Card,0
3283.67,21,0,1288,5,0,0,0.5266,0.7997,Wallet,0
1604.75,13,0,203,4,0,0,0.4967,0.323,NetBanking,0
427.13,12,0,1940,2,0,0,0.8275,0.5205,Card,0
84.75,22,1,1711,4,0,0,0.7051,0.1187,Ecommerce,0
664.49,16,0,3219,2,0,0,0.8332,0.2176,Wallet,0
2438.15,5,0,2817,4,0,1,0.7001,0.1975,Wallet,0
756.91,6,0,1647,1,1,0,0.7401,0.2382,UPI,0
2543.35,15,1,1862,1,0,0,0.852,0.4608,UPI,0
1281.98,0,1,2414,2,0,1,0.5244,0.5981,Card,1
4240.64,3,1,1032,2,0,1,0.7602,0.0716,Wallet,0
804.34,1,0,2106,2,0,0,0.7385,0.0797,Ecommerce,0
1791.84,17,0,65,5,0,0,0.973,0.3701,Ecommerce,0
1865.3,10,1,3286,2,0,0,0.6921,0.0689,Card,0
5306.47,0,0,3292,3,0,0,0.8444,0.2868,UPI,0
182.73,17,3,3114,2,0,0,0.6876,0.3183,NetBanking,0
677.68,15,2,747,4,0,1,0.7057,0.329,Wallet,0
2672.96,17,0,2760,1,0,1,0.9473,0.5037,UPI,0
5559.1,3,1,2013,1,0,1,0.9037,0.1036,UPI,0
1411.03,20,0,3441,3,0,0,0.7869,0.0778,Ecommerce,0
806.47,4,1,61,2,0,0,0.4265,0.2217,Ecommerce,0
2428.37,13,0,1394,1,0,0,0.4871,0.5144,NetBanking,0
2730.22,13,0,346,3,0,0,0.9276,0.3012,NetBanking,0
751.71,5,0,3311,0,0,0,0.6003,0.2903,Ecommerce,0
1551.26,9,0,601,1,0,0,0.8261,0.4997,Card,0
3787.85,1,0,142,0,0,0,0.6198,0.4,UPI,0
7982.3,11,0,399,1,0,0,0.6093,0.0749,Card,0
2391.64,16,0,3378,3,0,0,0.8024,0.5108,Ecommerce,0
1148.65,7,0,1860,1,0,0,0.6462,0.2558,Ecommerce,0
1036.1,12,1,383,0,0,0,0.6217,0.2543,Wallet,1
1968.97,22,0,1393,1,0,0,0.7327,0.0314,Wallet,0
971.21,5,0,1493,2,0,0,0.7762,0.256,NetBanking,0
1338.26,6,0,2805,2,0,0,0.6554,0.3042,UPI,0
361.13,2,0,774,3,0,0,0.7926,0.1663,Card,0
4280.86,13,1,412,1,0,0,0.6455,0.023,Ecommerce,0
331.23,4,0,2626,3,0,0,0.7955,0.2817,Ecommerce,0
696.65,20,0,1512,1,0,1,0.8582,0.3546,Ecommerce,0
1214.97,6,0,440,3,0,0,0.8928,0.1079,UPI,0
8870.94,15,0,1502,3,0,0,0.6584,0.3275,Ecommerce,0
703.58,4,1,1495,2,0,0,0.7027,0.3623,UPI,0
544.94,7,0,813,1,0,0,0.7631,0.348,NetBanking,0
615.01,4,0,707,2,0,1,0.8367,0.4247,Card,0
6259.42,13,0,342,0,1,0,0.5708,0.3565,Ecommerce,0
57.23,0,0,2942,2,0,0,0.9362,0.1051,UPI,0
382.65,1,0,44,2,0,1,0.5214,0.504,UPI,0
19299.86,12,0,1781,5,0,1,0.6238,0.5229,UPI,1
2039.43,13,0,72,4,0,1,0.7292,0.1878,UPI,0
343.34,7,1,2815,4,0,1,0.869,0.1312,UPI,1
1049.41,10,0,1399,5,0,0,0.7778,0.3152,NetBanking,0
1177.12,9,1,3434,2,0,0,0.7904,0.3422,UPI,0
2666.26,18,0,196,1,0,0,0.8613,0.6784,Card,0
7566.43,10,0,1166,2,0,1,0.7483,0.0989,Wallet,1
1649.09,20,0,1385,1,0,1,0.6284,0.1813,UPI,0
622.18,5,1,247,1,0,0,0.5847,0.1699,Card,0
2505.99,4,0,1534,2,0,0,0.6269,0.0991,Card,0
526.81,9,1,1610,3,0,1,0.24,0.4009,Wallet,0
370.55,1,1,1562,3,1,0,0.4603,0.2586,UPI,0
172.79,16,0,1870,0,0,1,0.7335,0.472,UPI,0
212.01,9,1,676,0,0,0,0.7832,0.057,Ecommerce,0
427.83,8,0,840,3,0,0,0.6207,0.2616,Ecommerce,0
318.4,12,0,1749,2,0,1,0.4414,0.2328,UPI,0
1523.7,1,2,2256,3,0,0,0.5336,0.4994,UPI,0
311.26,9,0,1377,2,0,0,0.8483,0.141,Card,0
40.41,23,0,1603,3,0,1,0.7968,0.2772,NetBanking,0
366.46,15,0,3463,0,0,0,0.7703,0.1906,NetBanking,0
668.17,13,0,2263,2,1,0,0.8689,0.2664,Wallet,0
580.73,12,1,165,2,0,0,0.6307,0.1973,UPI,0
5407.28,11,0,1266,3,0,0,0.6281,0.4038,UPI,0
575.81,22,0,195,1,0,0,0.8793,0.2353,Card,0
2765.48,22,0,3064,4,0,1,0.7126,0.2966,NetBanking,0
1074.99,9,0,2887,5,0,0,0.9112,0.1782,Card,0
1048.99,22,0,1633,3,0,1,0.5225,0.1149,Wallet,0
456.16,1,0,936,5,0,0,0.5675,0.0115,NetBanking,0
1030.99,7,0,2518,4,0,0,0.6011,0.4286,UPI,0
491.1,7,0,648,2,0,0,0.6573,0.28,Card,0
1310.97,16,0,2697,1,1,0,0.4678,0.1726,Ecommerce,0
855.72,14,1,3061,2,1,1,0.5225,0.2717,Ecommerce,0
406.73,11,0,634,4,1,0,0.7948,0.0378,Ecommerce,1
3107.24,6,1,1867,5,0,0,0.5613,0.5256,NetBanking,0
1716.74,12,0,546,2,0,0,0.6945,0.029,UPI,0
685.08,6,1,2157,3,0,1,0.6752,0.317,Card,0
1277.64,11,1,2364,1,0,1,0.5883,0.2916,NetBanking,0
1004.24,8,0,34,0,1,0,0.4147,0.0176,Card,0
440.99,21,0,3307,2,0,0,0.887,0.0756,UPI,0
1180.89,17,0,917,1,0,0,0.6141,0.1214,UPI,0
571.31,4,0,1626,4,1,0,0.899,0.3142,UPI,0
406.6,22,0,912,1,0,0,0.6411,0.1431,Wallet,0
199.56,15,0,3169,1,0,0,0.9276,0.0868,UPI,0
752.55,8,0,2664,0,0,0,0.6374,0.255,Wallet,0
1988.86,12,0,3464,4,0,0,0.8514,0.0372,UPI,0
528.8,4,0,1353,2,0,1,0.736,0.2468,UPI,0
15471.33,1,0,1971,1,0,0,0.4679,0.1066,Card,0
2779.34,10,0,2023,4,0,0,0.9575,0.3722,Wallet,0
4313.68,18,1,810,0,0,1,0.4826,0.0307,NetBanking,0
2527.55,8,0,3262,4,0,0,0.9165,0.317,Card,0
7673.35,9,2,3025,3,0,0,0.776,0.4875,UPI,0
479.93,23,0,3446,2,0,1,0.696,0.2456,Wallet,0
74.53,23,1,1603,1,0,0,0.8696,0.0252,NetBanking,0
686.47,11,0,451,3,0,0,0.909,0.4169,Card,0
1970.67,1,0,561,1,0,0,0.7577,0.4601,UPI,0
1285.74,16,0,1948,4,0,0,0.9511,0.1867,UPI,0
1464.47,17,1,2865,3,0,0,0.8819,0.0702,UPI,0
4389.43,21,0,2449,4,0,0,0.9392,0.1357,Card,0
1637.88,22,0,2565,4,0,0,0.9061,0.3999,UPI,0
2537.31,15,0,2738,1,0,0,0.7445,0.2172,NetBanking,0
408.9,2,1,2950,1,0,0,0.511,0.201,Card,0
347.18,5,0,3220,1,0,0,0.7158,0.3169,Card,0
5971.9,17,1,1275,2,1,0,0.6834,0.2031,Wallet,0
1219.2,14,0,2551,1,0,0,0.5033,0.1789,Ecommerce,0
569.98,10,0,979,4,0,1,0.5905,0.217,UPI,0
571.08,9,0,2416,1,0,0,0.8384,0.2543,Ecommerce,0
554.7,17,0,200,1,0,0,0.7116,0.6264,UPI,0
520.92,10,1,195,3,0,0,0.7216,0.2058,NetBanking,0
285.06,3,0,704,1,0,0,0.672,0.0454,Wallet,0
226.91,23,1,1910,5,0,0,0.7941,0.0238,Ecommerce,0
893.59,8,0,3187,2,0,0,0.7251,0.4293,UPI,0
588.41,6,0,2098,2,0,0,0.8695,0.2615,Card,0
3507.0,1,1,1967,0,0,0,0.6932,0.2993,Wallet,0
1491.79,11,0,2439,2,0,0,0.8085,0.3048,UPI,0
1448.93,23,0,3103,6,0,0,0.641,0.0951,NetBanking,0
502.56,3,0,2044,4,1,0,0.812,0.2651,Card,1
965.76,5,0,2584,2,0,0,0.763,0.5782,UPI,0
1602.07,4,1,1437,5,0,0,0.9317,0.3586,Card,0
2326.23,2,1,3482,2,0,0,0.7822,0.2131,UPI,0
993.68,14,0,1709,2,0,0,0.8635,0.1285,UPI,0
3405.27,7,0,3126,4,0,0,0.8039,0.083,UPI,0
1105.87,18,0,3385,1,0,0,0.7968,0.2256,NetBanking,0
2521.2,9,0,3090,1,0,1,0.8377,0.2468,Ecommerce,0
655.67,15,1,1156,2,0,0,0.7933,0.0917,Wallet,0
163.49,2,0,1311,2,0,1,0.9266,0.2827,Card,0
1453.57,7,0,2747,0,0,0,0.872,0.237,UPI,0
2348.64,9,0,3251,5,0,0,0.475,0.386,UPI,0
2006.43,1,0,2128,5,0,0,0.7167,0.1531,UPI,0
1708.37,10,0,2722,2,0,0,0.7181,0.2408,UPI,0
760.51,11,0,1557,2,1,0,0.6179,0.1409,Wallet,0
470.09,9,1,3000,4,0,0,0.4551,0.2024,Wallet,0
1957.29,12,0,1454,2,0,0,0.7582,0.4866,Ecommerce,0
1716.03,19,0,2179,1,0,0,0.623,0.3059,Wallet,0
608.54,18,0,1883,2,0,0,0.5892,0.223,NetBanking,0
3515.35,0,0,2928,0,0,0,0.9556,0.3387,UPI,0
433.98,15,1,2800,3,1,0,0.612,0.1389,Card,0
594.25,21,1,2938,1,0,0,0.7979,0.3483,NetBanking,0
6113.45,20,2,433,4,0,0,0.8492,0.0672,Ecommerce,0
2729.87,7,1,864,3,0,1,0.4482,0.1467,UPI,0
753.02,18,0,3187,1,0,0,0.5341,0.738,Ecommerce,0
1482.89,19,0,462,2,0,0,0.8561,0.0777,UPI,0
1290.17,8,1,2711,4,0,0,0.8103,0.1252,Card,0
61.38,20,0,2222,3,0,0,0.636,0.268,Card,0
423.35,15,1,1226,2,1,0,0.783,0.3052,Card,0
1039.62,18,0,139,4,0,0,0.716,0.244,Card,0
754.12,17,0,42,1,0,0,0.9009,0.1263,Wallet,0
1421.49,18,0,3123,3,0,0,0.6808,0.1297,UPI,0
3590.18,22,0,374,2,0,0,0.5302,0.2398,NetBanking,0
782.42,20,1,2608,6,1,0,0.5701,0.452,Card,0
361.21,10,0,511,2,0,0,0.5663,0.0523,NetBanking,0
1542.4,13,0,1393,4,0,0,0.8497,0.098,Card,0
778.25,15,0,368,0,0,0,0.7114,0.4885,Ecommerce,0
930.88,20,0,2232,0,0,0,0.7715,0.3053,Card,0
807.25,9,1,366,1,1,0,0.6731,0.2339,UPI,0
11544.1,7,1,2194,2,0,0,0.6133,0.5147,UPI,0
104.3,17,1,3360,2,0,0,0.5655,0.1333,Wallet,0
729.42,22,0,2598,6,0,0,0.6665,0.5125,UPI,0
1092.39,21,1,2307,0,0,0,0.4064,0.0898,NetBanking,0
482.9,3,0,3172,5,0,0,0.8215,0.1394,Wallet,0
2820.92,22,0,2873,1,0,0,0.663,0.418,UPI,0
2575.81,18,0,2567,3,0,0,0.8353,0.4001,Ecommerce,0
1043.0,3,0,1972,4,0,0,0.8549,0.537,NetBanking,0
825.34,0,1,1369,1,1,0,0.893,0.2757,Ecommerce,0
975.01,4,0,2170,2,0,0,0.9601,0.0473,Wallet,0
982.38,22,1,379,1,0,1,0.7021,0.6339,Ecommerce,0
1010.0,18,0,3084,4,0,1,0.8435,0.1657,Ecommerce,0
900.19,13,2,3098,4,0,0,0.8542,0.1266,UPI,0
1429.49,15,0,922,1,0,0,0.5269,0.1482,UPI,0
2418.43,9,0,2651,2,0,0,0.6583,0.244,UPI,0
301.34,21,2,2432,3,0,0,0.5974,0.0372,Card,0
363.87,3,1,2989,2,0,0,0.8647,0.1765,Wallet,0
174.87,7,0,3148,6,0,0,0.4418,0.4127,UPI,0
2723.62,4,0,2604,4,0,0,0.8469,0.2783,UPI,0
1426.3,20,0,3277,2,0,0,0.8757,0.0573,UPI,0
1864.09,12,1,1142,1,0,0,0.6722,0.0675,NetBanking,0
244.45,16,1,1558,4,0,0,0.8094,0.1494,Card,0
7145.2,22,1,527,3,0,0,0.6462,0.2309,UPI,0
578.66,4,1,2999,4,0,0,0.8335,0.3028,Card,0
1308.47,23,1,976,1,0,0,0.5541,0.2294,UPI,0
2689.48,3,0,1766,2,0,0,0.8891,0.2914,Ecommerce,0
389.04,18,1,575,1,1,0,0.6517,0.196,NetBanking,1
617.92,16,1,907,2,0,0,0.857,0.2977,UPI,0
1323.63,19,0,2364,0,0,0,0.6962,0.081,UPI,0
22034.1,3,2,883,1,0,0,0.4397,0.4104,Card,0
1504.45,23,0,1807,1,0,0,0.87,0.4007,Card,0
5923.48,19,1,1585,1,0,0,0.8283,0.2011,UPI,0
3889.19,2,1,2154,4,0,0,0.8562,0.236,UPI,0
1613.9,13,0,907,3,0,0,0.8124,0.3212,Ecommerce,0
388.13,19,1,1700,2,0,0,0.7361,0.1227,Card,0
3336.71,11,0,111,5,0,0,0.6748,0.2027,UPI,0
227.46,9,0,1817,1,0,0,0.8291,0.2539,Ecommerce,0
5889.46,6,1,375,1,1,0,0.7171,0.1067,Card,0
1352.9,12,1,2551,2,0,0,0.8408,0.3542,Wallet,0
67.85,23,0,2973,2,0,0,0.3366,0.3799,UPI,0
766.99,14,0,1409,2,0,0,0.6424,0.175,NetBanking,0
2179.05,17,0,3089,1,0,0,0.9782,0.2697,Ecommerce,0
855.02,18,0,1377,3,0,0,0.2696,0.5297,UPI,0
2323.33,18,0,3056,2,0,0,0.6507,0.2565,Card,0
449.2,9,0,1822,0,0,0,0.6104,0.3596,Ecommerce,0
278.31,18,1,1941,3,0,0,0.5077,0.2445,NetBanking,0
1017.38,7,0,1434,3,0,0,0.6542,0.2902,UPI,0
1133.59,14,0,3273,1,0,0,0.7784,0.3069,Card,0
760.67,7,0,2474,0,0,0,0.8863,0.3056,Ecommerce,0
3978.48,22,1,1750,3,0,0,0.8451,0.411,Wallet,0
449.12,17,1,2786,1,0,0,0.1597,0.1173,NetBanking,0
1523.59,14,0,1622,2,0,0,0.8918,0.236,UPI,0
1177.76,10,2,3068,0,0,0,0.7339,0.0793,UPI,0
213.89,12,0,1664,1,0,0,0.4816,0.3382,UPI,0
274.52,18,2,2836,4,0,0,0.9117,0.0912,Wallet,0
1110.43,6,0,894,2,0,0,0.8183,0.4626,UPI,0
8780.25,19,1,1985,0,0,0,0.6195,0.3958,NetBanking,0
2014.72,6,0,2149,2,0,1,0.5863,0.133,Card,0
179.12,3,0,1849,0,1,0,0.6345,0.1954,UPI,0
41.85,17,0,1575,6,0,0,0.5759,0.4359,UPI,0
2367.78,17,1,11,3,0,1,0.7712,0.2392,NetBanking,0
991.26,8,0,3411,2,0,0,0.9342,0.1272,Card,0
3634.87,15,0,760,4,0,0,0.6888,0.1626,Ecommerce,0
434.96,17,1,607,1,0,0,0.6018,0.2404,Ecommerce,0
1584.02,18,0,2840,0,0,0,0.2472,0.2587,UPI,0
2666.39,22,0,274,4,0,0,0.4718,0.3241,Card,0
685.51,20,0,2673,2,0,0,0.5418,0.3079,Card,0
701.07,10,1,1233,5,0,0,0.7915,0.1519,Ecommerce,0
1126.11,5,1,2522,0,0,0,0.8053,0.2709,NetBanking,0
1938.77,2,0,759,5,1,0,0.3032,0.1068,Card,0
1080.25,13,1,2461,0,0,0,0.5794,0.2338,Ecommerce,0
3049.39,15,1,3471,1,0,1,0.7959,0.1583,Card,0
675.17,16,1,1768,2,0,1,0.6311,0.1524,NetBanking,0
271.83,0,0,1958,4,0,0,0.9109,0.3964,UPI,0
8741.39,16,0,2147,1,0,0,0.6775,0.1266,UPI,0
581.22,18,0,1263,2,0,0,0.8157,0.1855,Card,0
603.74,17,0,1931,2,0,0,0.6639,0.055,Card,0
1023.42,12,0,2252,3,0,1,0.8236,0.223,Wallet,0
1176.78,0,0,93,2,0,0,0.8854,0.1375,NetBanking,0
730.68,11,0,1589,5,0,0,0.6388,0.2819,UPI,0
1076.74,15,1,1847,1,0,0,0.8528,0.2756,Card,0
1051.79,13,0,736,1,0,0,0.7033,0.0301,Ecommerce,0
1317.59,13,1,1651,1,0,0,0.7961,0.2752,UPI,0
92.26,12,0,1385,3,0,0,0.2767,0.146,UPI,0
7902.39,13,0,1942,1,0,0,0.7569,0.1919,Card,0
939.5,7,0,1007,4,0,1,0.954,0.1261,Card,0
2017.58,14,0,3143,1,0,1,0.774,0.0796,NetBanking,0
258.01,6,1,2234,3,0,0,0.4841,0.5541,Card,0
668.78,11,2,2196,2,0,0,0.8909,0.3739,Wallet,0
541.35,9,0,2859,2,0,0,0.8723,0.1504,Wallet,0
5131.79,17,0,81,1,1,0,0.5161,0.21,NetBanking,0
592.82,21,1,924,4,0,0,0.6795,0.1871,Ecommerce,0
2430.82,15,0,638,1,0,0,0.9066,0.4407,UPI,0
553.94,3,0,2177,2,0,0,0.6836,0.0385,NetBanking,0
681.81,16,0,1202,2,0,0,0.7376,0.3994,Card,0
847.4,7,0,2481,2,0,0,0.9675,0.5673,UPI,0
4221.89,1,1,3297,4,0,0,0.8167,0.4601,Card,0
150.75,4,0,1299,4,0,0,0.766,0.3176,UPI,0
275.49,23,0,1161,3,0,0,0.3247,0.3014,UPI,0
141.93,10,0,1709,3,0,0,0.6598,0.5799,UPI,0
350.07,4,2,1715,2,0,0,0.7243,0.0694,UPI,0
467.7,3,0,1260,0,0,0,0.8779,0.3726,UPI,0
201.3,15,1,1215,4,0,0,0.9,0.4768,UPI,0
507.32,18,1,1309,1,0,0,0.4198,0.1097,UPI,0
132.23,8,0,1709,0,0,0,0.9472,0.1236,Card,0
376.57,2,0,1565,2,0,1,0.7668,0.2444,Wallet,0
3867.8,8,0,1601,3,0,0,0.744,0.1241,UPI,0
1675.33,15,1,1038,2,0,1,0.4187,0.3329,Wallet,0
1335.21,2,0,2220,1,0,0,0.818,0.1431,UPI,0
382.64,6,0,1712,0,0,0,0.7917,0.0129,UPI,0
218.57,0,2,807,2,1,0,0.563,0.0627,NetBanking,0
331.59,11,1,2634,0,0,1,0.826,0.2002,Ecommerce,0
1047.99,4,1,3083,3,0,0,0.5906,0.3367,UPI,0
2728.71,4,0,1384,4,0,0,0.8492,0.3741,Wallet,0
2828.45,2,1,1832,2,0,0,0.7872,0.2198,Card,0
2126.31,17,1,3309,3,0,0,0.8614,0.0709,Card,0
505.51,11,1,1109,0,0,0,0.7536,0.2017,UPI,0
1125.27,22,0,768,2,1,0,0.3352,0.14,Card,0
782.58,9,0,1216,0,0,1,0.8052,0.3745,Ecommerce,0
887.8,5,1,1577,6,0,1,0.9267,0.074,Ecommerce,0
9311.3,4,0,1557,0,0,0,0.4967,0.2842,NetBanking,0
172.41,22,1,2108,1,0,0,0.3883,0.1375,UPI,0
857.13,14,1,972,1,0,0,0.5852,0.2169,NetBanking,0
3914.08,7,0,1904,3,0,0,0.7851,0.2404,UPI,0
235.29,15,2,382,0,1,0,0.8384,0.1602,Ecommerce,1
557.84,13,2,3314,1,0,1,0.8464,0.2132,Card,0
629.24,2,0,1036,0,0,0,0.7158,0.0531,NetBanking,0
867.44,16,0,1139,3,0,0,0.7385,0.2578,Card,0
205.25,2,1,570,5,0,0,0.7929,0.2266,NetBanking,0
2048.88,4,0,1326,0,0,0,0.7372,0.3268,Card,0
2207.47,17,0,3410,3,0,0,0.3776,0.174,UPI,0
1870.19,10,0,2087,5,0,0,0.82,0.1006,UPI,0
439.71,5,0,2337,2,0,0,0.7697,0.2993,UPI,0
1200.91,1,0,2090,3,1,0,0.8044,0.3974,Card,0
426.49,14,0,1174,0,0,0,0.7141,0.4249,Card,0
773.38,16,0,2757,3,0,0,0.8554,0.2423,Card,0
10521.13,4,0,1204,3,0,0,0.4988,0.0422,Ecommerce,0
1212.55,9,0,2782,1,0,0,0.6445,0.1625,Wallet,0
315.17,8,1,3450,0,0,0,0.872,0.528,NetBanking,0
1325.24,21,0,44,1,0,1,0.4515,0.3505,Card,0
265.23,18,0,591,2,0,0,0.7506,0.1379,Card,0
311.39,6,0,2676,3,0,1,0.6747,0.0773,UPI,0
367.54,12,0,430,1,0,0,0.6648,0.1631,UPI,0
687.78,22,1,2514,1,1,0,0.7203,0.3773,Ecommerce,0
2933.11,8,0,866,3,1,1,0.7846,0.1084,UPI,0
2012.87,3,2,2053,0,0,0,0.7409,0.2789,Card,0
1899.12,7,0,2285,1,1,0,0.4344,0.1121,Card,0
345.89,14,0,1114,4,0,0,0.6615,0.2062,UPI,0
621.18,23,0,3002,1,0,1,0.6819,0.0415,UPI,0
1459.14,7,0,3175,1,0,0,0.6933,0.259,UPI,0
566.95,1,0,770,1,0,1,0.7345,0.2057,NetBanking,0
818.7,4,0,2585,1,0,0,0.6739,0.4173,UPI,0
1743.11,9,0,2357,0,0,0,0.7639,0.2081,Card,0
760.36,2,1,905,2,0,0,0.834,0.1311,UPI,0
1390.42,0,0,2857,0,0,0,0.8236,0.2299,UPI,0
5839.29,15,1,1073,3,0,1,0.9439,0.249,Card,0
915.57,19,0,900,0,0,0,0.7969,0.316,UPI,0
3783.12,5,0,2488,3,0,0,0.831,0.0517,Card,0
1973.06,12,0,423,1,0,0,0.7414,0.1724,NetBanking,0
234.96,13,0,3212,4,0,1,0.9701,0.1038,UPI,0
344.73,16,0,1350,1,0,0,0.7999,0.027,Wallet,0
457.02,23,0,1720,0,1,0,0.8636,0.1853,Card,0
446.94,21,0,2380,1,0,0,0.8975,0.4889,UPI,0
997.44,7,0,3078,1,0,0,0.4873,0.2487,Card,0
2090.96,23,2,2696,3,1,1,0.3717,0.4047,UPI,0
4096.62,0,0,1341,0,0,0,0.5489,0.3668,UPI,0
1515.63,23,1,2626,2,0,0,0.8478,0.4149,Ecommerce,0
686.8,3,0,1387,1,0,0,0.6832,0.4963,Card,0
123.18,2,1,1811,4,0,0,0.8871,0.0836,Card,0
1181.0,2,0,2402,0,0,0,0.5363,0.1703,Card,0
1126.71,2,0,1930,4,0,0,0.9189,0.2188,UPI,0
1328.86,11,0,183,1,1,0,0.9143,0.4143,Ecommerce,0
10012.13,15,0,162,0,0,0,0.812,0.1502,Card,0
4034.45,17,0,492,1,0,0,0.7031,0.2215,UPI,0
2500.67,0,1,299,5,0,0,0.6761,0.6791,NetBanking,1
399.34,7,1,2551,3,0,0,0.8432,0.0695,NetBanking,0
639.93,3,0,678,4,0,0,0.5085,0.3318,UPI,0
992.68,3,0,852,3,0,0,0.4767,0.4301,Ecommerce,0
485.81,17,0,1104,4,0,1,0.7437,0.0826,NetBanking,0
1854.72,15,0,618,2,0,0,0.4255,0.1992,Card,0
1595.2,5,0,3038,3,0,1,0.7344,0.2156,Card,0
349.77,7,0,318,1,0,0,0.942,0.1407,Card,0
3853.19,22,0,676,4,0,0,0.6918,0.394,Ecommerce,0
1221.0,13,0,792,2,0,0,0.8136,0.3282,Ecommerce,0
178.48,5,0,301,0,0,0,0.8126,0.1641,UPI,0
1039.08,22,0,881,6,0,0,0.9291,0.0916,Ecommerce,0
1473.31,4,0,657,4,0,0,0.9799,0.3052,UPI,0
3045.54,6,1,1198,2,1,0,0.731,0.5781,UPI,0
769.43,16,0,541,4,0,0,0.6425,0.3047,UPI,0
2615.83,12,0,3284,1,1,0,0.4003,0.1799,Ecommerce,0
1334.75,1,0,2753,3,0,1,0.768,0.0415,NetBanking,0
275.67,19,0,2258,3,0,0,0.6368,0.1167,UPI,0
248.16,5,0,2077,1,0,0,0.7562,0.174,UPI,0
3564.17,16,0,2428,6,0,0,0.3536,0.0033,UPI,0
3849.83,8,2,3294,1,0,0,0.4621,0.5572,Card,0
1539.26,18,0,470,0,0,0,0.7862,0.0812,NetBanking,0
5273.72,21,0,1862,1,0,1,0.8144,0.2938,UPI,0
3325.72,18,0,679,2,0,0,0.6326,0.019,Ecommerce,0
2248.03,22,0,1587,1,0,0,0.4935,0.1633,Ecommerce,0
421.21,12,0,3146,6,0,1,0.7419,0.0549,Card,0
6754.74,1,0,2211,1,0,0,0.6031,0.2537,UPI,0
1925.84,12,0,2222,3,0,0,0.795,0.1387,Card,0
731.33,11,0,342,1,0,0,0.6781,0.2288,Ecommerce,0
543.66,17,0,2835,1,0,0,0.7296,0.0867,NetBanking,0
1436.01,5,1,2503,2,0,0,0.6492,0.4044,Card,0
189.69,16,0,1255,0,0,0,0.9452,0.1353,Card,0
2286.22,10,0,1172,0,0,0,0.2661,0.0298,UPI,0
402.93,16,0,2023,2,0,1,0.6543,0.3359,NetBanking,0
1618.31,10,0,2656,4,0,1,0.5425,0.4146,NetBanking,0
634.16,9,0,1761,1,0,0,0.8211,0.3053,Card,0
830.78,5,0,2998,2,0,0,0.7521,0.1165,Ecommerce,0
495.34,19,0,724,1,0,0,0.5349,0.0618,Ecommerce,0
925.85,1,0,2417,2,0,0,0.9045,0.3949,UPI,0
7973.26,5,0,2887,1,0,0,0.7628,0.5565,UPI,0
4695.28,10,0,2476,1,0,1,0.8377,0.1348,Ecommerce,0
1591.14,3,0,1172,3,0,0,0.7907,0.1255,NetBanking,0
1067.89,22,1,1627,2,0,0,0.9165,0.3196,NetBanking,0
2660.88,8,1,1637,1,0,0,0.6576,0.1906,NetBanking,0
3592.02,5,0,1085,1,0,0,0.4342,0.4486,Ecommerce,0
458.84,6,0,471,0,0,1,0.7792,0.3935,Card,0
1010.99,4,0,659,3,0,1,0.784,0.2029,NetBanking,0
161.89,15,0,2236,1,0,0,0.7533,0.0613,UPI,0
3566.2,11,0,792,1,0,0,0.68,0.1643,UPI,0
9588.08,5,0,2770,1,0,0,0.4083,0.2458,Card,0
1192.83,20,0,2775,4,0,0,0.4709,0.253,UPI,0
117.77,15,1,1440,0,1,0,0.6073,0.2777,UPI,0
2078.36,9,0,1280,0,0,0,0.8167,0.3953,UPI,1
424.41,12,0,3423,2,0,0,0.9592,0.0573,Card,0
546.47,15,2,51,1,0,1,0.8178,0.2829,Card,0
2117.32,3,0,906,1,0,0,0.7975,0.1942,NetBanking,0
1432.65,19,0,2419,1,0,0,0.5927,0.187,NetBanking,0
656.87,6,0,3056,2,0,0,0.6362,0.2547,NetBanking,0
554.42,0,1,1610,2,0,0,0.7463,0.1412,UPI,0
1251.54,12,1,2526,1,0,0,0.5513,0.2248,Ecommerce,0
713.41,21,1,767,0,0,0,0.7996,0.1519,NetBanking,0
342.17,17,0,3245,3,0,0,0.7101,0.1618,Card,0
773.41,7,0,2041,3,0,0,0.822,0.4734,Wallet,0
1566.46,9,0,2594,4,0,0,0.8848,0.3183,UPI,0
909.59,14,1,622,3,0,0,0.7171,0.4027,Card,0
248.59,5,1,1735,1,0,0,0.6942,0.1844,UPI,0
3098.02,19,0,2550,1,0,0,0.643,0.3177,UPI,0
61.82,7,0,1451,2,0,0,0.5265,0.1773,UPI,0
686.3,5,0,3361,2,0,0,0.8277,0.1064,UPI,0
571.8,2,1,2904,1,0,0,0.6914,0.1004,NetBanking,0
1281.25,16,0,457,2,0,0,0.8892,0.1541,UPI,0
1977.81,0,0,2942,2,1,0,0.8177,0.1994,Wallet,0
3579.95,19,1,1344,4,0,0,0.8389,0.1304,UPI,0
519.04,23,1,2064,2,0,0,0.6799,0.2615,Card,0
2030.24,2,0,1433,0,0,0,0.6537,0.128,UPI,0
1346.97,2,0,2459,1,0,0,0.4161,0.0891,NetBanking,0
181.8,22,1,1507,1,0,0,0.5682,0.2893,Card,0
8067.24,2,2,1623,1,0,0,0.4565,0.1819,UPI,0
242.08,9,1,2042,4,0,0,0.6903,0.4627,UPI,0
1703.55,20,0,769,2,0,0,0.6303,0.6374,UPI,0
1651.53,3,0,1497,1,0,0,0.6413,0.1245,NetBanking,0
1464.72,15,0,181,2,0,1,0.9269,0.4338,UPI,0
652.42,9,1,211,6,0,0,0.4865,0.0881,Ecommerce,0
2613.94,10,2,2290,2,0,0,0.6887,0.2857,UPI,0
213.07,22,0,978,2,0,0,0.7039,0.3285,UPI,0
1023.39,15,0,2344,4,0,1,0.8627,0.1901,Ecommerce,0
606.64,7,0,2661,3,0,0,0.4193,0.5371,UPI,0
538.53,22,0,2330,5,0,0,0.9764,0.1887,UPI,0
1720.18,13,1,1477,7,0,1,0.6396,0.0453,Card,0
3399.39,2,0,1971,2,1,0,0.6386,0.1676,Ecommerce,0
764.77,9,1,2741,1,0,0,0.9287,0.2197,Card,0
2489.2,5,2,1203,3,0,0,0.7074,0.3197,Ecommerce,0
1155.43,15,0,1465,1,0,0,0.9191,0.1378,UPI,0
429.5,20,1,852,3,0,0,0.7359,0.1866,UPI,0
836.44,0,0,709,1,0,0,0.3737,0.3076,Card,0
800.74,18,0,236,0,0,0,0.678,0.2978,Ecommerce,0
527.69,21,0,254,3,0,1,0.7319,0.2435,Card,0
1719.7,23,0,523,1,0,1,0.6681,0.3176,Card,1
1403.01,15,0,2692,0,0,0,0.6434,0.1448,UPI,0
206.4,7,1,2201,1,0,0,0.5355,0.0884,Card,0
193.62,3,2,314,3,0,0,0.4481,0.2626,UPI,0
1712.86,22,1,2689,0,0,0,0.7354,0.4993,UPI,0
465.89,9,0,2627,2,1,0,0.8304,0.0799,UPI,0
1505.9,8,2,3177,3,0,0,0.8763,0.2482,UPI,0
2489.85,17,1,3390,0,1,0,0.6072,0.1463,Ecommerce,0
288.73,17,1,300,4,0,0,0.869,0.0396,Ecommerce,0
249.11,19,0,1835,3,1,0,0.8627,0.4453,UPI,0
6362.35,21,1,2850,3,0,0,0.7106,0.2951,UPI,0
1586.28,21,0,843,3,0,0,0.7881,0.0761,UPI,0
706.13,4,1,2093,1,0,0,0.808,0.2479,UPI,0
411.32,4,0,324,2,0,0,0.8524,0.0621,Card,0
641.65,4,1,1059,7,0,0,0.9026,0.1272,Wallet,0
314.16,15,0,3429,1,0,0,0.813,0.3448,Wallet,0
2772.72,13,0,2542,0,0,0,0.5642,0.3339,UPI,0
485.13,20,0,919,3,0,0,0.7583,0.3358,Card,0
3457.19,20,0,3462,3,0,0,0.8445,0.4123,Card,0
720.06,19,2,714,1,0,0,0.6647,0.3642,Card,0
366.68,1,0,1332,0,0,0,0.8771,0.231,UPI,0
700.91,16,2,1558,5,0,0,0.8001,0.0508,UPI,0
69.73,20,0,2198,3,0,0,0.664,0.0853,UPI,0
966.03,23,0,923,1,0,0,0.5407,0.0465,Card,0
917.25,8,0,918,1,0,0,0.6627,0.5415,Ecommerce,0
2607.06,18,0,2349,3,0,0,0.5874,0.2296,Ecommerce,0
151.32,9,0,723,2,0,1,0.8318,0.2081,Card,0
3714.35,3,2,504,1,0,0,0.9152,0.4645,NetBanking,0
2595.75,8,0,527,4,0,0,0.534,0.546,Wallet,1
4083.24,6,0,1153,2,0,0,0.8598,0.3301,UPI,0
1037.58,21,0,119,1,0,0,0.8032,0.2211,UPI,0
3179.86,4,0,129,3,0,0,0.8471,0.442,UPI,0
233.97,3,1,2535,2,1,0,0.8153,0.4002,Card,0
2318.56,13,1,1897,1,0,0,0.4182,0.0809,UPI,0
487.98,13,0,516,4,0,0,0.802,0.3104,Card,0
193.65,13,2,898,3,0,0,0.9505,0.1236,NetBanking,0
336.85,3,1,2369,2,0,0,0.5186,0.0871,UPI,0
1103.02,11,1,2808,3,0,0,0.7884,0.2279,Ecommerce,0
461.5,22,0,3044,0,0,0,0.6209,0.4073,UPI,0
1627.63,2,1,766,2,0,0,0.6669,0.0202,Ecommerce,0
164.24,19,1,2964,2,0,0,0.8168,0.3409,Ecommerce,0
117.51,3,1,1497,2,0,0,0.846,0.0423,Card,0
4633.22,5,0,1051,6,0,1,0.8462,0.1354,UPI,0
2832.71,21,0,2022,2,0,0,0.5925,0.0866,Card,0
364.39,7,0,441,3,0,0,0.7696,0.3562,Card,0
1093.18,12,0,1625,4,0,0,0.6178,0.1932,UPI,0
3198.64,9,0,1554,4,0,0,0.6594,0.3826,Ecommerce,1
1703.02,14,0,2088,2,1,1,0.6241,0.4126,Card,0
1281.3,9,0,640,0,0,0,0.7646,0.1725,UPI,0
3463.07,10,0,223,4,0,0,0.7564,0.1933,UPI,0
509.15,19,0,1311,2,0,1,0.9069,0.2564,UPI,0
1133.13,13,0,3442,2,0,0,0.8947,0.0392,Ecommerce,0
1076.27,13,0,1993,5,0,0,0.5485,0.6429,Ecommerce,0
823.53,19,0,1920,3,0,0,0.5414,0.1753,Wallet,0
728.29,10,2,2257,2,0,0,0.8978,0.2328,Wallet,0
1183.83,19,1,1781,3,0,0,0.6168,0.2793,Card,0
1136.98,17,1,769,3,0,0,0.7965,0.236,UPI,0
364.73,21,0,3447,3,0,0,0.7562,0.332,Ecommerce,0
2545.0,10,0,800,1,0,0,0.5314,0.1157,NetBanking,0
393.39,13,1,2242,5,0,0,0.7823,0.3816,Card,0
872.06,3,0,3031,3,0,0,0.3808,0.1135,UPI,0
804.29,2,0,2306,2,0,0,0.8599,0.2062,UPI,0
1597.2,2,1,3307,3,0,0,0.3102,0.3646,Wallet,0
118.5,15,1,628,1,0,0,0.4523,0.4354,Ecommerce,1
2794.63,7,1,2251,3,0,0,0.8849,0.2525,UPI,0
538.7,6,0,329,5,0,0,0.6946,0.1152,UPI,0
3947.99,14,0,1951,5,0,1,0.7106,0.1623,UPI,0
663.76,9,0,648,3,0,0,0.8696,0.3061,Wallet,0
1041.81,3,0,2305,1,0,0,0.846,0.1662,UPI,0
8180.23,13,0,1147,1,0,0,0.9393,0.3704,UPI,0
819.58,13,0,456,2,0,0,0.6087,0.3243,UPI,0
4027.06,3,0,3031,3,0,0,0.6696,0.0969,Ecommerce,0
1142.53,6,0,3140,2,0,1,0.6258,0.3054,UPI,0
1696.27,5,0,602,4,0,0,0.7663,0.1838,UPI,0
1180.22,16,1,735,3,0,0,0.5624,0.03,NetBanking,0
2671.1,5,0,139,3,1,0,0.9402,0.2371,UPI,0
533.89,0,0,2346,3,0,0,0.8643,0.5698,Wallet,0
390.23,6,1,3127,3,0,0,0.9008,0.2828,NetBanking,0
560.87,11,1,782,0,0,1,0.4199,0.2268,NetBanking,0
1217.67,18,0,1583,5,0,1,0.5954,0.7557,Card,0
869.69,1,0,2472,2,0,0,0.7771,0.18,Ecommerce,0
2311.82,21,1,1552,1,0,0,0.5936,0.3016,UPI,0
4315.5,7,0,2638,2,0,0,0.8441,0.385,Card,0
393.61,8,0,2640,0,0,0,0.7038,0.3425,Ecommerce,0
507.43,0,1,2595,3,0,0,0.7595,0.2526,Card,0
242.73,6,1,2503,8,0,0,0.8321,0.0854,UPI,0
9245.49,11,1,1504,3,0,0,0.88,0.1871,Card,0
1510.06,15,0,1381,4,0,0,0.7724,0.3798,Ecommerce,0
1814.91,18,1,2127,3,0,0,0.8007,0.391,UPI,0
268.48,12,0,381,0,0,0,0.5393,0.0913,Wallet,0
1095.29,2,0,2095,3,0,0,0.8024,0.5142,NetBanking,0
1871.9,9,0,120,0,1,1,0.8557,0.3789,UPI,0
841.01,17,0,2523,4,0,0,0.9316,0.0822,NetBanking,0
3393.07,15,0,2121,2,1,0,0.4202,0.2797,Card,0
12424.46,14,0,1750,3,0,0,0.698,0.2397,UPI,0
405.69,12,0,1065,1,0,0,0.7331,0.0975,UPI,0
374.96,12,0,1778,0,0,0,0.8391,0.1997,UPI,0
436.31,23,0,2226,1,0,0,0.8065,0.2565,UPI,0
5922.47,14,1,2397,0,0,0,0.7152,0.4608,UPI,0
3276.31,14,1,3230,3,0,0,0.9507,0.1456,Ecommerce,0
951.17,8,0,601,1,0,1,0.5688,0.2346,UPI,0
1139.55,11,1,160,0,0,1,0.7713,0.2799,UPI,0
465.28,17,0,2286,1,0,0,0.2934,0.1345,Wallet,0
2792.04,20,0,576,4,0,0,0.8157,0.2241,Ecommerce,0
735.91,18,0,524,2,0,0,0.5909,0.3562,UPI,0
834.57,15,0,966,1,0,0,0.5899,0.2694,UPI,0
2078.14,18,0,2538,2,0,0,0.9638,0.3134,Ecommerce,0
900.19,0,0,225,1,0,0,0.6251,0.2595,Card,0
856.87,6,0,1365,1,0,0,0.7932,0.0667,Card,0
1108.88,5,0,375,5,0,1,0.7277,0.1611,Card,0
2527.85,15,0,2939,3,0,0,0.7813,0.0854,Wallet,0
6178.42,18,0,2669,0,0,0,0.8783,0.1554,UPI,0
2027.91,3,1,315,4,1,0,0.7468,0.1453,NetBanking,1
2549.06,4,0,963,2,0,0,0.5524,0.139,Card,0
889.05,11,0,1615,0,0,0,0.6147,0.4823,Card,0
521.55,23,1,1603,3,1,0,0.7082,0.1718,NetBanking,0
2179.14,0,0,591,3,0,0,0.7397,0.2182,UPI,0
1312.65,21,1,1636,1,0,0,0.8323,0.2142,UPI,0
246.22,4,1,3041,1,0,0,0.8374,0.1173,Card,0
777.07,6,1,778,2,0,1,0.7517,0.1764,Ecommerce,0
1005.22,15,0,444,2,0,0,0.3829,0.0622,NetBanking,0
641.63,17,0,1354,2,0,0,0.6196,0.2556,NetBanking,0
5196.92,20,0,1701,1,1,0,0.7333,0.2777,UPI,0
1814.98,0,0,1002,1,0,0,0.7395,0.3429,Card,0
4637.05,1,2,374,1,0,0,0.5659,0.18,UPI,0
1446.06,11,0,304,1,0,0,0.4194,0.219,Card,0
1194.47,13,1,2793,3,0,0,0.3622,0.1773,Card,0
410.17,6,0,466,3,0,0,0.5891,0.3026,UPI,0
1110.46,15,0,992,4,0,1,0.7942,0.104,UPI,0
1111.77,6,0,2669,0,0,1,0.7657,0.3279,Card,0
261.0,22,0,2082,3,0,0,0.8136,0.3116,Card,0
622.35,4,0,94,3,1,0,0.7643,0.3568,NetBanking,0
780.98,15,0,601,1,0,0,0.8322,0.4678,UPI,0
1692.82,12,0,1652,5,0,0,0.8215,0.1118,NetBanking,0
1780.09,2,0,1235,3,0,0,0.4788,0.0945,Ecommerce,0
595.63,14,1,3461,1,0,0,0.5783,0.1192,UPI,0
1794.2,3,1,404,2,0,0,0.7164,0.1365,UPI,0
905.8,12,2,99,1,0,0,0.6949,0.2311,UPI,0
53.89,15,0,1931,1,0,0,0.7901,0.0531,NetBanking,0
659.22,1,0,3356,2,0,0,0.5431,0.2447,Card,0
3404.79,5,0,19,2,0,0,0.6954,0.1312,Ecommerce,0
187.56,7,0,2902,3,0,0,0.692,0.3158,UPI,0
1234.38,22,1,3475,1,0,0,0.7055,0.2759,Card,0
5793.69,5,0,1460,4,0,0,0.891,0.4015,UPI,0
493.42,22,1,1461,1,0,0,0.4745,0.2755,UPI,0
1099.11,12,1,3473,0,0,0,0.7028,0.2137,Ecommerce,0
278.88,22,0,2205,4,0,0,0.9364,0.3294,Wallet,0
6054.72,19,0,1916,6,0,0,0.9824,0.1008,UPI,0
1004.76,7,0,1008,2,0,0,0.6402,0.1756,Card,0
1151.66,13,2,3261,2,0,0,0.8575,0.0459,NetBanking,0
4546.06,17,0,891,3,0,0,0.7762,0.0747,UPI,0
2196.35,1,1,1378,1,0,0,0.7675,0.1168,Card,0
437.29,15,0,2962,1,0,0,0.5859,0.3684,Card,0
555.77,11,0,1790,2,0,0,0.6535,0.1257,Wallet,0
1843.97,0,1,2655,3,0,1,0.4601,0.1003,Card,0
569.45,20,0,3481,1,0,0,0.8068,0.3117,Wallet,0
118.74,6,2,2254,5,0,0,0.7264,0.2784,UPI,0
1037.01,20,0,575,1,0,0,0.7676,0.2022,Card,0
231.78,4,1,2634,0,1,0,0.3884,0.3926,UPI,0
5985.5,12,1,2101,2,0,1,0.9154,0.2558,Card,0
1320.32,8,0,619,0,0,0,0.8055,0.3247,Ecommerce,0
423.93,21,1,393,2,0,1,0.7225,0.4284,UPI,0
526.6,22,0,3269,2,0,1,0.9135,0.4139,Card,0
150.83,18,0,376,4,1,1,0.4783,0.2202,UPI,0
345.7,20,1,1595,0,0,0,0.7788,0.1424,Ecommerce,0
3187.97,18,1,3448,3,0,0,0.8002,0.1529,UPI,0
11422.9,7,0,3041,1,0,0,0.9235,0.1588,UPI,0
2351.28,22,3,2938,0,1,0,0.9683,0.4421,NetBanking,1
995.61,12,0,2578,2,0,0,0.6461,0.4595,UPI,0
696.76,8,0,1673,1,0,0,0.8202,0.2361,UPI,0
401.69,4,0,1005,2,0,0,0.6027,0.1171,Card,0
9535.28,17,0,3141,2,0,0,0.8731,0.1163,UPI,0
899.48,6,0,1995,2,0,0,0.601,0.4733,Wallet,0
10111.32,15,0,1389,2,0,0,0.5691,0.2586,Wallet,0
4737.17,1,0,3383,1,0,0,0.8831,0.2425,Card,0
176.3,15,0,1299,2,0,0,0.5254,0.2355,UPI,0
544.98,15,0,136,4,0,0,0.5559,0.2866,Card,0
543.21,12,0,2106,4,0,0,0.1946,0.1087,Wallet,0
1008.44,15,0,1496,2,0,0,0.5933,0.1486,Card,0
1029.34,23,0,2182,2,0,0,0.7071,0.2452,NetBanking,0
25490.24,20,1,2174,2,0,0,0.6032,0.1636,NetBanking,0
353.86,10,1,2207,4,0,0,0.7367,0.0548,UPI,0
1394.68,20,1,1194,2,0,0,0.512,0.077,UPI,0
2095.05,22,2,887,2,0,0,0.8074,0.3031,Card,0
1094.82,3,0,1117,1,0,0,0.9472,0.309,Card,0
1231.13,8,0,3378,3,0,0,0.8142,0.2948,UPI,0
366.12,17,0,2622,2,1,0,0.8635,0.4437,UPI,0
1226.37,12,2,1378,3,0,0,0.8824,0.4087,Wallet,0
1876.13,3,0,3207,2,1,0,0.7469,0.2562,Wallet,0
1546.86,11,0,2678,2,0,0,0.7819,0.0474,Card,0
1995.62,8,0,1884,1,0,0,0.8308,0.2926,Card,0
4833.08,17,0,2801,1,0,0,0.674,0.1223,Card,0
2933.1,12,0,3319,3,0,1,0.8379,0.2376,UPI,0
1181.88,3,1,1990,1,0,0,0.73,0.2317,UPI,0
320.43,1,1,360,4,1,0,0.6999,0.2097,UPI,0
584.05,6,0,1511,2,0,0,0.868,0.3116,UPI,0
870.78,3,0,801,0,0,0,0.6766,0.5969,UPI,0
1429.33,21,0,2449,0,0,0,0.684,0.0571,NetBanking,0
663.65,6,0,313,0,0,0,0.7447,0.2207,Card,0
410.54,15,1,1641,1,0,0,0.7105,0.2116,Ecommerce,0
314.94,3,0,1528,2,0,1,0.8814,0.2794,Card,0
193.69,10,0,1354,0,0,0,0.8765,0.1107,Ecommerce,0
856.88,22,0,2196,0,0,0,0.6559,0.3512,NetBanking,0
234.36,15,0,1912,2,0,0,0.6272,0.1737,UPI,0
383.54,6,0,707,0,0,0,0.7352,0.0798,UPI,0
725.17,17,0,2802,3,0,1,0.7768,0.1248,UPI,0
269.69,12,1,1573,0,0,0,0.6302,0.4745,Card,0
1633.92,5,0,555,2,0,0,0.5118,0.1688,Wallet,0
2385.67,23,0,2397,2,0,0,0.9759,0.0191,Ecommerce,0
615.91,22,0,1379,3,0,0,0.9532,0.2527,UPI,0
693.06,13,0,2240,3,0,1,0.6564,0.1111,UPI,0
1928.12,0,1,2643,1,0,1,0.6715,0.1339,Ecommerce,0
518.17,9,0,2205,2,0,0,0.4555,0.4809,NetBanking,0
482.09,12,0,3294,3,0,1,0.4571,0.1465,UPI,0
3851.91,22,0,2123,1,0,0,0.367,0.1811,Ecommerce,0
2774.98,17,0,1338,2,0,0,0.5451,0.3503,Card,0
2062.4,5,1,3453,3,0,0,0.76,0.5017,Ecommerce,0
2898.44,12,1,1805,4,0,0,0.8441,0.1158,NetBanking,0
137.53,4,0,2500,2,0,0,0.8604,0.3085,UPI,0
4543.84,11,1,1163,1,0,0,0.5277,0.3106,NetBanking,0
1655.18,12,1,3177,2,0,1,0.5656,0.2224,Card,0
3169.47,12,0,3290,5,0,0,0.6145,0.0675,UPI,0
1646.69,10,0,3331,4,0,0,0.5428,0.5424,UPI,0
1154.44,10,0,1362,3,1,0,0.5417,0.1273,UPI,0
821.33,19,0,3009,3,0,0,0.7803,0.0415,Wallet,0
1612.44,12,0,2354,4,0,0,0.9378,0.0804,UPI,0
790.5,1,0,339,1,0,0,0.934,0.3793,UPI,0
2727.85,17,0,3210,5,0,1,0.8539,0.6273,Wallet,0
207.31,14,1,1855,2,0,0,0.8047,0.2449,UPI,0
621.01,16,0,1867,2,0,0,0.8473,0.8045,UPI,0
9386.84,17,0,1339,2,0,0,0.9189,0.4285,Ecommerce,0
568.28,4,0,2986,0,0,1,0.7203,0.2908,NetBanking,0
853.53,23,0,346,0,0,0,0.5238,0.1426,Card,0
434.11,23,1,1349,1,0,0,0.9938,0.6076,Card,0
1560.31,3,1,1977,2,1,1,0.7595,0.4176,UPI,1
506.19,5,1,691,1,0,0,0.7895,0.4653,Card,0
902.45,5,0,750,1,0,0,0.8445,0.5693,Card,0
2673.94,23,0,2158,2,0,0,0.7168,0.3066,UPI,0
526.52,22,0,2039,0,0,0,0.9053,0.2642,UPI,0
2510.01,6,0,2863,0,0,0,0.8244,0.2007,UPI,0
2600.19,15,0,2862,0,0,0,0.7195,0.2885,UPI,0
3319.95,5,0,70,1,0,0,0.8397,0.1655,NetBanking,0
1271.01,0,0,1382,1,0,0,0.868,0.5597,Wallet,0
32968.97,5,1,2965,1,0,0,0.68,0.0304,Ecommerce,0
3318.47,1,1,3324,3,0,0,0.6194,0.0209,Ecommerce,1
1542.44,20,0,338,2,0,0,0.4282,0.2466,Card,0
437.15,18,1,2684,2,0,0,0.392,0.1306,Wallet,0
990.38,4,2,818,3,0,0,0.9159,0.2136,Card,0
4903.2,13,0,2816,1,0,0,0.8374,0.0585,UPI,0
6601.23,4,0,1565,3,0,0,0.4514,0.4412,UPI,0
5178.37,13,0,399,3,0,0,0.6123,0.2679,UPI,0
2501.01,21,0,720,4,0,0,0.6871,0.1458,Ecommerce,0
293.41,21,0,3296,2,0,0,0.7055,0.2755,NetBanking,0
1828.99,19,0,2688,2,0,0,0.4377,0.2984,UPI,0
297.83,5,0,127,1,1,0,0.6981,0.3339,Card,0
230.02,4,1,3318,2,1,1,0.8293,0.2462,NetBanking,0
1409.68,3,1,2954,1,0,0,0.9161,0.4392,Wallet,0
1899.53,3,0,1911,3,0,0,0.7907,0.2128,UPI,0
2831.45,14,0,110,3,0,0,0.82,0.3104,NetBanking,0
1848.25,15,1,1526,4,0,0,0.539,0.4723,UPI,0
1916.33,21,0,574,2,0,0,0.8459,0.2068,Card,0
389.99,2,0,1283,2,1,1,0.5049,0.2038,NetBanking,0
982.18,6,0,1108,3,0,0,0.6495,0.2388,UPI,0
225.32,17,0,2497,2,0,1,0.6648,0.2309,Ecommerce,0
133.82,16,0,2583,4,0,0,0.6858,0.1478,Ecommerce,0
2386.72,10,0,610,0,0,0,0.6118,0.1456,UPI,0
497.31,3,1,3148,5,0,0,0.7427,0.1721,Wallet,0
2741.12,11,0,2348,2,0,0,0.9257,0.216,Card,0
3511.38,4,0,2335,3,1,0,0.8091,0.1025,UPI,0
572.33,12,1,2718,1,1,0,0.9385,0.2131,UPI,1
2038.21,21,0,2549,0,0,0,0.9022,0.1063,Card,0
547.73,4,0,2762,2,0,0,0.8321,0.3315,Wallet,0
157.88,2,1,1019,2,0,0,0.5246,0.1944,Card,0
1248.22,17,1,2405,2,1,0,0.8056,0.1345,UPI,0
668.87,0,0,3413,2,0,0,0.672,0.2646,NetBanking,0
690.84,23,0,2641,3,0,1,0.6547,0.1174,Card,0
8726.42,18,0,1431,3,1,0,0.7054,0.1252,UPI,0
220.93,9,0,2215,1,0,0,0.8901,0.2274,UPI,0
1639.28,8,0,3195,2,0,0,0.9193,0.0764,Card,0
385.85,9,0,2296,2,0,0,0.6544,0.1842,Card,0
2846.01,9,0,2728,1,0,0,0.6766,0.414,UPI,0
1500.2,20,0,3115,2,0,0,0.6751,0.198,Wallet,0
1633.22,19,0,1289,1,0,0,0.6327,0.1107,Card,0
406.61,4,0,1178,4,0,0,0.8306,0.1662,UPI,0
490.85,4,0,1205,2,1,0,0.8226,0.4776,Card,0
2903.33,12,0,1295,1,0,0,0.7022,0.2794,Card,0
7039.82,15,0,2380,0,0,0,0.5295,0.5356,UPI,0
1815.88,17,1,1703,3,0,0,0.4968,0.086,Card,0
427.39,7,0,3292,1,0,0,0.8612,0.2922,Card,0
1565.38,11,1,2405,2,0,0,0.8001,0.372,UPI,0
14028.49,2,0,2355,2,0,0,0.4435,0.1387,NetBanking,0
1221.14,10,0,3325,2,0,0,0.7951,0.0086,Card,0
5089.49,16,0,3001,3,0,0,0.887,0.2387,Ecommerce,0
504.04,7,1,120,2,0,0,0.7951,0.0946,UPI,0
1049.23,7,0,3382,1,0,0,0.9537,0.6206,UPI,0
2101.79,11,0,3087,0,0,0,0.6769,0.1757,UPI,0
1664.36,20,1,1159,2,0,1,0.7313,0.4841,NetBanking,0
490.43,14,2,829,0,0,1,0.7334,0.2066,NetBanking,0
468.72,22,0,1887,3,0,0,0.6997,0.1538,UPI,0
3095.48,1,0,3497,2,0,0,0.7052,0.3572,Card,0
3831.95,20,0,2134,1,0,0,0.7878,0.1073,UPI,0
5365.53,1,0,2029,1,0,0,0.3481,0.1829,UPI,0
7289.04,7,0,765,3,0,0,0.5612,0.3283,UPI,0
1263.13,10,0,3142,2,1,0,0.9,0.3493,Ecommerce,0
790.95,5,1,2792,2,0,0,0.4498,0.2725,UPI,0
4530.29,23,1,206,3,1,0,0.7686,0.2303,Ecommerce,0
2318.61,21,1,921,2,1,1,0.6988,0.4732,Card,0
390.89,13,1,3085,5,0,0,0.7853,0.2309,Ecommerce,0
370.44,10,1,2476,2,0,0,0.8482,0.0595,Card,0
1838.17,18,1,1416,2,0,0,0.7225,0.4002,UPI,0
910.38,16,0,1836,2,0,0,0.9093,0.1735,NetBanking,0
1066.62,11,0,447,2,0,0,0.5837,0.2248,Card,0
3381.79,19,0,2929,4,0,0,0.8356,0.069,UPI,0
2433.26,4,0,2211,2,0,0,0.2854,0.3664,Wallet,0
4430.94,6,0,1793,3,0,0,0.7866,0.1688,UPI,0
144.3,0,0,2144,2,0,1,0.6315,0.5127,UPI,0
1430.91,2,1,2056,2,0,0,0.7635,0.074,Ecommerce,0
2274.29,4,0,1523,1,0,0,0.4653,0.3517,Ecommerce,0
220.76,14,1,639,0,0,0,0.4937,0.3428,Ecommerce,0
551.34,20,1,1686,3,0,0,0.9353,0.2505,UPI,0
453.72,14,0,2829,1,0,0,0.6197,0.0693,UPI,0
1121.9,10,0,194,1,0,0,0.6446,0.1128,Ecommerce,0
6058.68,6,1,1411,3,0,1,0.8104,0.2234,Ecommerce,0
9170.24,2,1,2874,4,0,0,0.9397,0.1207,NetBanking,0
466.38,14,1,2032,3,0,1,0.6443,0.1731,Card,0
1906.23,3,0,93,2,0,0,0.8132,0.2708,Card,0
1971.87,18,0,2962,2,0,0,0.7096,0.3953,Card,0
1647.49,9,2,194,1,1,1,0.4866,0.2326,Card,0
1667.25,8,1,1681,3,0,0,0.7117,0.1995,Wallet,0
1508.59,0,0,405,1,0,0,0.4669,0.0944,NetBanking,0
6450.73,5,0,965,1,0,0,0.6927,0.4141,UPI,0
3489.77,0,1,1381,3,0,0,0.7741,0.0772,UPI,0
360.26,17,0,934,1,0,0,0.4876,0.2706,NetBanking,0
2528.82,11,1,3065,3,0,0,0.7391,0.0971,Card,0
2798.93,18,1,1985,1,0,0,0.66,0.1931,NetBanking,0
1526.47,13,0,1269,4,0,0,0.3759,0.492,UPI,0
3597.5,22,1,1024,2,0,0,0.6043,0.5692,Card,0
1336.06,18,0,1745,5,0,0,0.5153,0.4728,Ecommerce,0
1353.56,3,0,1189,1,0,0,0.8589,0.3703,UPI,0
1245.51,2,1,2823,2,0,1,0.7702,0.2374,Card,0
131.74,21,2,827,4,0,0,0.7003,0.0357,UPI,0
1007.86,6,0,2416,2,0,0,0.9397,0.0845,UPI,0
543.67,18,0,1565,3,0,0,0.659,0.2977,Ecommerce,0
315.52,15,0,928,4,0,0,0.7112,0.4326,Card,0
4942.96,16,0,1635,4,0,0,0.926,0.0093,Wallet,0
1862.02,6,0,424,3,0,0,0.6234,0.2214,UPI,0
1062.82,7,0,1844,1,0,0,0.8613,0.2591,Card,0
606.05,13,1,2512,1,0,0,0.6854,0.3913,NetBanking,0
1496.64,0,0,2077,0,0,0,0.8706,0.39,UPI,0
3105.74,7,0,60,2,0,0,0.9688,0.3813,UPI,0
460.21,12,0,2060,1,0,0,0.7911,0.4138,UPI,0
1091.09,4,0,96,0,0,1,0.9015,0.1134,UPI,0
2728.4,6,1,1289,3,0,0,0.7369,0.0825,Ecommerce,0
143.62,23,0,2224,2,0,1,0.6066,0.3246,Ecommerce,0
1032.31,6,1,3153,0,0,0,0.6013,0.3304,Ecommerce,0
698.72,21,1,3418,0,0,0,0.6359,0.2597,UPI,0
952.87,22,2,1794,2,1,0,0.7671,0.2447,UPI,0
647.61,16,0,751,5,0,0,0.5452,0.3797,Card,0
1267.13,3,0,2913,1,0,0,0.8424,0.2243,UPI,0
8265.19,4,1,1249,3,0,1,0.5705,0.1983,UPI,0
780.46,22,0,1953,3,0,0,0.5279,0.3483,Card,0
1489.65,0,0,699,1,0,0,0.9661,0.2678,NetBanking,0
8906.03,12,0,1301,2,0,0,0.496,0.476,UPI,0
615.53,14,0,1682,3,1,0,0.5747,0.1647,Card,0
7371.74,20,0,2587,2,0,0,0.7508,0.0986,NetBanking,0
1102.78,21,0,3149,1,0,1,0.7042,0.1455,Wallet,0
7122.34,6,0,625,1,0,0,0.9789,0.2862,Wallet,0
2410.79,12,0,1960,0,0,0,0.9157,0.0643,UPI,0
1513.93,15,0,3394,0,0,0,0.8896,0.4375,Card,0
1023.61,23,1,64,2,0,0,0.882,0.2435,UPI,0
569.5,13,0,2006,1,0,0,0.7207,0.4637,UPI,0
1187.47,2,1,2688,3,0,0,0.7009,0.0629,UPI,0
2813.63,22,0,370,4,0,0,0.3532,0.2306,Ecommerce,0
1081.64,12,0,2340,1,0,0,0.8573,0.38,UPI,0
786.46,4,0,1478,2,1,0,0.8773,0.5265,Wallet,0
842.76,4,0,2106,0,0,0,0.193,0.1801,Card,0
3109.14,4,0,2495,0,0,0,0.7971,0.3083,Ecommerce,0
3969.6,17,1,511,0,1,0,0.8323,0.2596,Ecommerce,0
544.3,22,0,244,2,1,0,0.892,0.3243,UPI,0
543.47,10,0,1112,2,0,0,0.8624,0.1601,Card,0
1633.25,2,0,920,1,0,0,0.7789,0.3799,Ecommerce,0
5452.93,21,0,1015,2,0,0,0.4083,0.1378,UPI,0
3652.95,15,1,3235,1,0,0,0.8857,0.0363,Card,0
294.58,13,0,2408,1,0,0,0.6652,0.1097,UPI,0
831.08,1,0,1251,2,0,0,0.8419,0.1453,UPI,0
412.76,23,0,2121,2,0,0,0.7021,0.0925,Ecommerce,0
828.08,1,0,562,1,0,0,0.6054,0.5079,UPI,0
5911.36,14,0,646,0,0,0,0.7909,0.0941,UPI,0
246.23,14,0,350,0,0,0,0.6883,0.3191,Card,0
200.38,12,0,1496,4,0,0,0.727,0.3547,NetBanking,0
459.44,13,0,2169,1,0,0,0.7077,0.1541,UPI,0
1482.78,9,0,1783,1,0,0,0.7652,0.2159,Card,0
2104.41,13,0,1956,1,1,0,0.493,0.0754,UPI,0
1735.97,8,0,576,4,0,1,0.7546,0.4908,UPI,0
3768.64,11,0,2269,0,1,0,0.5971,0.1116,NetBanking,0
172.22,16,0,1937,1,0,0,0.7634,0.3692,NetBanking,0
3819.04,17,0,3353,0,0,0,0.7127,0.4069,Wallet,0
790.21,3,0,869,0,0,0,0.6643,0.3024,UPI,0
2363.9,23,0,216,4,0,1,0.5102,0.259,Wallet,0
273.25,2,1,1596,0,0,0,0.668,0.2186,Card,0
1102.36,6,0,697,2,0,0,0.8758,0.2395,Wallet,0
1405.41,8,0,617,4,0,0,0.4541,0.3494,Card,0
3690.58,7,0,823,1,1,0,0.575,0.7343,Ecommerce,0
207.57,8,0,2382,1,0,0,0.8572,0.2459,UPI,0
1132.62,7,0,1498,1,0,0,0.8838,0.4476,NetBanking,0
350.9,10,0,3060,2,0,0,0.9208,0.3649,Ecommerce,0
1864.54,18,1,429,4,0,0,0.6664,0.2447,Card,0
2480.16,19,0,3262,3,0,0,0.8134,0.0206,Card,0
4236.65,8,0,1438,4,0,0,0.7695,0.1574,UPI,0
625.29,6,1,1871,0,0,1,0.5024,0.1231,Ecommerce,0
2903.26,16,2,2857,1,0,1,0.8463,0.2431,UPI,0
4577.68,1,0,1724,3,0,0,0.5167,0.0696,UPI,0
195.31,10,0,578,1,1,0,0.8865,0.2589,UPI,0
2085.91,5,1,847,4,0,0,0.6938,0.4862,Ecommerce,0
3000.21,14,0,3208,2,0,1,0.4864,0.1654,UPI,0
835.76,1,0,250,4,0,1,0.5804,0.2101,UPI,0
307.57,19,1,3190,2,0,0,0.659,0.0213,UPI,0
2951.6,6,0,2365,3,0,0,0.7337,0.1383,UPI,0
311.22,12,0,1798,3,0,0,0.7019,0.0348,UPI,0
909.35,13,0,1110,4,0,0,0.8172,0.3827,Ecommerce,0
1051.39,11,1,3011,3,0,0,0.6801,0.3597,UPI,0
2324.63,10,0,120,2,0,0,0.5047,0.0921,UPI,0
567.95,6,1,2492,3,0,0,0.8656,0.2136,Card,0
534.42,18,0,739,0,0,0,0.4326,0.3087,UPI,0
1216.66,12,1,1253,0,0,0,0.7908,0.4298,Card,0
3154.89,5,1,230,3,0,0,0.6308,0.2787,UPI,0
12110.43,6,0,1969,5,0,1,0.8293,0.1915,Card,0
225.24,10,0,522,5,0,0,0.4046,0.4024,UPI,0
1527.07,20,0,414,1,0,0,0.8425,0.5975,Ecommerce,0
350.42,23,0,1155,3,0,0,0.6208,0.2485,NetBanking,0
3196.31,9,1,1738,2,0,1,0.72,0.3648,Card,0
409.33,9,0,3307,2,0,0,0.6466,0.2642,UPI,0
540.03,3,0,2906,1,0,1,0.7707,0.5328,UPI,0
590.67,13,0,1405,3,0,0,0.8923,0.3431,Wallet,0
1012.31,5,0,2051,3,0,0,0.7398,0.0872,UPI,0
1539.72,19,0,2696,4,0,1,0.835,0.1473,Card,0
1822.36,12,0,1341,4,0,0,0.7942,0.1605,Card,0
1090.01,5,0,2689,1,0,1,0.935,0.3027,Ecommerce,0
271.41,21,0,2324,2,0,1,0.817,0.304,UPI,0
2354.72,19,0,2462,2,0,0,0.8297,0.0289,Card,0
1037.32,7,0,3419,2,0,0,0.4875,0.2309,Ecommerce,0
3713.84,2,1,1322,3,0,0,0.8857,0.0978,UPI,0
521.59,6,1,242,0,0,0,0.3825,0.4935,Card,0
203.9,9,1,1880,4,0,0,0.4898,0.1935,Card,0
1058.15,9,0,1160,1,0,1,0.7365,0.0577,UPI,0
4275.9,19,0,212,2,0,0,0.5928,0.1563,NetBanking,0
1298.53,23,0,551,2,0,0,0.9487,0.1545,UPI,0
889.22,17,1,1871,0,1,0,0.3406,0.5018,Card,0
439.72,20,0,3349,2,0,0,0.7982,0.3048,Card,0
6944.15,3,0,1189,1,0,0,0.8338,0.2999,NetBanking,0
372.01,3,0,1913,1,0,0,0.9124,0.1192,Ecommerce,0
512.01,21,1,626,3,0,0,0.7919,0.2873,UPI,0
1995.27,14,0,459,4,0,1,0.8403,0.3368,NetBanking,0
156.21,5,0,2739,3,0,0,0.7584,0.2217,Card,0
4181.06,19,0,2145,3,0,0,0.8368,0.2565,Card,0
2112.03,4,1,669,1,0,0,0.7706,0.339,UPI,0
2819.16,18,0,1754,1,0,0,0.5352,0.1377,Card,0
1970.46,21,0,2033,2,0,0,0.6403,0.2417,UPI,0
925.95,11,0,214,2,1,0,0.5824,0.6733,Card,0
359.13,15,0,1055,4,0,0,0.9167,0.1989,Card,0
946.64,17,0,3026,1,1,0,0.4334,0.462,Card,0
393.86,21,1,1274,2,1,0,0.4839,0.1026,NetBanking,0
1827.06,14,0,2484,1,0,0,0.0993,0.3257,UPI,0
2558.35,7,0,2121,0,1,0,0.3825,0.1675,UPI,0
5170.11,4,0,25,1,0,0,0.7408,0.4252,UPI,0
1620.28,8,0,3317,5,0,0,0.8958,0.1974,Card,0
2895.18,1,0,3359,3,0,0,0.8079,0.5167,UPI,0
802.71,16,0,2341,2,0,0,0.5802,0.5287,Card,0
663.69,8,0,563,8,0,0,0.6642,0.3753,Ecommerce,0
1803.27,17,0,2956,3,0,0,0.6032,0.0918,UPI,0
730.85,1,1,7,2,0,0,0.6285,0.5159,Card,0
1454.83,7,0,1788,3,0,0,0.8568,0.1952,UPI,0
359.87,9,1,1499,3,1,1,0.6926,0.38,UPI,0
434.54,2,0,2443,5,0,0,0.6012,0.3981,NetBanking,0
2137.05,19,1,498,0,0,0,0.7224,0.1865,Card,0
2782.28,14,1,3064,4,0,0,0.4902,0.1342,NetBanking,0
389.58,20,1,1998,2,1,0,0.4609,0.2412,UPI,0
2217.52,19,0,916,1,0,0,0.5556,0.1566,UPI,0
626.8,0,1,1094,0,0,0,0.8523,0.1951,Wallet,0
1115.8,20,0,2404,3,0,0,0.8403,0.0495,Card,0
4855.13,1,0,653,2,0,1,0.7764,0.2448,UPI,0
2560.25,20,0,1043,4,0,1,0.5823,0.2043,Card,0
2529.22,16,0,3448,3,0,1,0.5657,0.1386,NetBanking,0
8137.43,19,0,3080,1,0,0,0.8044,0.1196,Card,0
523.7,11,0,1169,2,0,0,0.4525,0.07,Card,0
389.49,3,1,1947,1,0,0,0.7005,0.1288,Ecommerce,0
513.77,3,1,1455,0,0,0,0.9427,0.3076,Wallet,0
839.47,2,0,708,5,0,0,0.8009,0.1897,Ecommerce,0
92.55,19,0,1034,1,0,0,0.8727,0.2072,Card,0
882.01,12,0,384,1,0,0,0.8876,0.2322,UPI,0
619.06,5,0,2930,0,0,0,0.7235,0.2015,Card,0
2497.26,2,1,867,2,0,0,0.6482,0.1436,Ecommerce,0
1587.7,1,0,694,1,0,0,0.7168,0.1392,NetBanking,0
583.63,6,0,2235,1,0,0,0.8346,0.3069,Ecommerce,0
2037.46,17,0,452,0,1,0,0.63,0.2235,Ecommerce,0
2343.56,21,0,3347,1,0,0,0.9106,0.0883,Ecommerce,0
489.33,14,0,3085,3,0,0,0.8986,0.1352,UPI,0
653.49,23,1,1448,5,1,0,0.7783,0.3142,UPI,1
105.99,9,0,647,2,0,0,0.7272,0.3544,NetBanking,0
348.91,7,1,496,0,0,0,0.7497,0.4985,UPI,0
502.91,16,1,3003,1,0,0,0.7801,0.2233,Card,0
1185.45,3,0,1547,1,0,0,0.9865,0.3363,Ecommerce,0
406.4,21,0,2026,4,0,0,0.8763,0.4745,NetBanking,0
639.62,18,2,440,2,0,0,0.644,0.2917,UPI,0
302.9,0,0,2883,0,0,0,0.7951,0.228,Card,0
1312.47,4,0,1815,2,0,0,0.9673,0.1141,Ecommerce,0
1714.71,15,0,252,4,0,0,0.4711,0.4113,Card,0
1673.18,17,0,272,0,0,1,0.8155,0.6925,Card,0
1110.96,5,0,3372,1,0,0,0.9108,0.2012,UPI,0
217.43,17,0,205,4,0,0,0.9553,0.4018,Card,0
571.95,11,0,1054,1,0,0,0.6165,0.0456,NetBanking,0
715.03,16,0,51,4,0,1,0.9226,0.3996,UPI,0
718.05,10,0,211,2,0,0,0.8574,0.238,Card,0
1186.46,10,0,2845,0,0,0,0.6181,0.2175,NetBanking,0
4899.16,9,0,2678,0,0,0,0.5849,0.209,Wallet,0
2572.67,3,0,1163,4,0,0,0.5477,0.2848,Card,0
388.82,4,0,630,1,0,0,0.9207,0.174,Ecommerce,0
2235.73,4,1,875,2,0,0,0.708,0.2696,NetBanking,0
2148.05,19,0,1233,2,0,0,0.8032,0.6824,Card,0
470.42,10,0,2719,2,0,0,0.9421,0.378,Card,0
2673.94,9,0,2084,2,0,0,0.3697,0.2103,UPI,0
926.68,20,0,1558,0,0,0,0.837,0.1863,Ecommerce,0
249.52,21,1,246,5,0,0,0.4033,0.3325,Wallet,0
1768.63,5,0,410,0,0,0,0.8063,0.3403,UPI,0
1377.2,8,1,712,2,0,1,0.6537,0.1848,UPI,0
863.45,9,0,748,3,0,0,0.9084,0.2679,UPI,0
1054.34,20,0,1715,4,0,0,0.4609,0.4511,UPI,0
515.41,16,0,3020,4,0,1,0.7345,0.1577,Wallet,0
2081.07,13,2,1480,2,0,0,0.7647,0.5042,UPI,0
1047.73,5,0,1156,2,0,0,0.6785,0.2649,UPI,0
1306.06,9,0,1954,2,0,0,0.6077,0.019,Ecommerce,0
1595.59,0,0,272,2,0,0,0.6332,0.3194,NetBanking,0
326.26,16,0,2552,0,0,0,0.8066,0.2611,UPI,0
428.81,22,1,200,3,0,0,0.767,0.1848,UPI,0
107.72,18,0,1240,0,0,0,0.8819,0.446,UPI,0
1984.22,7,2,3335,2,1,0,0.8473,0.1927,UPI,0
307.1,11,0,1419,5,0,0,0.264,0.5,Card,0
1260.42,22,1,2618,1,0,0,0.6485,0.1364,UPI,0
1618.96,10,0,958,0,0,0,0.7839,0.4807,UPI,0
2064.14,20,0,2983,2,0,0,0.5082,0.5021,Card,0
309.76,13,1,1193,0,0,0,0.4618,0.4584,NetBanking,0
1024.11,11,0,801,5,0,0,0.7303,0.1726,Card,0
6334.68,14,0,185,3,0,0,0.7001,0.1873,Card,0
6634.45,5,1,1077,3,0,0,0.5552,0.0628,UPI,0
3092.36,10,0,2033,0,0,0,0.793,0.3998,Ecommerce,0
1563.01,7,0,228,1,0,0,0.5407,0.2336,UPI,0
381.7,18,0,610,2,0,0,0.8258,0.2115,Card,0
2332.17,14,1,1218,2,0,0,0.6433,0.2298,Card,0
928.97,9,1,2508,0,0,1,0.698,0.1106,UPI,0
1975.46,19,0,2092,3,0,0,0.475,0.08,Card,0
564.26,10,0,154,1,0,0,0.332,0.0552,Ecommerce,0
914.54,22,0,134,1,0,0,0.196,0.4417,Card,0
1302.91,14,1,216,2,0,0,0.887,0.2173,NetBanking,0
1420.26,21,0,1162,4,0,0,0.8923,0.1446,NetBanking,0
1841.63,23,0,1001,1,0,0,0.8983,0.2623,NetBanking,0
596.96,7,1,415,4,0,0,0.52,0.1535,Ecommerce,0
267.62,6,1,1538,3,0,0,0.754,0.2581,UPI,0
6039.18,20,0,2072,4,0,0,0.5245,0.1488,NetBanking,0
14968.7,5,0,2429,1,0,0,0.9135,0.0949,UPI,0
1754.24,18,0,3483,4,0,0,0.7478,0.06,NetBanking,0
273.09,4,1,2424,3,0,0,0.8135,0.2861,Card,0
486.94,20,0,3450,2,0,0,0.6466,0.1629,Card,0
1871.65,16,0,3407,0,0,0,0.921,0.1791,NetBanking,0
4483.55,12,0,2965,7,0,0,0.8716,0.2108,Card,0
306.88,10,1,1235,1,0,0,0.927,0.1987,NetBanking,1
962.42,15,1,158,4,0,1,0.8394,0.367,UPI,0
1347.13,9,0,214,1,0,0,0.766,0.1337,UPI,0
2718.42,9,0,3048,2,0,0,0.4223,0.1696,UPI,0
764.5,4,0,3015,6,0,0,0.6349,0.2949,Card,0
212.3,3,0,1087,3,0,0,0.4984,0.0684,UPI,0
2105.39,21,0,2559,0,0,0,0.3844,0.408,UPI,0
3572.55,17,0,1594,3,0,0,0.7936,0.3037,Ecommerce,0
1005.54,10,0,244,1,0,0,0.5143,0.31,Ecommerce,0
1678.24,19,1,2292,1,0,0,0.8924,0.6161,Ecommerce,0
666.33,14,0,298,3,0,0,0.7187,0.2988,UPI,0
451.21,14,3,463,1,0,0,0.73,0.2124,UPI,0
3221.97,2,0,1671,0,0,0,0.6301,0.181,Ecommerce,0
1647.26,12,0,251,1,0,0,0.6297,0.1435,Wallet,0
1835.16,2,1,1200,3,0,0,0.8532,0.4066,UPI,0
5309.33,16,0,2637,4,0,0,0.6672,0.2242,Card,0
362.28,1,2,2090,3,1,1,0.6875,0.4051,UPI,1
614.23,12,2,200,2,0,1,0.8781,0.2446,Wallet,0
1294.44,8,1,772,1,0,0,0.7239,0.8156,Wallet,0
606.36,3,0,3477,2,1,0,0.645,0.0702,Card,0
2495.62,11,1,3357,1,0,0,0.726,0.1195,Wallet,0
900.75,4,0,3217,2,0,1,0.5532,0.5694,UPI,0
386.77,5,1,1795,3,0,0,0.8648,0.1301,Ecommerce,0
1175.04,21,0,1510,5,0,0,0.6625,0.2066,UPI,0
1311.41,8,0,2629,0,1,0,0.7243,0.1613,Wallet,0
2926.07,9,0,3349,5,0,0,0.7811,0.1766,UPI,0
1657.06,0,0,446,2,0,0,0.501,0.1234,UPI,0
1779.71,7,0,3134,1,1,1,0.5533,0.455,UPI,1
1535.03,8,1,2161,5,0,1,0.8265,0.171,NetBanking,0
899.97,17,0,499,3,0,0,0.8575,0.0352,UPI,0
516.96,2,0,3029,5,0,0,0.5065,0.0684,Ecommerce,0
1485.16,22,0,119,2,0,0,0.9696,0.0441,Card,0
772.95,3,0,87,3,0,0,0.9314,0.1347,Wallet,0
6466.01,15,0,1291,4,1,0,0.3514,0.2303,NetBanking,0
4488.58,0,0,1893,2,0,0,0.5106,0.2549,Ecommerce,0
2131.29,19,0,1500,0,0,0,0.6882,0.0948,Ecommerce,0
1631.72,16,0,868,0,0,0,0.717,0.2215,NetBanking,0
999.89,20,0,2303,3,0,1,0.896,0.3164,Ecommerce,0
291.73,22,0,1678,3,0,0,0.5882,0.238,Card,0
873.95,20,0,425,3,0,0,0.7355,0.4032,UPI,0
1219.83,14,0,2857,5,0,0,0.8962,0.1814,UPI,0
1395.39,20,0,1086,2,0,0,0.5685,0.3656,Card,0
1795.45,2,1,2417,1,0,0,0.4152,0.166,Wallet,0
2885.34,15,0,1233,0,0,0,0.4522,0.278,Card,0
530.19,23,0,2642,4,0,0,0.769,0.1294,Ecommerce,0
535.27,9,0,992,1,0,0,0.8467,0.236,Card,0
5031.13,23,0,746,4,0,0,0.6851,0.1129,NetBanking,0
2463.97,12,0,266,4,0,0,0.8483,0.2311,UPI,0
727.56,11,0,2914,3,0,0,0.3911,0.4611,UPI,0
979.88,7,0,2526,2,0,1,0.7953,0.3694,NetBanking,0
984.52,2,0,2151,0,0,0,0.7266,0.3974,UPI,0
1133.6,21,1,2129,1,0,0,0.7771,0.1032,Card,0
1801.4,17,0,249,2,0,1,0.9555,0.1099,Ecommerce,0
15705.13,9,1,1446,2,0,1,0.7359,0.0767,UPI,0
1338.42,23,0,3020,2,0,0,0.8931,0.3986,NetBanking,0
2198.93,4,0,1017,2,0,0,0.5763,0.0842,Ecommerce,0
186.64,18,1,201,3,1,0,0.4032,0.0617,Wallet,0
659.09,10,1,2938,2,0,0,0.7702,0.2432,Ecommerce,0
3984.85,14,0,107,5,0,0,0.7261,0.4179,Ecommerce,0
1673.1,0,0,2413,2,0,0,0.7467,0.1236,Card,0
20.0,14,0,2919,0,0,0,0.7635,0.1984,Card,0
2225.47,16,1,2610,2,0,0,0.872,0.5269,Card,0
8217.92,23,0,52,1,0,0,0.7188,0.1721,Wallet,0
134.87,8,0,3137,1,0,0,0.6999,0.2633,UPI,0
5406.5,1,1,315,1,0,0,0.8821,0.2567,NetBanking,0
59.71,1,0,2981,2,0,0,0.7487,0.0226,UPI,0
2936.28,3,0,66,2,0,0,0.7602,0.1842,NetBanking,0
1086.72,7,0,1721,2,0,0,0.5289,0.0664,Ecommerce,0
92.99,19,0,3081,0,0,0,0.6864,0.2026,UPI,0
1751.88,4,0,926,2,0,0,0.8605,0.2394,UPI,0
3671.6,3,0,163,2,0,0,0.371,0.3124,UPI,0
1606.93,0,0,316,3,0,0,0.7455,0.4286,Card,0
2026.51,9,0,1308,1,0,0,0.9389,0.237,Card,0
711.76,14,0,1266,3,1,0,0.4389,0.2512,UPI,0
155.33,6,0,764,3,0,1,0.7802,0.3746,Card,0
2267.55,11,0,1604,3,0,0,0.9655,0.4875,Wallet,0
6885.97,5,0,1200,1,1,0,0.7605,0.5609,Wallet,0
3590.55,19,0,2069,2,0,0,0.8138,0.0974,UPI,0
136.01,0,0,1022,0,0,0,0.7085,0.1628,NetBanking,1
223.49,4,0,1105,1,0,0,0.8815,0.227,NetBanking,0
451.12,13,0,3108,3,0,0,0.8722,0.1914,Card,0
205.9,20,1,2748,4,0,0,0.5823,0.1658,UPI,0
1148.72,9,1,2692,2,0,0,0.9021,0.0721,Card,0
1657.53,1,1,1332,0,0,0,0.4398,0.2357,UPI,0
244.26,13,0,3098,5,0,0,0.8247,0.1967,Ecommerce,0
2479.93,6,1,1198,4,0,0,0.4173,0.3048,Card,0
2061.44,7,0,2522,1,0,0,0.6703,0.4225,NetBanking,0
616.73,22,1,2631,2,0,0,0.8475,0.2136,UPI,0
914.93,22,0,1160,0,0,0,0.8007,0.4785,NetBanking,0
141.56,6,0,2157,4,0,0,0.741,0.2802,UPI,0
773.65,14,0,656,1,0,0,0.7465,0.2558,Ecommerce,0
1105.17,12,0,1348,1,0,0,0.5556,0.2988,UPI,0
1309.22,23,0,1857,5,0,0,0.8683,0.2863,Ecommerce,0
1632.42,22,0,2332,3,0,0,0.8121,0.0768,Wallet,0
1417.22,8,0,1252,3,0,0,0.82,0.4255,UPI,0
830.84,0,0,2493,2,1,0,0.4895,0.5058,NetBanking,0
1481.05,0,0,2254,1,1,1,0.6098,0.3026,Ecommerce,1
3140.49,0,0,3024,1,0,0,0.4063,0.145,Ecommerce,0
992.0,18,0,142,1,1,0,0.4238,0.1033,UPI,0
1530.69,17,0,1800,3,0,0,0.4465,0.3087,Ecommerce,0
901.92,19,0,2497,1,0,0,0.5984,0.2136,UPI,0
556.07,3,1,1481,0,0,0,0.7829,0.2798,Ecommerce,0
1898.89,1,0,1053,0,0,0,0.8615,0.0637,Card,0
612.17,4,0,2038,2,0,0,0.759,0.2142,Card,0
1644.93,15,0,1621,0,1,0,0.8843,0.1486,UPI,0
1129.66,0,0,1507,3,0,0,0.777,0.108,Card,0
797.01,15,1,3425,1,0,0,0.5078,0.1099,Card,0
777.01,21,1,1483,2,0,0,0.917,0.2943,UPI,0
643.21,3,2,760,5,0,0,0.7718,0.2059,Card,0
194.79,17,0,65,1,0,1,0.91,0.3239,UPI,0
1639.32,13,0,417,2,0,0,0.7848,0.5373,UPI,0
1398.46,22,0,1882,2,0,0,0.7435,0.4216,UPI,0
2676.2,5,0,739,0,1,0,0.9308,0.2655,UPI,0
627.64,5,0,389,3,0,1,0.9168,0.4478,NetBanking,0
8023.68,0,1,1234,2,0,1,0.5158,0.2696,UPI,0
736.03,16,1,846,0,0,0,0.7399,0.1071,Card,0
437.53,20,0,1880,4,0,0,0.6275,0.038,UPI,0
386.31,0,1,203,1,0,0,0.5769,0.246,Wallet,0
177.57,11,1,3430,3,0,1,0.8899,0.0423,UPI,0
5482.19,17,0,3190,1,0,0,0.8249,0.2361,UPI,0
4626.8,18,0,3045,2,0,0,0.8174,0.2673,UPI,0
2060.66,22,0,606,2,0,0,0.8382,0.0588,Ecommerce,0
427.99,17,0,2504,1,0,1,0.7929,0.111,UPI,0
7345.41,22,2,54,3,0,0,0.6398,0.3904,Card,0
758.01,23,0,2523,2,0,0,0.7812,0.1727,Ecommerce,0
826.77,22,1,2793,2,0,0,0.9589,0.2081,Ecommerce,0
4959.81,10,0,998,2,0,0,0.3517,0.0763,UPI,0
2190.44,9,1,1626,4,0,0,0.835,0.5283,UPI,0
11060.75,10,0,3248,1,0,0,0.867,0.2069,Wallet,0
1423.9,22,0,699,1,0,0,0.8952,0.0827,Ecommerce,0
722.79,6,0,1891,1,0,0,0.7192,0.2223,Wallet,0
576.86,18,0,1068,1,0,0,0.9658,0.4433,UPI,0
157.69,15,0,574,1,0,0,0.7739,0.4035,UPI,0
818.5,1,0,2388,0,0,0,0.6843,0.305,Wallet,0
3647.59,11,1,3326,1,0,0,0.74,0.2877,Card,0
2056.53,4,1,1981,1,0,0,0.8638,0.3423,UPI,0
1120.27,17,0,1776,0,0,0,0.9475,0.3295,Card,0
385.8,10,0,1871,2,0,0,0.6993,0.5535,NetBanking,0
1391.61,8,0,550,0,0,0,0.9056,0.4488,NetBanking,0
3176.24,1,1,709,3,0,1,0.2062,0.0518,UPI,0
1723.75,3,0,2575,1,0,0,0.7727,0.0457,UPI,0
1306.45,18,2,2053,2,0,0,0.2588,0.2162,UPI,0
474.94,20,0,823,4,0,1,0.4648,0.0346,NetBanking,0
2725.86,6,0,74,3,0,0,0.7738,0.4427,Card,0
40.92,19,0,662,1,1,0,0.7876,0.2111,UPI,0
1639.24,13,1,1771,4,0,0,0.7865,0.1333,Ecommerce,0
16298.66,8,0,941,1,0,1,0.7003,0.0731,NetBanking,0
225.02,10,0,2560,1,0,1,0.8763,0.0496,NetBanking,0
851.13,16,0,2026,3,0,0,0.6691,0.2203,Card,0
1087.56,21,0,522,1,0,0,0.7205,0.3743,UPI,0
674.71,11,0,1029,3,0,0,0.6351,0.1663,UPI,0
3255.8,8,1,131,1,0,0,0.6245,0.181,UPI,0
1800.96,18,1,149,3,0,0,0.6904,0.4616,UPI,0
1286.8,12,0,2634,2,0,0,0.7424,0.2562,UPI,0
2532.94,9,1,1360,1,0,0,0.7394,0.5355,UPI,0
1116.09,11,0,3086,1,0,0,0.6046,0.0413,UPI,0
30910.7,12,2,825,2,0,0,0.7506,0.5727,NetBanking,0
1285.51,3,0,1130,2,0,0,0.5001,0.5519,Wallet,0
1346.21,1,0,1793,5,0,0,0.7352,0.2301,Card,0
182.0,15,0,988,2,0,0,0.9724,0.2847,UPI,0
619.79,4,0,1612,0,1,0,0.585,0.2802,Wallet,0
3658.27,12,0,434,1,0,1,0.7209,0.5166,Card,0
269.82,18,1,279,6,0,0,0.8498,0.3172,Card,0
113.81,5,0,3013,2,0,0,0.501,0.2596,Ecommerce,0
1134.48,9,1,863,2,0,0,0.6592,0.3178,Card,0
4625.23,23,0,363,2,1,0,0.7994,0.4327,Card,0
1146.54,0,0,990,2,0,0,0.7076,0.4477,Card,0
770.52,18,0,1472,7,0,0,0.8471,0.4586,UPI,0
155.8,4,0,1700,0,0,0,0.9346,0.1682,Card,0
1763.17,21,0,2682,2,0,0,0.918,0.0739,Wallet,0
2195.88,9,0,2879,4,0,0,0.6894,0.077,UPI,0
168.88,0,2,1026,1,0,0,0.6195,0.2567,UPI,0
3609.26,17,0,770,0,0,0,0.7497,0.5012,Wallet,0
2450.34,3,0,439,3,0,0,0.8372,0.1674,UPI,0
3600.87,8,3,559,1,1,0,0.7953,0.0986,Card,0
2023.74,12,0,106,3,0,0,0.4821,0.0701,Ecommerce,0
2178.45,17,0,10,0,0,0,0.7375,0.3106,Ecommerce,0
1894.59,10,0,1468,1,0,0,0.6775,0.0697,Card,0
2729.56,20,0,2125,2,1,0,0.7883,0.1979,NetBanking,0
162.44,11,0,2868,4,0,0,0.6967,0.1946,Wallet,0
226.76,8,0,1144,0,0,0,0.9492,0.129,Wallet,0
506.33,8,0,1016,0,0,0,0.5014,0.2476,Wallet,0
956.89,19,1,2347,3,0,0,0.8841,0.4466,UPI,0
1648.37,15,1,2231,2,0,0,0.8464,0.2722,Ecommerce,0
1542.12,3,1,2417,2,0,0,0.9004,0.0967,Card,0
3543.82,18,0,600,0,0,0,0.8056,0.4864,UPI,0
3662.57,9,0,163,2,0,0,0.6143,0.2128,UPI,0
438.78,8,0,1910,0,0,0,0.9114,0.3473,UPI,0
1408.82,2,2,1468,6,0,0,0.3616,0.2899,Card,1
450.24,23,0,909,2,0,0,0.3854,0.307,UPI,0
899.95,1,0,3388,1,0,0,0.5738,0.5062,UPI,0
1537.45,23,0,562,3,1,0,0.6602,0.1577,Wallet,1
30.6,1,0,968,2,0,0,0.7542,0.0653,Card,0
13791.48,12,1,2626,3,0,0,0.8594,0.1023,Ecommerce,0
1987.69,2,0,1856,1,0,0,0.5289,0.5894,Wallet,0
586.7,11,0,815,2,0,0,0.7941,0.1259,UPI,0
8297.74,20,0,1885,0,0,0,0.6805,0.1255,Ecommerce,0
761.43,14,0,1471,1,0,0,0.6071,0.1716,UPI,0
1260.35,13,0,917,2,1,0,0.6864,0.1859,Card,0
657.55,2,0,2351,3,0,0,0.7243,0.0639,NetBanking,0
6214.19,22,0,2728,3,1,0,0.8137,0.1767,Card,0
982.17,9,0,246,3,0,0,0.8457,0.1076,Wallet,0
1283.0,12,0,19,3,0,1,0.5493,0.1527,Ecommerce,0
3881.48,21,0,3161,5,0,1,0.7935,0.3228,Card,0
2027.17,15,0,799,3,0,0,0.754,0.2521,UPI,0
1035.81,17,2,308,3,0,0,0.7458,0.2694,Ecommerce,0
3518.92,4,0,2076,5,0,0,0.9135,0.188,Card,0
15762.79,11,0,1133,4,0,0,0.8281,0.1968,UPI,0
1530.39,12,1,3211,2,1,0,0.5291,0.0638,NetBanking,0
1239.67,4,0,3361,6,0,0,0.8643,0.398,Ecommerce,0
1311.8,9,1,40,4,0,0,0.8639,0.1981,NetBanking,0
4341.39,19,0,675,0,0,1,0.6579,0.2946,Card,0
584.55,22,0,2105,3,0,0,0.5372,0.3802,Card,0
818.74,19,0,1180,1,0,0,0.5886,0.1173,UPI,0
218.26,22,0,18,4,0,0,0.4647,0.37,Card,0
316.38,23,0,1622,1,0,0,0.8066,0.042,UPI,0
636.71,4,1,2182,2,0,0,0.8048,0.3168,UPI,0
1034.08,20,0,3464,4,0,1,0.9103,0.2607,NetBanking,0
7027.16,14,0,1444,2,1,1,0.7909,0.0874,UPI,0
1925.21,20,0,2764,1,1,0,0.5083,0.2697,UPI,0
420.87,15,0,1524,3,0,0,0.7126,0.0182,Card,0
510.62,2,1,2352,1,0,1,0.851,0.2206,Card,0
4644.72,13,0,3386,0,0,1,0.6864,0.2777,UPI,0
3579.37,18,0,2844,2,0,0,0.7216,0.3133,UPI,0
1129.53,2,1,2390,5,0,0,0.9137,0.3319,Ecommerce,0
689.07,12,0,2897,6,0,0,0.8956,0.6055,UPI,0
3573.07,15,0,693,4,0,0,0.7228,0.0772,UPI,0
386.45,11,1,2787,1,0,0,0.5047,0.2867,NetBanking,0
1655.13,19,0,3490,1,0,0,0.8555,0.0465,UPI,0
11923.8,3,1,3406,1,0,0,0.8956,0.2451,Card,0
1360.52,8,0,903,2,0,1,0.7284,0.2995,UPI,0
485.71,22,0,1500,1,0,0,0.6356,0.1043,UPI,0
1687.3,12,1,2402,4,0,0,0.7374,0.0851,Wallet,0
669.47,4,1,264,2,1,0,0.3518,0.3501,UPI,0
253.71,2,1,2383,3,0,0,0.8289,0.1453,Wallet,0
2289.5,14,0,969,3,0,0,0.6796,0.1151,NetBanking,0
3546.53,22,0,2975,1,0,0,0.6429,0.4626,Card,0
791.2,1,0,2151,2,0,0,0.833,0.2693,NetBanking,0
737.97,2,0,1400,2,1,0,0.9407,0.1441,NetBanking,0
399.56,9,0,181,4,0,0,0.5702,0.215,UPI,0
936.89,5,0,2438,4,0,0,0.9259,0.07,Card,0
607.6,2,0,1880,7,0,0,0.4244,0.1826,Ecommerce,0
379.33,7,0,2193,2,0,0,0.667,0.3718,UPI,0
7996.64,15,0,69,2,0,0,0.4918,0.2033,UPI,0
1789.73,19,0,1531,2,1,0,0.772,0.033,UPI,0
2000.22,7,0,2648,1,1,0,0.5457,0.2015,Ecommerce,0
2772.68,16,0,3206,0,0,0,0.451,0.3867,UPI,0
2464.12,19,1,1233,1,0,0,0.782,0.3235,UPI,0
710.69,0,0,886,4,0,0,0.6526,0.2909,UPI,0
1459.98,20,1,2473,2,0,0,0.9379,0.0531,Card,0
826.76,4,0,790,2,0,0,0.7985,0.136,NetBanking,0
1737.82,16,1,3109,2,0,0,0.5788,0.4075,UPI,0
1569.91,18,0,2208,3,1,0,0.5996,0.0686,Wallet,0
733.78,20,2,3239,1,0,0,0.7665,0.1909,Card,0
271.57,9,0,671,3,1,0,0.8741,0.5838,UPI,1
1278.64,15,0,300,3,1,0,0.9684,0.069,Card,0
884.94,0,1,2906,6,0,0,0.7933,0.4465,NetBanking,0
150.67,10,0,1016,5,0,0,0.4779,0.1422,NetBanking,0
1868.79,23,0,1193,3,0,0,0.4763,0.1207,Ecommerce,0
3021.8,3,1,943,3,0,0,0.6474,0.2195,Card,0
15596.07,3,1,1477,4,0,0,0.6632,0.6162,Wallet,0
727.23,16,0,3146,2,0,0,0.5366,0.2484,UPI,0
622.88,12,0,2390,2,0,1,0.8846,0.2694,Wallet,0
342.1,10,0,258,4,1,1,0.7477,0.2603,Card,0
1365.22,5,0,3098,2,0,0,0.8025,0.1241,Card,0
1356.19,4,0,1548,4,0,0,0.7935,0.3984,Wallet,0
467.85,17,0,2417,1,0,0,0.7608,0.304,UPI,0
912.62,8,0,1283,4,0,0,0.7449,0.3448,Wallet,0
137.33,18,1,336,4,0,0,0.5519,0.5687,Wallet,1
2900.67,10,0,1473,2,0,1,0.7679,0.1435,UPI,0
488.23,9,0,1187,5,0,0,0.6289,0.1542,Ecommerce,0
1057.44,5,0,69,0,0,0,0.5929,0.4175,UPI,0
245.17,15,0,2626,2,0,1,0.6697,0.1903,UPI,0
594.98,6,1,3016,2,0,0,0.9384,0.6675,Card,0
817.65,21,0,3177,2,0,0,0.7298,0.187,Wallet,0
1083.71,9,2,860,2,0,0,0.8194,0.0412,Card,0
1814.78,19,0,2220,1,0,0,0.5822,0.2423,Wallet,0
4969.27,11,0,1865,1,0,0,0.8745,0.3401,UPI,0
2366.92,9,0,2089,2,0,0,0.5222,0.6095,Ecommerce,0
3011.74,10,0,2794,4,0,1,0.4083,0.5809,UPI,0
5006.08,10,0,1331,3,0,0,0.7341,0.1915,Wallet,0
1994.59,11,1,967,2,0,0,0.6006,0.1021,NetBanking,0
1055.17,21,2,1676,4,0,0,0.8689,0.3108,UPI,0
3163.92,16,0,2332,3,0,0,0.833,0.1299,Card,0
3383.48,0,1,1516,3,0,0,0.661,0.29,UPI,0
2166.77,1,1,1066,0,0,0,0.5336,0.1164,Ecommerce,0
238.09,0,0,199,3,1,1,0.8858,0.2373,NetBanking,0
453.26,16,0,2008,1,0,0,0.6445,0.3376,UPI,0
821.72,4,0,83,2,0,0,0.6495,0.155,NetBanking,0
2486.43,9,1,1651,3,0,0,0.5794,0.1983,UPI,0
1072.33,19,0,2163,1,0,0,0.7918,0.421,Card,0
3618.13,3,0,1617,5,0,0,0.5175,0.2504,UPI,0
4363.36,3,1,1787,2,0,1,0.6401,0.0875,Wallet,0
3862.73,1,1,976,0,0,0,0.9113,0.1668,UPI,0
3888.65,6,1,862,2,0,1,0.6797,0.0824,Ecommerce,0
369.13,2,1,2958,1,0,0,0.8818,0.076,Ecommerce,0
1820.32,15,1,3125,1,0,0,0.4555,0.0637,NetBanking,0
579.46,17,1,567,3,0,0,0.5863,0.3928,UPI,0
194.12,4,0,728,0,0,0,0.908,0.2779,Card,0
810.91,12,2,1254,3,0,0,0.8554,0.1373,Ecommerce,0
4407.11,7,0,2453,1,0,0,0.694,0.1029,Wallet,0
1778.95,1,1,223,0,1,1,0.2366,0.3805,NetBanking,0
9124.33,11,1,2760,0,1,0,0.1871,0.2619,Card,0
1320.93,16,0,31,0,1,0,0.6857,0.1769,Ecommerce,0
14331.18,5,0,2941,5,0,0,0.4513,0.2051,UPI,0
1321.33,18,1,149,1,0,0,0.6011,0.315,Card,0
1122.83,23,2,2939,0,0,0,0.6661,0.6385,Card,0
286.19,1,1,3303,1,0,0,0.4983,0.2279,Card,0
3519.56,3,0,2781,3,0,0,0.6819,0.3313,Ecommerce,0
647.27,6,0,3444,1,0,0,0.7592,0.447,Wallet,0
555.91,20,0,1606,4,0,0,0.7523,0.1802,Ecommerce,0
4210.31,3,0,2248,5,0,0,0.777,0.451,Ecommerce,0
3700.17,11,0,2186,2,0,0,0.9096,0.4346,UPI,0
3599.87,12,0,48,3,0,0,0.7925,0.269,Ecommerce,0
749.72,3,0,3002,2,0,0,0.8186,0.3962,Card,0
1039.48,1,1,2469,0,1,0,0.6245,0.379,Ecommerce,0
1029.83,2,1,1475,2,0,0,0.5681,0.0857,Card,0
2494.0,1,1,756,0,0,0,0.7872,0.1261,NetBanking,0
5604.04,12,0,2350,0,0,0,0.8736,0.4191,Card,0
1614.13,22,1,3435,3,0,0,0.8383,0.1431,Card,0
8722.28,8,1,564,2,0,0,0.6629,0.0341,Card,0
2813.13,6,0,3220,1,0,0,0.7988,0.619,UPI,0
857.02,5,0,1979,4,0,1,0.671,0.3105,UPI,0
2617.95,23,0,2762,4,0,0,0.8278,0.0875,Wallet,0
6576.36,23,1,499,1,0,0,0.8945,0.2056,Card,0
8939.22,15,0,372,4,0,0,0.8461,0.4224,Ecommerce,0
3813.25,11,0,2313,3,0,0,0.848,0.4101,NetBanking,0
1126.6,3,0,997,2,0,0,0.8683,0.4704,UPI,0
873.47,22,0,1323,5,0,0,0.7915,0.0791,Card,0
2007.96,0,0,2180,5,0,0,0.8705,0.4283,Ecommerce,0
6359.3,3,0,802,1,1,0,0.8122,0.2074,Wallet,0
1729.28,16,0,1200,2,0,0,0.7958,0.0627,Card,0
1767.39,4,1,1267,1,0,0,0.6852,0.2325,Wallet,0
1157.44,2,0,1239,3,0,0,0.7682,0.1358,Wallet,0
777.21,14,1,2457,2,0,1,0.9058,0.437,Card,0
924.97,0,0,537,1,0,0,0.7915,0.3854,Wallet,0
1264.2,6,0,3178,2,0,0,0.8885,0.4429,UPI,0
6660.87,15,1,2508,5,0,0,0.8388,0.1775,UPI,0
852.61,4,1,46,0,0,0,0.5888,0.4192,NetBanking,0
1158.92,18,0,1981,2,1,0,0.8879,0.1451,Card,0
442.02,2,0,593,5,0,0,0.6242,0.1035,Card,0
2327.3,14,1,540,0,0,0,0.7511,0.11,Card,0
4605.53,1,0,2472,4,0,0,0.4346,0.1571,UPI,0
6037.36,17,1,877,0,0,0,0.8246,0.457,NetBanking,0
1357.68,18,0,1993,1,0,0,0.7498,0.3019,UPI,0
2004.34,19,1,999,3,0,0,0.4333,0.1285,Ecommerce,0
933.34,6,0,1121,2,1,1,0.7468,0.0166,Wallet,0
1909.16,5,1,2350,0,0,0,0.4385,0.2026,Card,0
1524.87,23,0,2283,5,0,0,0.5971,0.5143,Wallet,0
1165.82,17,0,82,0,0,0,0.337,0.364,NetBanking,0
1267.3,4,0,3036,4,1,0,0.7194,0.5844,Ecommerce,0
1762.55,0,0,2057,3,0,0,0.6271,0.0505,Card,0
805.24,8,0,908,0,0,0,0.8121,0.1979,UPI,0
850.12,15,0,400,2,0,0,0.8143,0.3068,NetBanking,0
6586.19,8,0,1703,3,0,0,0.6455,0.2679,NetBanking,0
18884.07,19,0,2437,1,1,0,0.7859,0.0519,Ecommerce,0
309.64,12,0,79,1,0,0,0.4932,0.1319,UPI,0
292.23,23,0,1019,2,0,0,0.385,0.0405,Card,0
401.41,20,1,3311,0,0,1,0.5005,0.3379,NetBanking,0
983.92,11,0,357,1,0,0,0.5567,0.2439,Wallet,0
2808.96,20,1,2807,1,0,1,0.7041,0.1823,UPI,0
2040.23,10,1,839,2,0,0,0.4439,0.0668,UPI,0
1313.74,0,0,1771,0,0,0,0.9698,0.1675,UPI,0
1911.0,7,0,2673,1,0,0,0.882,0.0373,UPI,0
530.23,9,0,3472,0,0,0,0.4546,0.0879,Card,0
848.67,23,1,2114,1,0,0,0.7789,0.6407,Wallet,0
1073.74,19,1,776,0,0,0,0.6845,0.1206,UPI,0
207.8,3,1,292,2,0,0,0.7844,0.223,UPI,0
323.96,0,1,2605,0,0,1,0.4914,0.203,UPI,0
337.77,12,0,2027,4,0,0,0.7315,0.3473,UPI,0
2446.26,12,1,2694,4,0,0,0.8708,0.4555,NetBanking,0
1418.88,17,1,3455,1,0,0,0.7067,0.2966,UPI,0
2083.1,6,0,2909,3,0,0,0.718,0.1924,UPI,0
158.91,19,0,1759,3,0,0,0.4374,0.1364,Ecommerce,0
230.96,9,0,2400,5,0,0,0.9554,0.1867,Wallet,0
2200.36,8,0,2190,4,0,0,0.8085,0.0569,Wallet,0
59.29,10,0,672,3,0,0,0.6134,0.0717,Wallet,0
3967.38,22,1,1086,3,0,0,0.9064,0.1471,Ecommerce,0
161.66,9,0,326,5,0,1,0.8991,0.0756,UPI,0
2658.49,13,0,1293,1,0,0,0.9424,0.2627,NetBanking,0
431.38,21,0,636,3,0,0,0.8517,0.0802,UPI,0
3298.91,0,0,3139,1,0,0,0.8649,0.3529,NetBanking,0
31842.88,12,0,3005,1,0,0,0.7288,0.3926,Card,0
100.8,17,2,2549,2,0,0,0.4096,0.3327,UPI,0
2275.93,21,1,1411,0,1,0,0.6653,0.0927,Ecommerce,0
164.26,1,1,33,2,0,0,0.6871,0.2385,UPI,0
1716.61,17,1,1914,3,0,0,0.8722,0.1142,UPI,0
882.62,19,0,93,2,0,0,0.5674,0.256,NetBanking,0
1256.73,8,0,95,1,0,0,0.5943,0.0792,Card,0
421.04,17,0,547,3,0,0,0.8082,0.1754,Ecommerce,0
2488.83,11,0,1723,3,1,0,0.8565,0.0501,Ecommerce,0
239.66,15,0,2623,1,0,0,0.694,0.5542,Card,0
4038.87,9,0,1436,4,0,0,0.8001,0.2373,Wallet,0
713.57,4,1,2714,4,0,0,0.4201,0.2249,Ecommerce,0
251.43,19,0,1874,1,0,0,0.5677,0.2563,NetBanking,0
5852.85,5,0,3128,1,0,0,0.6884,0.0128,UPI,0
1021.77,4,0,1317,2,0,1,0.7709,0.1303,Ecommerce,0
8127.57,21,1,1056,1,0,0,0.8397,0.3686,NetBanking,0
3953.77,22,0,270,0,0,0,0.8359,0.4856,Card,0
474.35,14,1,772,0,0,0,0.6168,0.2587,UPI,0
1003.01,13,0,160,2,0,0,0.5403,0.5276,Card,0
1245.25,8,0,613,2,1,0,0.2967,0.1869,UPI,0
5445.9,14,0,3324,3,1,0,0.7693,0.568,UPI,0
1736.09,14,1,1908,2,0,0,0.5487,0.1656,Card,0
1319.63,12,0,2116,2,1,0,0.828,0.1716,UPI,0
889.03,15,1,1350,2,0,0,0.5934,0.0954,Card,0
1039.94,13,0,2254,2,0,0,0.6555,0.2551,NetBanking,0
4314.87,21,0,1970,5,0,0,0.7984,0.2158,UPI,0
1100.91,16,0,3204,3,0,0,0.6569,0.5313,UPI,0
724.33,9,0,2785,2,0,0,0.5483,0.1282,Card,0
606.23,15,0,1931,2,0,1,0.8105,0.0788,UPI,0
613.11,5,0,2737,6,1,0,0.8854,0.5311,Wallet,0
251.59,5,0,2157,1,0,0,0.7584,0.213,Wallet,0
498.75,19,1,3481,3,0,1,0.5839,0.2822,UPI,0
5288.77,13,1,1833,2,0,0,0.3256,0.1943,Card,0
882.78,1,0,2979,4,0,0,0.7036,0.2444,Wallet,0
2297.63,8,1,621,1,0,0,0.9798,0.281,NetBanking,0
81.23,23,0,594,1,0,0,0.5406,0.2392,Card,0
1991.67,15,2,1095,2,0,0,0.8279,0.6714,Card,0
925.73,20,1,2883,1,0,0,0.8073,0.4464,UPI,0
661.49,13,1,3095,2,0,0,0.3306,0.0531,UPI,0
1326.11,1,0,1408,3,0,0,0.5168,0.5834,Card,0
651.57,4,0,1557,1,0,0,0.6764,0.2335,UPI,0
117.91,2,0,1715,3,0,1,0.8974,0.6477,Ecommerce,0
2888.12,17,1,720,4,0,1,0.6798,0.3498,UPI,0
1415.4,18,0,1882,2,0,0,0.7089,0.0717,Wallet,0
788.68,10,0,2899,0,0,0,0.8866,0.1474,UPI,0
397.62,17,0,2630,5,1,0,0.753,0.459,NetBanking,0
234.31,13,1,311,2,1,1,0.2971,0.4236,Card,1
1387.26,17,0,1242,1,0,0,0.5224,0.0863,Ecommerce,0
5967.68,16,0,2240,4,0,0,0.7525,0.2688,Card,0
1357.4,10,0,2078,1,0,0,0.7137,0.2999,Wallet,0
256.75,15,0,2452,0,0,0,0.7244,0.3818,Ecommerce,0
1389.05,7,1,2617,1,0,0,0.7092,0.1616,Card,0
1036.9,17,1,1068,3,0,0,0.3952,0.2295,UPI,0
2716.9,21,0,1647,3,1,0,0.9118,0.3045,UPI,0
2073.66,4,0,589,1,0,1,0.9338,0.5814,UPI,0
47.7,16,0,2511,0,0,0,0.8595,0.3027,NetBanking,0
1944.0,2,0,1572,2,1,1,0.9315,0.1711,Card,0
382.35,9,0,1225,2,0,0,0.4969,0.5416,Card,0
246.46,16,0,2644,4,0,0,0.7776,0.3554,Ecommerce,0
899.74,6,0,3282,3,0,0,0.6075,0.1251,Ecommerce,0
1688.37,5,0,3104,1,0,0,0.8615,0.4523,Card,0
195.83,9,1,478,2,0,0,0.4335,0.4922,NetBanking,0
2298.02,2,0,2854,6,0,0,0.9108,0.1743,Card,0
2444.28,15,0,1987,4,0,0,0.7415,0.2047,UPI,0
1152.08,3,0,389,1,0,0,0.6528,0.1115,UPI,0
440.98,7,0,1361,3,0,0,0.9055,0.0606,Card,0
392.15,7,0,785,1,0,0,0.891,0.3552,Ecommerce,0
3220.3,23,0,908,1,0,0,0.3817,0.1088,Ecommerce,0
224.35,23,0,2162,3,0,0,0.7647,0.031,Card,0
3353.28,1,0,1416,1,0,0,0.7329,0.2683,UPI,0
922.0,3,0,2486,0,0,0,0.6926,0.1383,UPI,0
991.65,17,1,2822,2,1,1,0.7057,0.1345,NetBanking,0
182.46,7,0,37,2,0,0,0.756,0.3112,Ecommerce,0
940.06,15,0,2886,1,0,0,0.7126,0.0984,UPI,0
2088.63,22,1,505,3,0,0,0.9159,0.5773,UPI,0
269.55,3,1,27,0,0,0,0.8753,0.2835,Card,0
1851.16,23,1,335,1,0,0,0.7199,0.2915,UPI,1
1204.07,1,1,184,2,0,0,0.5185,0.254,NetBanking,0
557.83,5,1,1198,3,0,0,0.6227,0.0196,UPI,0
2690.3,12,1,2939,2,1,0,0.8623,0.1432,Card,0
108.6,21,0,2385,2,0,0,0.6426,0.2804,NetBanking,0
1578.16,13,0,1551,4,1,1,0.7962,0.1403,UPI,0
6005.36,3,0,3301,2,0,0,0.9071,0.2241,UPI,0
4973.8,5,2,1708,1,1,1,0.6766,0.237,UPI,0
1651.27,18,0,319,2,0,0,0.6092,0.2428,Ecommerce,0
798.9,13,0,75,3,0,1,0.5226,0.3461,Ecommerce,0
562.51,0,0,1774,4,0,0,0.7119,0.3296,Wallet,0
797.86,12,0,792,5,1,0,0.6056,0.3016,NetBanking,0
1941.08,9,1,1308,1,0,0,0.7646,0.2622,Card,0
469.84,0,2,1088,2,0,0,0.9053,0.3295,NetBanking,0
2429.15,5,0,1398,3,0,0,0.8439,0.2761,Card,0
10299.17,22,0,3368,5,0,0,0.6152,0.0571,UPI,0
1027.64,16,0,244,4,0,0,0.8053,0.3223,UPI,0
267.3,1,1,388,2,1,0,0.7377,0.1603,UPI,0
267.21,0,0,1014,3,0,0,0.7249,0.304,UPI,0
2478.46,8,1,2601,1,0,0,0.7468,0.3574,UPI,0
1029.95,11,0,888,4,0,0,0.1957,0.3541,Ecommerce,0
2753.62,10,1,877,3,0,0,0.8485,0.3788,Ecommerce,0
626.21,16,0,2516,0,0,0,0.6109,0.2554,UPI,0
2623.21,4,0,2108,3,0,0,0.8822,0.1939,NetBanking,0
928.7,1,0,2249,3,0,0,0.7508,0.0537,UPI,0
508.2,16,0,2310,2,0,0,0.8828,0.6713,NetBanking,0
719.78,21,0,2229,4,0,0,0.5111,0.0351,Wallet,0
312.03,4,0,1947,2,0,0,0.7901,0.1665,NetBanking,0
8855.8,8,0,1820,1,0,0,0.8075,0.0498,Card,0
991.08,15,0,2686,1,0,0,0.3263,0.0133,Ecommerce,0
2157.57,3,0,1201,3,0,0,0.7859,0.0723,UPI,0
624.09,20,2,1131,3,0,0,0.9341,0.4559,Card,0
363.39,5,0,858,1,0,0,0.7803,0.2173,NetBanking,0
857.85,12,0,2907,0,1,0,0.9138,0.2121,Card,0
3485.1,8,2,46,3,0,0,0.4688,0.1722,UPI,0
634.75,16,0,737,2,0,0,0.8402,0.0405,Wallet,0
439.63,4,0,523,2,0,0,0.7386,0.1406,Ecommerce,0
1291.08,2,0,1311,3,0,0,0.8725,0.1054,NetBanking,0
1851.91,12,0,775,2,0,1,0.9401,0.2472,Card,0
6154.82,20,0,1771,0,0,1,0.8763,0.115,UPI,0
1589.92,15,0,3414,1,0,0,0.5136,0.0534,UPI,0
2156.39,18,0,1499,1,0,0,0.9347,0.6132,Card,0
2333.77,10,0,3396,2,0,0,0.6913,0.128,UPI,0
326.8,3,0,1086,0,0,0,0.5985,0.2776,UPI,0
398.82,10,0,2688,3,0,0,0.8418,0.2863,Card,0
351.39,23,0,489,4,0,0,0.8374,0.2684,Card,0
270.76,18,0,2138,3,0,0,0.9,0.2265,NetBanking,0
2528.12,16,1,2631,1,0,0,0.4498,0.3092,Wallet,0
1487.05,7,1,2343,6,1,0,0.8498,0.1933,Card,1
1192.1,14,0,3282,0,0,1,0.9111,0.4045,Card,0
72.07,14,0,2104,3,0,1,0.7076,0.0717,Card,0
9492.44,15,0,2055,1,0,0,0.8874,0.3462,Ecommerce,0
428.81,21,1,2266,4,0,0,0.8641,0.3231,Card,0
9455.99,16,1,1242,2,0,0,0.9551,0.4659,Card,0
239.44,5,1,772,6,0,1,0.6709,0.204,Card,1
467.3,5,0,3169,0,0,0,0.8517,0.2303,Wallet,0
108.53,14,1,3418,3,0,0,0.791,0.1576,Ecommerce,0
1603.96,20,1,3260,0,0,0,0.698,0.3191,UPI,0
345.05,22,1,2649,3,0,0,0.8538,0.3057,UPI,0
355.44,14,1,787,4,0,0,0.4846,0.3596,Wallet,0
259.53,12,0,825,1,0,0,0.822,0.0162,Ecommerce,0
2480.52,19,0,1088,2,0,0,0.8554,0.3616,UPI,0
2314.7,23,0,1801,2,0,1,0.6349,0.142,UPI,0
7351.32,0,0,831,4,0,1,0.6185,0.036,NetBanking,0
533.79,7,0,2763,4,1,0,0.6767,0.1505,UPI,0
1379.89,8,1,301,2,0,0,0.647,0.4016,NetBanking,0
283.21,13,0,3189,1,0,0,0.6569,0.1294,Wallet,0
771.4,7,0,1587,3,0,0,0.5583,0.3164,UPI,0
636.01,7,1,1347,1,0,0,0.8904,0.0766,Wallet,0
1785.89,0,0,1579,5,0,0,0.949,0.3276,UPI,0
3190.31,0,0,1696,2,0,0,0.3039,0.1016,NetBanking,0
3104.54,10,0,1933,4,0,0,0.7135,0.1556,NetBanking,0
452.62,23,0,1089,1,0,0,0.9039,0.0807,NetBanking,0
3128.76,7,1,1069,1,0,0,0.5739,0.4136,UPI,0
1047.03,5,0,1322,1,0,0,0.8266,0.1245,Card,0
779.91,6,1,552,2,1,0,0.8862,0.2349,NetBanking,0
521.16,23,0,802,2,0,0,0.8045,0.3829,Card,0
609.15,15,0,1469,1,0,0,0.6298,0.4687,Card,0
6832.39,15,0,111,0,0,0,0.8382,0.2616,NetBanking,0
1514.41,4,0,1473,3,0,0,0.2509,0.3397,Ecommerce,0
1317.3,21,2,1461,3,0,0,0.54,0.0439,Wallet,0
832.67,4,0,16,3,0,1,0.8821,0.2849,UPI,0
14303.76,23,0,1650,0,0,1,0.5426,0.2735,UPI,0
4316.76,22,1,2318,0,1,0,0.78,0.2529,UPI,0
514.34,13,0,2731,4,0,0,0.6818,0.3228,UPI,0
822.79,20,0,1359,2,0,0,0.7619,0.1348,UPI,0
875.72,23,0,1832,3,0,0,0.5736,0.1366,NetBanking,0
1278.15,13,0,280,2,0,0,0.6719,0.1683,Ecommerce,0
525.17,18,0,1147,2,0,0,0.7189,0.3305,UPI,0
1738.46,14,0,2325,4,0,0,0.8565,0.3524,Card,0
5037.64,12,0,1625,1,0,1,0.8252,0.149,NetBanking,0
276.08,8,0,3339,2,0,0,0.4917,0.4026,UPI,0
335.44,15,0,2787,3,0,0,0.7559,0.4246,UPI,0
660.29,6,0,3175,3,0,0,0.8491,0.161,UPI,0
693.23,4,0,1686,0,0,0,0.8955,0.3308,UPI,0
8940.88,6,0,274,2,1,0,0.9288,0.3499,NetBanking,0
3139.42,0,0,1946,2,0,0,0.6939,0.4024,UPI,0
2955.84,22,0,3310,2,0,0,0.9052,0.2353,NetBanking,0
830.82,6,0,611,1,0,0,0.5109,0.4894,UPI,0
811.89,19,0,3361,3,0,0,0.7972,0.1,Ecommerce,0
238.82,10,0,33,2,1,1,0.3101,0.2927,UPI,0
2491.97,8,1,2152,0,0,0,0.6305,0.307,Card,0
1836.48,5,0,3254,5,0,0,0.8258,0.1689,NetBanking,0
4231.44,19,0,744,0,0,0,0.7769,0.4664,UPI,0
878.86,12,1,943,2,0,0,0.705,0.2191,Ecommerce,0
944.95,10,1,2826,0,0,1,0.9591,0.6061,Card,0
1311.0,15,0,1221,1,0,0,0.7047,0.3712,Wallet,0
2797.53,19,0,2295,3,0,0,0.8209,0.6129,Ecommerce,0
234.22,15,0,408,2,0,0,0.3691,0.5332,Wallet,0
2375.25,11,0,2354,3,0,0,0.9284,0.2165,UPI,0
1073.29,21,0,1798,1,0,0,0.6866,0.3102,UPI,0
360.84,21,0,1756,0,0,0,0.3634,0.549,Wallet,0
122.87,23,0,2581,0,0,0,0.8091,0.0911,Ecommerce,0
950.23,2,2,1570,1,0,0,0.8967,0.1633,UPI,0
5014.55,21,2,2403,1,0,0,0.767,0.1896,Card,0
6364.04,4,1,1495,1,0,0,0.6771,0.2195,Ecommerce,0
1592.63,14,1,2995,2,0,0,0.7257,0.1578,Card,0
8605.06,15,1,1948,1,0,0,0.6211,0.1828,Wallet,0
1048.29,4,0,1007,4,0,0,0.5799,0.3291,UPI,0
2983.85,0,0,3076,2,0,0,0.8682,0.2204,Card,0
682.8,22,0,1106,1,0,0,0.5664,0.3462,UPI,0
638.85,21,0,3298,2,0,0,0.8425,0.4579,Ecommerce,0
538.41,4,1,3379,1,0,0,0.1808,0.1928,UPI,0
126.02,14,0,1955,3,1,0,0.6923,0.11,Ecommerce,0
4236.31,3,0,1601,3,0,0,0.4011,0.4732,Card,0
559.08,13,0,935,1,0,0,0.9335,0.2282,UPI,0
472.71,7,0,2921,1,0,0,0.9706,0.0743,Ecommerce,0
317.68,18,2,945,4,0,0,0.3358,0.0672,UPI,0
884.85,13,0,2142,2,0,0,0.5625,0.5179,Wallet,0
6986.02,11,1,2815,5,0,1,0.7107,0.3895,Wallet,1
9881.98,16,0,638,1,0,0,0.4862,0.2443,UPI,0
191.73,11,0,610,0,0,1,0.8379,0.3459,UPI,0
755.84,0,1,3351,2,0,0,0.8738,0.2947,UPI,0
370.16,14,2,3456,2,0,0,0.8201,0.1132,UPI,0
3095.65,18,0,1140,2,0,0,0.8118,0.3026,UPI,0
1481.67,11,0,818,3,1,1,0.9067,0.0557,UPI,0
562.06,4,0,2248,2,0,0,0.7302,0.2624,UPI,0
1183.46,0,1,2045,4,0,0,0.929,0.2965,Card,0
664.28,7,0,896,1,0,0,0.5434,0.2071,Card,0
5972.72,18,0,760,2,0,0,0.2898,0.2851,Wallet,1
1947.51,7,0,2017,0,0,0,0.698,0.5349,NetBanking,0
2215.68,22,1,967,2,0,0,0.7143,0.2786,NetBanking,0
66.67,7,0,1897,0,1,0,0.6661,0.1518,UPI,0
1022.36,10,0,2408,1,0,0,0.8394,0.3155,UPI,0
9772.93,18,1,918,0,1,0,0.8446,0.147,UPI,0
4413.55,14,0,2003,3,0,0,0.869,0.1517,Wallet,0
157.68,0,0,3460,1,0,0,0.6773,0.0713,Card,0
789.11,1,2,1885,1,0,0,0.9159,0.2175,Card,0
310.57,4,0,498,3,0,1,0.728,0.0802,Ecommerce,0
6612.1,20,0,2574,1,0,0,0.927,0.3001,UPI,0
1417.28,0,0,1554,5,0,0,0.8006,0.295,Wallet,0
489.71,1,0,2510,1,0,0,0.8536,0.4146,Ecommerce,0
1136.68,18,0,116,0,0,0,0.3403,0.1244,UPI,0
70.97,14,0,2492,1,0,0,0.7369,0.0982,Card,0
351.0,23,0,2391,1,1,0,0.6361,0.2309,NetBanking,0
1139.41,5,0,20,2,0,0,0.4496,0.3415,Ecommerce,0
2665.0,15,0,1621,2,1,0,0.845,0.2553,NetBanking,0
142.83,3,0,1648,3,0,0,0.5915,0.3522,Card,0
734.94,14,1,1963,4,1,0,0.4263,0.3053,Card,0
3165.83,2,0,2159,2,0,0,0.8433,0.0065,Card,0
238.88,21,0,2446,2,0,1,0.9202,0.4972,Card,0
1394.99,9,0,3197,1,0,0,0.5173,0.0433,Card,0
1175.29,6,0,2675,5,0,1,0.7991,0.1648,UPI,0
6634.9,23,0,1092,2,0,0,0.8832,0.586,Card,0
861.23,1,1,3380,2,0,0,0.8452,0.1983,UPI,0
915.82,19,0,1677,2,0,0,0.7396,0.3408,Card,0
2691.11,12,0,3024,4,0,0,0.6675,0.079,UPI,0
272.42,16,0,1702,3,0,0,0.5863,0.3544,Ecommerce,0
869.63,6,0,1138,4,0,0,0.8945,0.2646,Ecommerce,0
679.59,21,1,2531,5,0,0,0.8453,0.3487,Card,0
947.8,10,1,2547,1,0,0,0.8877,0.1883,Wallet,0
2672.65,10,0,428,3,0,0,0.7727,0.3901,Card,0
1962.29,10,1,272,1,0,0,0.8312,0.2358,Card,0
499.64,7,0,2654,4,0,0,0.4909,0.1379,Wallet,0
1265.89,7,0,482,2,0,0,0.8477,0.1188,UPI,0
5244.65,3,0,1610,3,0,0,0.4132,0.4908,Card,0
458.09,11,0,1612,4,0,0,0.5839,0.5842,UPI,0
1277.2,11,1,1541,5,0,0,0.948,0.3851,Wallet,0
895.32,9,0,1612,2,1,0,0.5024,0.0381,Ecommerce,0
1026.43,23,0,3327,1,0,0,0.7442,0.0969,NetBanking,0
197.91,2,0,1773,3,0,0,0.9053,0.284,Card,0
4823.72,21,0,3037,3,0,0,0.9505,0.1691,Card,0
486.35,20,0,1666,0,0,1,0.7802,0.2191,Card,0
3220.77,0,0,1654,5,0,0,0.6337,0.0717,UPI,0
571.09,16,1,2247,1,0,0,0.6407,0.019,Wallet,0
568.62,5,0,824,1,0,0,0.6258,0.4797,Card,0
3919.74,0,1,3340,0,0,0,0.8526,0.3814,UPI,0
3113.74,20,1,3261,3,0,0,0.9231,0.2665,NetBanking,0
1365.26,2,0,610,3,0,0,0.7159,0.0309,Ecommerce,0
2438.67,7,1,519,1,1,0,0.6298,0.2195,UPI,0
809.99,2,0,1255,2,0,0,0.4321,0.1857,UPI,0
1087.04,3,0,671,3,0,0,0.5765,0.1698,UPI,0
547.46,1,1,266,1,0,0,0.502,0.1564,NetBanking,0
2833.5,20,0,2830,2,0,0,0.8121,0.2627,Card,0
529.49,1,0,705,2,0,0,0.8368,0.0905,Card,0
5215.62,18,1,1294,2,0,0,0.8225,0.174,UPI,0
787.11,3,0,3455,2,0,0,0.6059,0.1304,Card,0
1120.5,21,1,1400,1,0,0,0.7664,0.2077,UPI,0
2432.47,20,0,145,0,1,0,0.7378,0.0617,Card,0
1124.46,15,0,857,5,0,0,0.8661,0.3343,UPI,0
802.07,19,0,753,2,0,0,0.5596,0.1228,UPI,0
1062.6,7,0,1949,3,0,0,0.835,0.3469,Wallet,0
2803.18,18,0,1496,3,0,0,0.58,0.099,Card,0
546.76,5,0,275,1,0,0,0.7567,0.0335,UPI,0
960.5,14,1,1029,2,0,0,0.6851,0.0583,Card,0
1108.54,22,0,1642,4,0,0,0.9356,0.1542,Card,0
2718.44,17,0,1911,1,0,0,0.8484,0.7623,NetBanking,0
987.49,6,1,1465,1,0,0,0.8018,0.3064,UPI,0
7322.55,17,0,3466,6,0,0,0.6936,0.1991,Ecommerce,0
930.42,21,0,1723,1,0,0,0.5383,0.4885,Ecommerce,0
854.43,21,2,2465,2,0,0,0.9444,0.1942,UPI,0
916.37,17,0,2003,3,0,0,0.5203,0.4611,NetBanking,0
275.21,17,0,1424,2,0,0,0.8434,0.056,Card,0
369.24,18,0,105,2,0,0,0.5696,0.2688,NetBanking,0
628.16,17,0,2392,0,0,0,0.4527,0.041,Ecommerce,0
3614.18,3,0,3008,3,0,1,0.45,0.1595,Card,0
1059.15,19,0,3053,0,0,0,0.5563,0.1049,UPI,0
659.26,4,0,2777,1,0,0,0.9289,0.4218,Ecommerce,1
3975.32,13,1,806,1,0,0,0.5504,0.0932,Ecommerce,0
5590.01,8,1,1584,1,0,0,0.9029,0.5266,NetBanking,0
4097.58,5,0,2511,1,0,0,0.5351,0.1464,UPI,0
447.76,6,1,2562,1,0,1,0.9131,0.2689,Card,0
651.96,2,0,2151,1,0,0,0.5601,0.3078,Ecommerce,0
7364.47,10,0,179,1,0,0,0.8988,0.3403,NetBanking,0
1412.61,10,1,2570,2,0,0,0.5632,0.1536,UPI,0
827.98,9,0,1982,2,0,0,0.8349,0.0769,Ecommerce,0
2331.5,2,0,300,0,0,0,0.7628,0.0713,Card,0
3157.9,14,0,1889,2,0,0,0.5983,0.4258,UPI,0
601.83,4,0,2567,1,0,0,0.5788,0.2127,Card,0
1380.79,20,1,3274,0,0,0,0.8169,0.298,UPI,0
2901.22,0,0,2759,2,0,0,0.7081,0.2829,Card,0
324.31,1,0,921,2,0,0,0.809,0.3506,Ecommerce,0
1110.94,7,1,2407,3,0,0,0.7882,0.0293,UPI,0
340.32,9,0,2364,5,0,0,0.8055,0.4173,Card,0
390.43,23,0,695,0,0,0,0.7467,0.2072,Ecommerce,0
607.13,12,0,2906,2,0,0,0.66,0.3183,Ecommerce,0
1809.81,9,0,570,0,0,0,0.7165,0.5671,NetBanking,0
782.02,20,0,2627,0,0,0,0.4548,0.396,Wallet,0
555.11,5,0,2586,2,1,0,0.6805,0.3484,NetBanking,0
1157.63,21,0,3365,4,0,1,0.6972,0.1523,UPI,0
328.88,9,0,2269,4,0,0,0.5945,0.243,Wallet,0
1720.28,7,0,258,1,0,0,0.874,0.3185,Card,0
3597.36,7,1,3442,1,0,0,0.6496,0.3367,Card,0
1009.12,0,0,1346,2,0,0,0.8713,0.1703,NetBanking,0
886.44,16,1,1595,1,0,1,0.5362,0.1101,NetBanking,0
1623.13,13,0,3037,1,0,0,0.4946,0.1484,Ecommerce,0
130.33,15,0,808,3,0,0,0.674,0.189,NetBanking,0
1926.88,15,1,2320,3,0,0,0.4328,0.2006,Card,0
28480.65,0,0,2695,1,0,0,0.6102,0.6301,NetBanking,0
964.1,21,1,1857,2,0,1,0.6515,0.628,Wallet,0
967.7,12,0,2621,2,1,0,0.6409,0.5213,Card,0
2394.16,16,0,2498,2,0,0,0.6876,0.1534,Card,0
6170.9,0,0,1832,4,0,0,0.5569,0.5919,Card,0
3052.5,18,0,326,0,0,0,0.9198,0.1683,Wallet,0
114.05,16,0,2612,1,0,0,0.901,0.2809,NetBanking,0
1981.42,8,0,2765,1,0,0,0.9751,0.1846,Card,0
16326.2,22,0,1091,2,0,0,0.7459,0.1926,Wallet,0
2108.14,15,0,2866,2,0,0,0.7691,0.1829,Wallet,0
326.25,21,1,760,1,1,0,0.7767,0.383,NetBanking,0
1474.27,19,0,604,0,0,0,0.6223,0.1626,UPI,0
285.8,4,0,447,0,0,0,0.6988,0.1138,UPI,0
4001.58,23,0,1935,3,0,0,0.8546,0.2255,NetBanking,0
401.95,17,0,1021,1,0,0,0.8505,0.2425,UPI,0
1185.54,4,1,2432,1,0,0,0.8352,0.4509,NetBanking,0
445.56,19,0,2293,2,0,0,0.6914,0.223,NetBanking,0
617.84,10,1,1497,2,0,0,0.7267,0.2066,Wallet,0
5221.07,20,1,909,2,0,0,0.6518,0.1209,Card,0
1222.47,4,0,3204,0,0,0,0.6646,0.0642,Card,0
609.62,6,0,3092,5,1,0,0.6644,0.044,Card,0
329.48,8,0,1219,2,0,0,0.9568,0.3898,NetBanking,0
153.66,10,1,879,6,0,0,0.6601,0.1655,NetBanking,0
294.76,15,0,2815,4,1,0,0.6813,0.2726,UPI,0
1233.43,5,1,2397,1,0,0,0.9403,0.0582,Ecommerce,0
3069.42,16,0,1602,0,1,1,0.8502,0.1034,Card,0
608.89,0,0,1849,2,0,0,0.7278,0.3792,Wallet,0
5704.84,7,0,2539,2,0,0,0.6576,0.3392,UPI,0
516.27,15,1,745,2,0,1,0.3939,0.1622,Card,0
854.13,6,0,3487,3,0,0,0.6646,0.2806,UPI,0
352.99,10,0,1949,2,0,0,0.4356,0.5383,Ecommerce,0
3103.54,14,0,450,1,0,0,0.8158,0.1927,Ecommerce,0
9920.77,5,0,3341,2,0,0,0.3961,0.4153,Card,0
172.45,23,0,3488,0,0,0,0.959,0.2786,UPI,0
762.44,20,0,3305,3,0,1,0.8923,0.1021,NetBanking,0
4138.21,23,0,2446,2,0,0,0.8806,0.3097,Wallet,0
240.02,11,0,1025,0,1,0,0.8875,0.1844,UPI,0
1988.27,8,0,1860,3,0,0,0.6794,0.3688,Card,0
3954.25,23,0,1880,1,0,1,0.6559,0.2991,UPI,0
1190.51,17,0,1785,2,0,0,0.4067,0.0778,Card,0
1954.28,19,1,533,0,0,0,0.8074,0.3486,UPI,0
6967.05,4,0,1093,0,0,0,0.8245,0.0997,Ecommerce,0
8483.24,20,1,1645,1,0,0,0.6772,0.5425,NetBanking,1
1027.55,12,0,1852,1,0,0,0.7961,0.2206,Wallet,0
627.04,18,1,1129,4,0,0,0.5516,0.3507,Card,0
417.39,19,0,2558,1,0,0,0.6527,0.1592,Card,0
3058.91,2,0,3253,4,1,0,0.6857,0.2921,UPI,1
259.73,2,0,1637,4,0,1,0.7832,0.1222,Card,0
841.17,1,0,2216,3,0,0,0.6691,0.0783,NetBanking,0
1221.49,15,0,679,2,0,0,0.8167,0.214,UPI,0
646.68,21,0,652,4,1,0,0.6412,0.134,UPI,0
1471.17,0,0,261,1,0,0,0.3855,0.1284,UPI,0
16199.55,3,0,3473,2,0,0,0.8143,0.5907,NetBanking,0
965.19,11,0,1060,1,0,0,0.7058,0.1861,Card,0
694.24,9,0,2431,5,0,1,0.8497,0.576,UPI,0
3184.65,2,0,2186,1,1,0,0.672,0.1803,Card,0
1410.31,14,0,477,3,1,0,0.3777,0.279,Ecommerce,0
4970.63,21,0,588,4,0,0,0.5351,0.4377,Card,0
1303.65,5,2,2799,1,0,0,0.7594,0.1568,Wallet,0
844.85,0,0,2786,0,0,0,0.8024,0.1248,Card,0
168.53,5,1,1954,2,0,0,0.7203,0.1418,NetBanking,0
200.19,4,1,1209,2,0,1,0.835,0.2598,UPI,0
159.58,11,1,1405,3,1,0,0.6878,0.216,Card,0
1633.22,2,0,2769,4,0,0,0.7398,0.2148,UPI,0
262.34,8,0,692,4,0,1,0.9978,0.0983,Ecommerce,0
4098.42,2,0,314,2,0,0,0.7118,0.3929,UPI,0
1132.02,16,2,977,3,0,0,0.8119,0.1281,Wallet,0
848.61,11,0,669,2,0,0,0.6679,0.1575,UPI,0
452.12,1,2,591,2,0,0,0.7693,0.331,Card,0
2107.74,1,0,1627,4,1,0,0.9304,0.3104,NetBanking,0
471.2,11,1,2813,6,1,0,0.5546,0.4554,Ecommerce,0
389.69,14,0,2422,4,0,0,0.9515,0.4443,UPI,0
3819.09,4,0,960,1,0,0,0.9455,0.1941,Card,0
1591.37,7,0,1488,3,1,0,0.7454,0.6617,Card,0
856.9,14,1,1648,3,0,0,0.6757,0.4475,NetBanking,0
2150.61,11,0,1367,1,0,1,0.3776,0.2896,UPI,0
1106.97,2,0,3387,2,0,0,0.9035,0.086,NetBanking,0
1639.53,9,1,3325,5,0,1,0.8197,0.0853,Card,0
465.13,4,0,3480,3,0,0,0.9178,0.2424,Wallet,0
9642.33,22,0,1471,1,0,0,0.8354,0.2568,UPI,0
596.69,19,0,2770,1,0,0,0.5351,0.3853,Wallet,0
5618.48,7,0,2576,1,0,0,0.5868,0.1579,Card,0
899.36,5,0,2797,1,0,0,0.6599,0.0101,NetBanking,0
2559.21,3,0,571,2,0,0,0.8118,0.1869,Ecommerce,0
2370.69,17,2,3307,3,0,0,0.6102,0.1219,UPI,0
3656.25,22,0,3285,5,1,1,0.6131,0.3739,Card,0
453.66,6,0,2790,2,0,0,0.7967,0.141,Wallet,0
3392.82,15,0,2007,2,0,0,0.7723,0.0945,Ecommerce,0
7621.75,5,0,1582,4,1,0,0.8194,0.0688,Wallet,0
835.79,22,2,873,2,0,0,0.7754,0.6253,Wallet,0
1137.33,7,1,217,4,0,0,0.9583,0.1331,UPI,0
632.94,2,0,3365,2,0,0,0.8933,0.2352,UPI,0
762.23,21,3,734,2,0,0,0.7203,0.0745,Ecommerce,0
6614.33,22,0,1199,0,0,1,0.8204,0.1782,Ecommerce,0
382.05,9,0,1559,3,0,1,0.9104,0.4469,UPI,0
407.8,21,1,2369,1,0,0,0.8158,0.088,Ecommerce,0
5951.78,5,0,934,2,0,1,0.8691,0.1841,UPI,0
2112.81,6,0,759,2,0,0,0.7698,0.0459,UPI,0
10161.78,12,0,1156,0,0,0,0.8115,0.3666,Wallet,0
683.37,14,0,1159,3,0,0,0.7886,0.1811,Ecommerce,0
1252.12,9,1,212,2,0,0,0.9265,0.488,Ecommerce,0
548.01,19,0,1373,3,0,0,0.7297,0.1214,UPI,0
1274.7,18,0,1935,3,0,0,0.9402,0.4625,NetBanking,0
170.24,2,0,1568,1,0,0,0.4818,0.0783,Card,0
2251.16,23,1,1235,4,1,0,0.6673,0.2259,Card,0
1540.17,3,1,3211,1,0,0,0.5463,0.0282,Card,0
1032.32,12,1,911,1,0,1,0.5585,0.4176,Ecommerce,0
727.87,10,0,2952,2,0,0,0.6145,0.1482,Ecommerce,1
428.59,10,0,2139,3,0,0,0.8546,0.1021,Card,0
2354.54,3,0,2285,1,0,0,0.8801,0.2056,Card,0
320.65,8,0,973,0,0,0,0.6597,0.1094,NetBanking,0
1877.11,0,0,3381,2,0,0,0.7649,0.1861,NetBanking,0
9683.45,23,0,1670,2,0,0,0.3091,0.1492,Wallet,0
5217.62,3,1,1777,1,0,0,0.8377,0.51,UPI,0
225.79,11,0,867,1,0,0,0.5875,0.1295,Card,0
624.17,5,1,1678,1,0,0,0.5597,0.2363,NetBanking,0
1707.05,4,0,2384,2,1,0,0.6247,0.0624,UPI,0
1018.62,9,0,3279,2,0,0,0.4418,0.2134,NetBanking,0
252.3,23,0,2990,2,0,1,0.7422,0.238,UPI,0
1643.5,11,0,553,2,0,0,0.7063,0.4324,NetBanking,0
1085.16,23,1,292,5,1,0,0.8766,0.5307,Card,0
8184.86,19,0,3334,4,0,0,0.3882,0.1626,NetBanking,0
840.59,10,0,2870,1,0,0,0.8707,0.4649,UPI,0
3738.36,21,0,535,1,0,0,0.6734,0.0325,Card,0
289.91,8,0,2981,0,0,0,0.5749,0.1906,UPI,0
372.63,12,1,2667,0,0,0,0.6942,0.2812,UPI,0
2339.62,16,0,3377,3,0,0,0.4427,0.1413,UPI,0
3421.78,14,0,568,1,0,0,0.8384,0.2934,Wallet,0
401.31,19,0,2898,2,0,0,0.5264,0.2224,Card,0
1124.71,3,0,1282,4,0,1,0.6387,0.422,UPI,0
257.07,11,0,1936,3,1,0,0.9235,0.3489,Wallet,0
906.62,15,0,910,0,0,1,0.7064,0.371,Ecommerce,0
2640.62,7,0,252,2,1,0,0.8164,0.5045,Card,0
694.57,20,0,2441,1,0,0,0.919,0.1368,UPI,0
844.3,7,1,267,3,0,0,0.8523,0.0514,NetBanking,0
334.86,7,0,1632,2,0,0,0.6588,0.2486,Wallet,0
555.14,7,0,694,1,0,0,0.5895,0.1377,Card,0
6946.66,16,0,3219,0,0,0,0.9166,0.4034,Card,0
1183.9,2,0,1568,1,0,0,0.6026,0.1176,NetBanking,0
382.82,3,0,656,1,0,0,0.9472,0.3081,UPI,0
787.99,18,1,3344,1,0,0,0.6893,0.4354,Wallet,0
204.94,4,0,2410,3,0,0,0.7837,0.3601,NetBanking,0
378.09,2,0,619,4,0,0,0.8618,0.0449,UPI,0
4574.98,6,1,1245,1,0,0,0.8671,0.1484,UPI,0
944.25,9,1,1889,0,0,0,0.6672,0.2608,Ecommerce,0
7984.57,0,0,2722,1,0,1,0.8304,0.1603,UPI,0
992.16,20,1,3493,1,0,0,0.9522,0.2699,Card,0
1055.98,2,0,2943,5,0,1,0.8746,0.0854,Card,0
2149.39,9,0,55,2,0,0,0.4218,0.2182,Card,0
66.27,4,2,1670,2,0,0,0.7718,0.0257,Card,0
1359.93,7,1,171,5,0,0,0.5975,0.1649,UPI,0
1041.65,1,0,1062,1,0,1,0.6734,0.0247,NetBanking,0
5220.46,22,1,949,2,1,0,0.5885,0.0335,Wallet,0
3019.7,22,0,936,3,1,0,0.7743,0.2041,UPI,0
333.49,3,1,793,3,0,0,0.8517,0.2975,Ecommerce,0
4040.99,4,1,1404,5,0,0,0.5957,0.0796,UPI,0
832.61,21,0,1748,8,0,0,0.617,0.4497,UPI,0
424.25,9,1,3341,1,0,0,0.9195,0.3268,Card,0
1348.78,1,0,1475,2,0,0,0.8653,0.1792,UPI,0
886.33,3,1,89,2,0,1,0.4738,0.3853,Card,1
5515.89,9,0,2045,0,0,0,0.854,0.1779,NetBanking,0
1568.15,13,0,1056,0,0,0,0.8161,0.4537,Ecommerce,0
1360.95,15,0,520,5,0,1,0.7742,0.477,UPI,0
2823.35,3,0,2349,2,0,0,0.7138,0.2365,Card,0
3454.78,8,0,2402,2,0,0,0.6647,0.2918,UPI,0
2496.85,6,1,1225,1,0,0,0.6584,0.2433,Ecommerce,0
4867.99,12,2,756,0,0,0,0.6793,0.205,NetBanking,0
2077.91,7,1,1718,0,0,0,0.7445,0.5398,NetBanking,0
1307.71,4,0,1585,5,1,0,0.8369,0.1683,Wallet,0
4028.42,19,2,3393,0,0,0,0.377,0.1987,Wallet,0
996.81,13,0,123,4,0,0,0.5215,0.1589,Ecommerce,0
1135.59,11,0,633,5,0,0,0.6401,0.4597,Ecommerce,0
6685.23,3,1,2793,4,0,0,0.7354,0.2516,UPI,0
6021.07,1,0,3319,4,1,0,0.8447,0.3294,UPI,0
1087.26,19,0,2197,4,0,0,0.5067,0.1052,UPI,0
681.14,23,0,1111,2,1,0,0.6836,0.0642,UPI,0
5096.62,14,0,736,0,0,1,0.6012,0.3343,Card,0
2541.32,0,0,2955,2,0,0,0.5541,0.0902,Card,0
1527.46,11,0,2108,2,0,1,0.6772,0.2478,UPI,0
782.14,6,0,1432,1,0,0,0.4168,0.0513,Wallet,0
1553.52,1,0,1533,1,0,1,0.6679,0.3049,NetBanking,0
1071.92,3,0,526,1,0,0,0.8943,0.0733,UPI,0
545.9,11,0,2893,2,0,0,0.6401,0.3749,Card,0
1255.76,10,1,176,3,0,0,0.8952,0.2669,UPI,0
1449.1,13,0,3443,0,0,0,0.8123,0.0973,Card,0
739.4,16,0,592,5,0,0,0.5673,0.1541,Ecommerce,0
2832.79,6,0,441,1,0,0,0.6242,0.3314,NetBanking,0
4244.05,6,1,260,0,1,0,0.5112,0.1082,NetBanking,0
3036.29,16,0,1718,1,0,0,0.7543,0.3498,Card,0
820.52,4,0,203,3,0,0,0.9201,0.0852,Card,0
2425.06,1,0,908,1,0,1,0.6701,0.3263,UPI,0
1190.18,20,0,2797,2,0,0,0.6383,0.084,UPI,0
299.61,5,0,2625,5,0,0,0.928,0.0236,UPI,0
2222.45,2,1,1203,0,0,0,0.6656,0.4549,Wallet,0
1278.49,17,1,127,2,0,0,0.9457,0.4638,Card,0
16701.03,12,0,559,2,0,0,0.792,0.0717,Card,0
5065.13,3,0,1909,0,0,0,0.7795,0.0641,UPI,0
2313.94,20,0,1636,2,0,0,0.7415,0.3519,UPI,0
1424.58,5,1,3000,3,0,0,0.7548,0.2046,Wallet,0
1302.33,16,0,1694,3,0,1,0.7494,0.2948,UPI,0
382.27,15,1,1366,3,0,1,0.6639,0.4897,Card,0
176.63,19,0,2192,4,1,0,0.7285,0.2341,UPI,0
438.7,17,0,2933,4,0,0,0.5923,0.2085,Ecommerce,0
1043.04,16,0,2861,2,0,1,0.4757,0.3178,Ecommerce,0
120.2,1,1,520,2,0,0,0.6268,0.1654,Card,0
619.22,22,1,1469,2,1,1,0.7257,0.0565,UPI,1
845.57,3,0,3214,2,0,0,0.7202,0.1373,UPI,0
874.63,6,0,2829,0,0,0,0.7287,0.1242,UPI,0
547.41,10,1,2771,5,0,0,0.5402,0.2054,UPI,0
766.17,6,0,409,4,0,0,0.5651,0.2218,UPI,0
6701.51,14,0,1373,2,0,0,0.7105,0.1145,Wallet,1
2197.89,1,1,2913,0,0,0,0.6324,0.2401,UPI,0
608.92,10,0,463,1,0,0,0.6287,0.2239,NetBanking,0
1020.69,8,0,2513,3,0,0,0.3646,0.5987,NetBanking,0
1064.51,15,1,1824,2,0,0,0.8716,0.2146,NetBanking,0
489.63,12,0,2551,1,0,0,0.6575,0.0795,UPI,0
489.02,18,0,2348,1,0,0,0.6608,0.395,Ecommerce,0
3168.62,3,0,338,3,0,0,0.5634,0.0213,NetBanking,0
705.73,22,0,457,4,0,0,0.6751,0.25,Card,0
347.43,9,0,1183,2,0,0,0.6253,0.0926,NetBanking,0
1048.07,8,0,3266,6,0,0,0.6071,0.4589,UPI,0
1241.29,13,1,3279,1,1,1,0.8321,0.2078,Card,0
138.19,3,0,2671,1,0,0,0.9514,0.0803,Wallet,0
1050.7,19,0,844,2,0,0,0.8315,0.1135,UPI,0
2728.15,6,0,3331,0,0,0,0.9036,0.2429,UPI,0
1761.27,22,0,2512,1,0,0,0.6588,0.1396,Card,0
11399.05,3,1,1052,2,0,0,0.5609,0.1852,Card,0
4079.24,20,0,2491,0,0,0,0.7086,0.2098,Wallet,0
5020.98,9,0,1520,1,0,0,0.8463,0.4026,Ecommerce,0
20745.62,14,1,1677,3,0,0,0.8697,0.1413,NetBanking,0
2431.01,20,0,845,0,0,0,0.8505,0.3946,Wallet,0
1301.44,3,0,2254,1,0,0,0.5018,0.1589,Card,0
3048.57,8,2,963,3,1,0,0.4713,0.5622,NetBanking,0
609.6,22,1,3231,1,0,0,0.7158,0.614,Card,0
1227.91,3,0,514,3,0,1,0.4287,0.4912,UPI,0
555.51,2,0,886,1,0,0,0.893,0.4945,UPI,0
1665.51,12,0,444,2,1,0,0.833,0.409,Card,0
553.08,0,0,848,3,0,1,0.8133,0.1643,Ecommerce,0
533.11,23,1,2350,1,0,0,0.5727,0.2322,UPI,0
1692.81,21,0,3310,2,0,1,0.7893,0.0606,UPI,0
948.99,4,0,555,2,0,0,0.7344,0.2899,UPI,0
144.91,4,0,785,2,0,0,0.5894,0.3967,NetBanking,0
237.86,18,0,473,3,0,0,0.7484,0.2582,Card,0
328.77,12,0,2829,0,0,0,0.6309,0.039,Card,0
433.93,19,0,1874,2,0,1,0.8022,0.2175,Card,0
1694.5,23,1,1277,3,0,0,0.7911,0.1512,UPI,0
1380.06,9,0,2466,4,1,0,0.5766,0.1612,Ecommerce,0
3356.13,6,1,302,1,0,0,0.5678,0.3082,Wallet,0
2417.39,14,0,2724,1,0,0,0.9403,0.2225,Card,0
3379.55,15,0,338,1,0,0,0.7011,0.0833,Wallet,0
2077.28,10,1,2033,3,0,0,0.864,0.2037,Card,0
1366.71,7,0,116,1,0,0,0.5315,0.4777,UPI,0
3478.37,6,0,711,2,0,0,0.5563,0.3105,Wallet,0
2879.53,12,2,2189,1,0,0,0.5835,0.2454,Ecommerce,0
1627.66,10,0,2009,1,0,0,0.8334,0.1305,NetBanking,0
4165.64,10,0,1570,3,0,0,0.8119,0.3755,UPI,0
93.4,2,0,2192,2,0,0,0.7099,0.2845,Ecommerce,0
808.36,21,0,2929,2,0,1,0.3471,0.0774,Card,0
795.46,16,1,908,2,0,0,0.8836,0.0361,NetBanking,0
3678.71,22,1,3403,1,0,0,0.9565,0.3201,Ecommerce,0
5709.95,19,1,511,2,0,0,0.6989,0.2048,UPI,0
239.2,14,0,3424,5,0,0,0.267,0.2096,UPI,0
4825.77,7,1,3240,2,0,0,0.4757,0.3441,UPI,0
320.53,15,1,1501,2,0,0,0.7759,0.5103,Wallet,0
330.87,13,2,342,2,0,0,0.4913,0.3838,Wallet,0
857.48,22,0,1428,0,0,0,0.8678,0.3158,Card,0
785.16,5,0,975,3,0,0,0.8806,0.2815,Wallet,0
213.51,0,0,2030,1,0,0,0.4985,0.1837,UPI,0
2169.76,3,0,815,0,0,1,0.8127,0.369,UPI,0
2238.08,4,0,243,1,0,0,0.7649,0.2311,Card,0
3316.76,15,0,3122,2,0,0,0.8669,0.1941,UPI,0
695.67,3,0,3032,1,0,1,0.7042,0.1039,UPI,0
1051.99,3,0,1760,1,0,1,0.6508,0.1745,NetBanking,0
1062.15,9,2,2980,2,0,0,0.5336,0.1281,UPI,0
6453.61,18,0,3348,2,1,0,0.8636,0.2581,UPI,0
55.93,10,1,3220,3,0,1,0.3569,0.1827,Ecommerce,0
401.5,6,0,2899,5,0,1,0.7665,0.265,Ecommerce,0
1103.03,6,1,160,1,0,0,0.5642,0.0979,UPI,0
350.78,19,0,2643,2,1,0,0.8367,0.4305,UPI,0
836.11,10,0,3216,2,0,0,0.8855,0.2832,NetBanking,0
960.66,8,0,624,2,0,0,0.7287,0.1935,UPI,0
549.73,18,0,238,2,0,0,0.706,0.1693,UPI,0
1173.44,8,0,1209,2,0,0,0.786,0.0258,Card,0
2120.82,8,1,2883,2,0,0,0.7641,0.4171,UPI,0
855.7,18,0,2872,2,0,0,0.9355,0.5226,Card,0
681.4,7,0,2047,2,0,0,0.8469,0.2846,Card,0
921.45,12,0,3442,0,0,0,0.6063,0.0662,UPI,0
1088.1,15,0,578,2,0,0,0.7425,0.1972,Card,0
176.38,4,0,3073,3,0,0,0.7201,0.0303,Card,0
1780.47,3,0,3048,1,0,0,0.5689,0.3533,NetBanking,0
682.97,20,0,3319,1,0,0,0.7572,0.0217,UPI,0
4124.14,7,0,1027,1,0,0,0.8865,0.1252,Card,0
2039.8,8,0,2248,1,0,0,0.7275,0.0901,UPI,0
3746.47,14,0,970,3,1,0,0.4775,0.2743,UPI,1
379.34,2,1,1693,0,0,0,0.5228,0.2019,Wallet,0
742.52,1,1,3361,0,1,0,0.7624,0.4713,UPI,0
297.5,9,0,1804,4,0,0,0.6566,0.15,UPI,0
522.98,23,1,2692,1,0,1,0.9308,0.2576,Ecommerce,0
4083.5,13,0,1608,2,0,0,0.8958,0.0346,Ecommerce,0
5228.42,13,1,8,0,0,0,0.6085,0.0168,UPI,0
328.47,14,1,547,2,0,0,0.772,0.1683,UPI,0
677.77,20,1,2355,3,0,0,0.6824,0.0897,Ecommerce,0
1012.31,20,0,1075,2,0,1,0.6855,0.3339,NetBanking,0
2028.16,0,1,1096,2,0,0,0.7219,0.168,NetBanking,0
172.81,12,0,322,2,0,0,0.8137,0.132,UPI,0
203.74,13,2,2874,3,0,0,0.8791,0.4839,Card,0
1833.73,5,0,316,2,1,0,0.6762,0.2673,UPI,0
141.67,23,1,1884,3,0,0,0.5422,0.3259,UPI,0
685.99,6,0,1096,0,0,0,0.5539,0.1818,Card,0
1300.1,20,0,3172,4,0,0,0.844,0.034,UPI,0
1696.71,2,0,2333,0,0,1,0.5277,0.4523,UPI,0
945.01,14,1,245,3,0,0,0.7707,0.0231,Wallet,0
746.92,17,1,2150,2,0,0,0.7002,0.0363,NetBanking,0
2661.91,12,0,585,1,0,1,0.8196,0.3349,Wallet,0
1479.51,2,0,1961,1,0,0,0.8547,0.3384,UPI,0
555.92,2,1,857,1,1,0,0.7063,0.4545,UPI,0
1140.94,14,0,2623,6,0,0,0.9115,0.0982,UPI,0
1639.8,20,0,1659,5,0,0,0.8374,0.2025,NetBanking,0
6661.83,14,0,1483,1,0,0,0.7765,0.6,UPI,0
2503.99,2,0,3074,2,0,0,0.8468,0.1151,UPI,0
3925.64,18,0,1551,2,0,0,0.9433,0.078,UPI,0
577.59,11,0,828,3,0,0,0.8081,0.1692,Wallet,0
632.45,1,0,1816,1,0,0,0.6555,0.3582,NetBanking,0
856.5,8,0,2835,2,0,0,0.608,0.4395,Card,0
943.17,4,1,239,2,0,0,0.6765,0.0752,Ecommerce,0
380.53,23,1,993,2,0,0,0.6901,0.212,UPI,0
4143.23,21,0,2038,1,0,0,0.63,0.344,Ecommerce,0
2772.54,2,0,850,0,0,0,0.3224,0.2371,Card,0
795.55,13,0,2627,1,0,0,0.8165,0.3074,UPI,0
2151.23,0,0,205,1,0,0,0.6874,0.1918,Card,0
1385.82,10,1,927,0,0,0,0.5348,0.1781,Wallet,0
2335.12,3,0,2061,3,0,0,0.7761,0.1866,Card,0
267.33,17,0,2992,1,0,0,0.8863,0.0224,Ecommerce,0
941.11,1,0,1240,3,1,0,0.7543,0.3158,NetBanking,0
1031.8,21,0,936,3,0,0,0.7204,0.1441,NetBanking,0
2110.8,5,0,3246,1,0,0,0.7053,0.2339,Card,0
566.88,6,0,1799,2,0,0,0.688,0.1793,NetBanking,0
79.45,21,1,714,1,0,0,0.6824,0.0393,UPI,0
352.21,21,0,3061,1,1,0,0.8442,0.3897,UPI,0
1028.54,2,1,106,1,1,0,0.699,0.2782,Ecommerce,1
1172.72,2,0,2585,4,0,0,0.5859,0.3069,Ecommerce,0
6424.89,20,0,3171,0,1,0,0.7871,0.4411,NetBanking,0
2022.08,23,0,2019,5,0,0,0.8048,0.3906,Card,0
1194.65,11,0,3203,2,0,0,0.6586,0.1699,Card,0
1059.96,3,0,2182,1,0,0,0.8277,0.2786,UPI,0
3496.06,3,1,2094,5,0,0,0.6117,0.1787,Ecommerce,1
590.15,6,0,387,1,0,0,0.7848,0.3052,Ecommerce,0
946.43,16,0,630,1,0,0,0.574,0.3118,UPI,0
349.42,2,1,2449,3,0,0,0.6721,0.1654,UPI,0
4865.14,15,0,2388,1,0,0,0.357,0.3643,Card,0
1655.94,19,0,2144,4,0,0,0.8618,0.3059,UPI,0
521.7,3,0,737,3,0,0,0.8737,0.0359,UPI,0
972.45,23,0,302,0,0,0,0.8221,0.2497,Card,0
1872.69,23,1,304,3,0,0,0.5497,0.3857,NetBanking,0
842.81,7,0,441,2,0,0,0.476,0.1721,Ecommerce,0
625.66,2,1,768,2,1,1,0.8319,0.1157,Wallet,0
551.7,7,0,3398,1,0,0,0.7386,0.1849,UPI,0
1565.42,6,0,2731,1,0,0,0.5947,0.0631,UPI,0
752.98,6,1,629,1,0,1,0.8557,0.2183,Card,0
680.99,22,0,1079,1,1,0,0.3843,0.1517,Wallet,1
269.65,3,0,3135,1,0,1,0.7048,0.1916,UPI,0
1189.78,7,0,1577,3,0,0,0.7341,0.0322,Card,0
906.61,18,0,970,3,1,0,0.6952,0.3657,Card,0
782.32,1,1,1153,2,0,0,0.7656,0.6817,UPI,0
1351.15,1,0,1390,4,0,0,0.7402,0.3342,UPI,0
2405.23,7,0,1903,5,0,0,0.6732,0.2731,UPI,0
2290.77,23,0,1947,1,0,0,0.6617,0.1641,UPI,0
1959.34,20,1,1866,0,0,0,0.4911,0.2757,UPI,0
851.75,22,0,2193,2,0,1,0.7988,0.1674,UPI,0
604.65,20,1,1044,1,0,1,0.8921,0.1406,UPI,0
366.46,2,0,1745,2,0,0,0.2278,0.287,Card,0
588.27,9,0,2904,1,0,0,0.1432,0.0778,Wallet,0
1119.49,12,1,1224,0,0,0,0.6818,0.2652,NetBanking,0
480.29,3,0,3438,1,0,0,0.8888,0.2816,Ecommerce,0
1213.01,23,0,1748,4,1,0,0.898,0.487,UPI,0
397.93,14,0,1319,1,0,0,0.7563,0.2503,Wallet,0
191.71,20,0,2454,2,0,0,0.8462,0.0715,UPI,0
2592.5,6,1,1374,8,0,0,0.7667,0.2087,Ecommerce,0
666.38,17,0,1391,1,0,0,0.87,0.4227,UPI,0
455.37,2,0,1315,4,0,0,0.6229,0.3548,Card,0
347.74,0,0,1911,2,0,0,0.7809,0.2398,UPI,0
1709.9,15,0,152,4,0,0,0.836,0.0555,UPI,0
4645.49,1,0,1331,1,0,0,0.5508,0.1703,Card,0
718.22,6,0,2690,2,0,1,0.5936,0.1494,Card,0
874.51,19,0,1159,4,0,0,0.8927,0.1173,Ecommerce,0
3378.59,11,1,1889,2,1,0,0.7854,0.3649,UPI,0
163.86,9,1,1050,5,1,0,0.7337,0.1623,Wallet,0
8649.11,6,0,3295,4,0,0,0.6153,0.2471,UPI,0
14275.58,16,0,789,1,0,1,0.8995,0.2504,Ecommerce,0
63.97,22,0,2721,3,0,0,0.8736,0.1556,Wallet,0
989.92,17,0,2664,1,0,0,0.83,0.0965,UPI,0
515.48,8,0,1424,3,0,0,0.537,0.3798,Card,0
830.47,10,0,3443,2,0,1,0.7075,0.1476,Card,0
706.76,2,2,3452,1,0,0,0.3636,0.4041,NetBanking,0
2571.76,3,2,108,3,0,0,0.7996,0.3554,NetBanking,0
974.38,6,0,1993,4,0,0,0.8435,0.2532,UPI,0
421.39,9,0,691,1,1,0,0.4362,0.2007,UPI,0
915.26,23,2,3494,3,0,0,0.9561,0.422,Card,0
1882.82,20,1,3375,0,0,0,0.8252,0.3284,NetBanking,0
316.43,2,0,1484,2,0,0,0.7938,0.1286,Wallet,0
194.7,7,0,1200,4,0,0,0.8596,0.4281,Card,0
8887.31,1,0,2866,5,0,0,0.9745,0.1237,UPI,0
558.61,1,0,1365,2,0,0,0.3067,0.1101,NetBanking,0
949.35,8,0,2559,3,0,0,0.6714,0.1399,UPI,0
722.21,23,1,2322,3,1,0,0.8124,0.1808,Ecommerce,0
1949.82,4,1,999,1,0,0,0.4749,0.1118,Card,0
7054.56,16,0,1238,2,0,0,0.5627,0.102,Wallet,0
2016.12,9,0,3265,2,0,0,0.6645,0.0953,NetBanking,0
222.68,12,2,1728,0,0,0,0.9397,0.2549,UPI,0
256.38,20,0,1465,1,0,0,0.6764,0.3531,NetBanking,0
721.32,19,1,3153,3,0,0,0.9647,0.4961,Card,0
827.46,19,0,2005,4,0,0,0.5622,0.3354,UPI,0
179.82,9,1,1979,1,0,0,0.5805,0.0422,UPI,0
2592.32,1,1,1365,3,0,0,0.8339,0.3818,UPI,0
350.5,23,2,2336,3,1,0,0.7767,0.2882,UPI,0
5260.42,23,0,161,3,0,0,0.6015,0.1188,UPI,0
7418.0,20,0,765,3,0,0,0.6437,0.2739,Ecommerce,0
845.0,11,1,2871,1,0,1,0.7193,0.2176,UPI,0
1738.75,6,0,920,2,0,0,0.6821,0.3833,Card,0
300.8,4,1,3444,0,0,1,0.7937,0.2906,UPI,0
2110.88,8,0,3121,2,0,0,0.7722,0.3172,NetBanking,0
649.95,8,0,1340,2,0,0,0.9181,0.3245,UPI,0
350.16,6,1,3212,4,1,1,0.7242,0.1074,UPI,0
809.32,22,1,2504,3,0,0,0.6914,0.0819,UPI,0
672.47,15,1,2825,4,0,1,0.5381,0.4582,Wallet,0
779.45,5,0,1648,0,0,0,0.6446,0.4612,Card,0
2972.52,15,1,433,0,0,0,0.9098,0.5037,Card,0
480.79,16,0,1916,2,0,0,0.8712,0.3286,Wallet,0
6780.28,12,0,2866,3,1,0,0.7676,0.155,UPI,0
272.79,22,0,323,4,1,0,0.9126,0.0604,Card,0
5980.16,23,0,74,1,0,0,0.5613,0.3136,UPI,0
377.16,10,1,2874,3,0,0,0.8193,0.1451,Ecommerce,0
1095.47,11,0,2090,2,0,0,0.7622,0.1841,Card,0
655.43,5,0,1829,1,0,0,0.5414,0.2991,Ecommerce,0
764.4,18,0,2365,4,0,0,0.8255,0.2574,NetBanking,0
2543.83,22,0,2397,2,0,0,0.6918,0.1576,Card,0
5296.59,15,0,1496,5,0,0,0.6588,0.2282,NetBanking,0
3827.82,4,1,2140,1,0,1,0.7138,0.4107,UPI,1
716.87,12,0,1680,1,0,0,0.656,0.1084,Card,0
1330.71,19,1,729,4,0,0,0.9192,0.0809,Card,0
482.42,1,0,2598,2,0,0,0.7216,0.2412,UPI,0
387.17,14,0,1320,1,0,0,0.5335,0.0392,NetBanking,0
329.11,15,0,3132,6,0,0,0.9888,0.0896,UPI,0
692.67,12,0,1394,2,0,0,0.4806,0.13,UPI,0
1425.23,15,0,668,1,0,0,0.7992,0.1487,NetBanking,0
147.32,21,0,2900,2,1,0,0.6982,0.1966,Ecommerce,0
1044.54,2,0,490,0,0,1,0.9058,0.1338,UPI,0
5387.44,13,0,3454,2,0,0,0.549,0.4093,Card,0
3561.75,19,0,2207,2,0,0,0.8415,0.4825,UPI,0
593.21,19,0,1689,0,0,0,0.5378,0.0897,NetBanking,0
252.97,11,0,813,2,0,0,0.2848,0.2257,Wallet,0
1777.25,23,0,711,1,0,1,0.6334,0.3621,Card,0
96.23,7,0,685,0,0,0,0.6337,0.0353,NetBanking,0
3518.05,10,0,2916,3,0,0,0.6779,0.2961,NetBanking,0
876.32,19,1,717,1,0,0,0.5813,0.3145,NetBanking,0
7501.55,10,0,131,2,0,0,0.4033,0.3418,Card,0
178.87,8,0,694,2,0,0,0.8532,0.393,UPI,0
2875.71,13,0,2138,1,0,0,0.698,0.0622,Ecommerce,0
986.8,14,1,1673,1,0,0,0.7976,0.1751,NetBanking,0
774.64,23,1,1309,0,1,1,0.5521,0.2152,NetBanking,0
260.26,14,0,3375,1,0,0,0.5349,0.2922,NetBanking,0
2049.88,4,1,1206,1,0,0,0.8071,0.255,Ecommerce,0
2230.42,1,0,2899,1,0,1,0.5627,0.1526,Card,0
7146.54,23,0,440,3,0,0,0.7297,0.2301,Ecommerce,0
3160.4,10,0,1904,0,0,0,0.8305,0.1289,Ecommerce,0
587.81,4,2,464,7,0,0,0.5637,0.182,UPI,0
382.2,5,0,290,3,0,0,0.5892,0.3547,UPI,0
260.63,2,1,2381,1,0,0,0.6724,0.6571,Card,0
5150.69,4,1,2357,0,0,0,0.7682,0.0843,UPI,0
484.4,18,1,2013,2,0,0,0.8658,0.2067,Card,0
5188.72,15,0,1582,1,0,0,0.9514,0.2357,UPI,0
1903.26,14,2,952,2,0,0,0.8934,0.2655,UPI,0
1550.6,0,0,2725,4,0,0,0.3622,0.1539,Card,0
794.56,16,0,668,2,0,0,0.7495,0.2251,UPI,0
2194.49,23,0,1732,6,1,0,0.3989,0.1279,Card,0
1078.96,22,0,3299,1,0,0,0.4673,0.1249,UPI,0
744.21,9,0,2341,2,0,0,0.6247,0.1285,Card,0
2277.43,14,0,2958,1,0,0,0.8785,0.384,UPI,0
942.78,7,2,705,1,0,0,0.6341,0.13,UPI,0
474.26,21,0,96,2,0,0,0.6475,0.1247,Card,0
2058.68,22,0,2917,1,0,0,0.6619,0.21,UPI,0
1025.38,5,0,1973,1,0,0,0.6571,0.3886,UPI,0
1832.35,11,0,2729,4,0,0,0.8589,0.0856,Card,0
680.92,5,1,2950,4,0,1,0.6746,0.1109,Card,0
308.1,14,0,1313,2,1,0,0.9509,0.3333,Card,0
6780.65,7,1,393,3,0,0,0.556,0.1402,Wallet,0
5563.27,16,0,3373,3,0,0,0.6187,0.1598,Card,0
2773.8,23,0,1071,1,0,0,0.6628,0.2615,Wallet,0
729.82,20,0,567,2,0,0,0.6311,0.1986,Card,0
800.04,4,0,2001,0,0,0,0.8078,0.5723,NetBanking,0
4681.83,3,1,76,1,0,0,0.9048,0.1861,Wallet,0
756.33,19,2,215,2,0,0,0.4041,0.262,UPI,0
564.43,1,3,2672,1,1,0,0.7074,0.2502,UPI,0
7831.01,9,0,315,2,0,0,0.6469,0.3242,UPI,0
1043.09,23,1,2104,3,0,0,0.4403,0.3948,Card,0
7022.3,10,1,1590,1,0,0,0.5334,0.1862,Card,0
252.57,0,1,394,1,0,0,0.9286,0.0562,NetBanking,0
1889.55,23,0,3300,3,0,0,0.5561,0.1218,UPI,0
9649.26,16,0,564,2,1,0,0.85,0.2496,UPI,0
1131.43,7,0,2279,1,0,0,0.7001,0.1218,UPI,0
831.14,14,0,464,1,0,0,0.5623,0.2541,NetBanking,0
321.78,14,0,2068,1,0,0,0.6989,0.1189,Ecommerce,0
3416.8,13,0,589,3,0,0,0.5107,0.1576,Card,0
488.51,23,0,3110,2,1,0,0.8511,0.0127,Card,0
992.72,18,1,1618,3,1,0,0.7834,0.3084,UPI,0
300.0,6,0,38,2,0,0,0.6364,0.1817,UPI,0
5623.67,23,0,185,0,0,0,0.9633,0.0485,NetBanking,0
3687.23,23,1,1903,4,0,0,0.8729,0.0675,Card,0
1060.86,1,0,1821,1,1,0,0.3801,0.1933,NetBanking,0
326.41,7,0,1162,1,0,0,0.8623,0.0308,Card,0
5501.09,14,0,2121,2,0,0,0.7627,0.4231,NetBanking,0
746.78,21,0,2791,2,0,0,0.9295,0.4172,Ecommerce,0
343.62,17,1,2547,5,0,0,0.4566,0.5913,UPI,0
172.39,13,0,2624,3,1,0,0.91,0.4147,UPI,0
556.54,7,1,3311,2,0,0,0.5828,0.1214,Card,0
238.09,2,0,728,3,0,0,0.8792,0.1758,Card,0
570.23,21,0,295,0,0,0,0.7204,0.324,Ecommerce,0
2396.18,12,0,429,4,0,0,0.7959,0.392,UPI,0
739.39,10,0,129,3,0,0,0.8793,0.1176,NetBanking,0
1593.17,23,1,1031,2,0,0,0.1678,0.0374,UPI,0
513.11,3,1,493,3,0,0,0.8449,0.0708,UPI,0
1174.3,6,0,3224,4,0,0,0.5874,0.4241,Ecommerce,0
8241.57,20,0,1185,0,0,1,0.5507,0.0824,Card,0
760.59,6,0,769,3,0,0,0.9452,0.1555,UPI,0
1641.97,22,0,1842,3,0,0,0.7621,0.0294,Ecommerce,0
211.92,20,0,1510,2,0,0,0.8334,0.264,UPI,0
5410.58,2,1,21,4,0,0,0.5446,0.208,UPI,0
664.43,10,0,3359,3,0,0,0.6314,0.3696,Ecommerce,0
3304.57,18,0,2425,1,0,0,0.7045,0.0735,UPI,0
963.58,11,0,2888,1,0,0,0.7779,0.2983,NetBanking,0
2084.24,5,0,3349,2,0,0,0.9382,0.4589,Wallet,0
2218.45,1,0,3100,2,0,0,0.7006,0.4463,Ecommerce,0
681.94,0,2,879,0,0,0,0.629,0.2664,Card,0
3451.28,4,2,2673,2,0,1,0.5261,0.3866,UPI,0
494.26,6,1,37,5,0,0,0.9634,0.0912,Ecommerce,0
2482.03,7,1,1269,1,0,0,0.6587,0.2692,NetBanking,0
727.99,20,1,2638,5,1,0,0.5163,0.2263,UPI,0
1582.93,12,1,2451,3,0,0,0.7416,0.0878,NetBanking,0
675.13,3,1,2696,2,0,1,0.6291,0.0518,NetBanking,0
1155.72,1,1,2651,0,0,0,0.7695,0.2007,Card,0
354.81,3,0,158,0,0,0,0.4461,0.2863,Card,0
1422.16,7,0,2044,2,0,0,0.569,0.2405,Ecommerce,0
1148.71,17,2,2163,0,0,1,0.7038,0.3704,Ecommerce,0
621.94,1,0,549,3,1,0,0.8242,0.0784,NetBanking,0
1035.07,9,0,855,4,0,0,0.8208,0.266,UPI,0
1262.32,10,0,1709,0,0,0,0.5278,0.2597,NetBanking,0
574.11,3,0,2217,3,1,0,0.5804,0.3606,UPI,0
957.96,1,1,2976,2,0,0,0.829,0.1744,UPI,0
381.52,5,0,2544,2,0,0,0.4518,0.2216,Ecommerce,0
12874.7,3,0,3414,4,0,0,0.8069,0.3702,UPI,1
3334.49,19,1,785,4,0,0,0.8646,0.1474,Card,0
1460.81,22,0,1377,2,0,0,0.7428,0.208,UPI,0
3754.53,14,0,917,3,0,0,0.611,0.2455,Ecommerce,0
137.25,18,0,3118,2,0,0,0.7002,0.2242,NetBanking,0
74.77,18,0,2143,0,0,1,0.7951,0.1231,Ecommerce,0
721.08,21,1,1781,0,0,0,0.8476,0.3305,UPI,0
257.88,2,0,2040,1,0,1,0.7234,0.058,NetBanking,0
855.4,23,0,1148,4,0,0,0.9112,0.2297,NetBanking,0
1360.95,10,0,3102,3,0,1,0.9141,0.2172,NetBanking,0
2882.56,13,0,2154,1,0,0,0.9209,0.2207,Card,0
331.9,19,0,1789,1,0,0,0.7769,0.2567,UPI,0
1668.39,11,0,2468,3,0,1,0.8478,0.2219,Wallet,0
1113.33,6,0,2800,2,0,0,0.7566,0.1373,UPI,0
1579.53,0,1,1387,0,0,0,0.683,0.1907,Card,0
635.39,4,0,2563,1,0,0,0.7626,0.1931,Card,0
4685.8,2,0,2795,0,0,0,0.7559,0.2358,Card,0
983.7,9,1,2332,3,1,0,0.7525,0.1287,UPI,0
7064.88,18,2,414,3,0,0,0.649,0.0857,Card,0
478.23,8,0,676,1,0,0,0.8406,0.2276,UPI,0
2392.2,14,1,115,6,0,0,0.4127,0.042,UPI,0
1030.04,4,0,972,2,1,0,0.8023,0.416,Card,0
777.33,14,0,581,1,0,1,0.7532,0.0149,Card,0
2130.11,22,0,1986,2,0,0,0.8847,0.2802,Card,0
801.01,7,1,3183,0,0,0,0.834,0.4943,Card,0
67.02,11,0,237,3,0,0,0.9463,0.5956,Card,0
43.99,23,0,1000,0,1,0,0.3873,0.073,Card,0
4171.55,14,0,164,5,0,0,0.8091,0.4593,UPI,0
3990.9,9,0,299,1,0,0,0.716,0.192,Card,0
7956.21,2,1,181,1,0,0,0.8004,0.273,UPI,0
1076.63,22,0,2126,0,1,0,0.8044,0.2539,Ecommerce,0
282.23,14,1,3225,4,0,0,0.8291,0.278,Card,0
705.87,1,0,2538,2,1,0,0.7996,0.2799,NetBanking,0
1109.87,13,0,2413,1,0,0,0.4988,0.3066,Ecommerce,0
380.93,23,0,554,3,0,0,0.763,0.2582,Ecommerce,0
6191.94,22,0,2929,0,1,1,0.7855,0.3047,Ecommerce,0
11515.83,4,0,2030,5,0,0,0.7993,0.0618,Ecommerce,0
1812.01,9,1,3372,0,0,0,0.8397,0.1658,Ecommerce,0
1084.2,23,0,1371,3,0,0,0.9291,0.0937,Card,0
281.54,18,1,2455,2,0,0,0.7988,0.2339,Ecommerce,0
5562.24,13,0,1685,1,0,0,0.6149,0.034,Card,0
1188.11,7,1,1807,3,1,0,0.6971,0.0857,UPI,0
809.47,18,0,377,2,0,0,0.6218,0.0895,NetBanking,0
1817.53,13,0,1680,0,0,0,0.7033,0.4242,UPI,0
592.89,12,0,590,2,1,1,0.681,0.3422,NetBanking,0
1279.49,22,0,2612,3,0,1,0.7294,0.1002,Card,0
241.15,9,0,2482,1,0,0,0.9543,0.4351,UPI,0
3433.86,15,0,3038,0,1,0,0.5042,0.1497,Wallet,0
982.76,1,2,1617,3,0,0,0.6057,0.3319,UPI,0
3702.42,17,0,2904,3,0,0,0.311,0.2518,NetBanking,0
887.85,13,1,3116,1,0,0,0.5077,0.0904,NetBanking,0
950.5,21,0,1728,2,0,0,0.6186,0.3141,UPI,0
307.07,7,0,3314,3,0,0,0.5017,0.3009,UPI,0
2435.1,22,0,2708,1,0,0,0.485,0.1968,Card,0
437.19,13,0,1020,0,0,0,0.6353,0.0755,UPI,0
658.03,4,0,1671,1,0,0,0.9119,0.1535,UPI,0
1097.84,3,0,359,5,0,0,0.7046,0.321,Card,0
1245.49,4,0,1349,0,0,0,0.6451,0.2457,Wallet,0
182.84,7,1,1266,1,0,0,0.6535,0.3578,UPI,0
860.62,13,0,1046,2,0,0,0.7032,0.5228,UPI,0
2527.51,20,0,1248,3,0,0,0.9358,0.1466,NetBanking,0
737.12,23,0,197,1,0,0,0.5546,0.1407,Card,0
866.13,16,1,1590,3,0,0,0.5195,0.175,NetBanking,0
1300.53,11,0,709,1,0,1,0.9393,0.1556,Wallet,0
960.78,14,1,807,2,0,0,0.5238,0.4648,UPI,0
371.65,7,0,2556,0,0,0,0.6045,0.2333,Ecommerce,0
1055.57,5,0,3109,1,0,0,0.8192,0.1522,UPI,0
3114.35,12,0,606,2,0,0,0.6847,0.3343,UPI,0
363.68,19,0,1967,2,0,0,0.7385,0.2467,UPI,0
740.11,1,0,3154,2,0,0,0.3652,0.4528,Card,0
257.05,2,0,2130,1,0,0,0.7596,0.3778,NetBanking,0
2946.73,4,0,281,2,1,0,0.848,0.0358,Ecommerce,0
995.28,5,0,2713,1,0,0,0.522,0.1884,Wallet,0
449.12,3,0,185,6,0,0,0.5787,0.4401,Wallet,0
1208.19,3,0,2162,2,0,0,0.9593,0.1989,UPI,0
309.89,0,0,1687,6,0,0,0.4957,0.2964,UPI,0
370.49,8,0,1850,2,0,0,0.8801,0.2193,UPI,0
236.72,17,0,784,1,1,0,0.5572,0.4562,Card,0
357.77,3,0,3103,2,0,0,0.8083,0.2539,UPI,0
4560.58,7,1,366,3,1,1,0.8288,0.0952,Card,0
507.87,23,0,3281,2,0,0,0.5907,0.3053,UPI,0
1789.22,4,1,216,2,0,0,0.9288,0.1088,UPI,0
455.72,23,0,1067,2,0,0,0.9396,0.018,Card,0
2434.53,12,0,1848,1,0,0,0.8294,0.305,Ecommerce,0
373.39,17,0,1810,1,0,1,0.8711,0.3462,UPI,0
1142.75,7,1,913,2,0,0,0.7616,0.1043,Card,0
1159.21,7,0,1013,2,0,0,0.779,0.3932,Ecommerce,0
12634.62,9,1,1948,1,1,0,0.9361,0.1294,Wallet,0
2125.89,3,0,82,1,0,0,0.5712,0.3333,Ecommerce,0
588.43,7,0,525,3,0,1,0.5404,0.0866,UPI,0
2251.39,21,1,1388,3,0,0,0.4021,0.2206,Wallet,0
10353.53,0,1,92,1,0,0,0.6389,0.2066,Wallet,0
198.12,13,3,309,4,0,0,0.9209,0.4124,Wallet,0
452.77,16,0,102,2,0,0,0.9416,0.0319,Card,0
855.13,3,1,2862,3,0,0,0.6351,0.3458,UPI,0
707.73,2,1,400,4,0,1,0.8637,0.0431,Card,0
773.25,13,0,650,4,0,0,0.4058,0.0927,Card,0
278.82,5,0,2787,0,0,0,0.845,0.3691,Card,0
4789.37,23,0,1518,2,0,0,0.7937,0.327,UPI,0
246.23,4,0,1573,5,0,0,0.7353,0.0475,UPI,0
888.71,3,0,2300,0,0,0,0.621,0.054,NetBanking,0
3288.29,7,0,2186,1,0,1,0.7243,0.212,UPI,0
1062.42,7,1,1450,2,0,0,0.5508,0.1635,UPI,0
392.15,3,0,3063,3,0,1,0.3337,0.177,UPI,0
266.1,15,0,802,1,0,0,0.8188,0.1479,UPI,0
861.35,8,0,749,1,0,0,0.955,0.3851,Card,0
495.28,12,0,1804,2,0,0,0.5035,0.0957,NetBanking,0
1360.34,5,1,3050,3,0,0,0.8128,0.328,UPI,0
251.76,2,0,3139,2,0,0,0.4402,0.3136,Ecommerce,0
2575.21,1,1,2611,3,1,0,0.4824,0.1885,UPI,0
1238.09,1,0,19,0,0,0,0.969,0.1316,Ecommerce,0
1338.53,20,0,2553,1,0,0,0.8184,0.1893,UPI,0
4979.73,6,1,579,4,0,0,0.8262,0.2271,NetBanking,0
692.5,7,1,3048,4,0,0,0.771,0.1169,Card,0
511.78,13,1,403,3,0,0,0.6684,0.3002,Ecommerce,0
616.99,2,1,446,3,0,0,0.3527,0.4023,UPI,0
895.92,14,0,1807,1,0,1,0.8101,0.0273,Card,0
996.74,12,1,1894,2,0,0,0.6696,0.1762,Ecommerce,0
458.41,18,1,1192,0,0,0,0.8702,0.113,UPI,0
131.07,2,1,1695,0,0,0,0.84,0.341,UPI,0
608.52,0,0,2503,3,0,0,0.8339,0.1262,Ecommerce,0
1600.09,18,0,2326,4,0,1,0.6411,0.1658,Card,0
1265.31,8,0,2494,1,0,0,0.6504,0.3056,Wallet,0
3864.29,1,0,838,2,1,0,0.5744,0.41,Card,0
8546.36,13,2,1960,0,0,0,0.9604,0.0337,Card,0
2434.02,11,1,451,4,0,1,0.8253,0.4501,Card,0
4682.78,22,0,854,3,1,0,0.6675,0.3521,Card,0
2453.11,22,0,3407,4,0,0,0.7433,0.1455,NetBanking,0
6603.76,12,2,156,1,0,0,0.745,0.2127,UPI,0
7657.16,3,0,1633,4,0,0,0.8255,0.2904,Card,0
2977.16,17,0,1728,1,0,0,0.7209,0.2183,UPI,0
2302.38,4,0,817,2,0,0,0.9754,0.0465,Card,0
884.04,20,0,182,2,0,0,0.9266,0.3538,UPI,0
1050.05,14,2,456,1,0,0,0.6868,0.2794,UPI,0
769.14,8,1,2559,2,0,1,0.695,0.0555,Card,0
2105.51,23,0,2080,3,0,0,0.591,0.3734,UPI,0
514.73,12,1,1954,4,0,0,0.4642,0.1035,Wallet,0
897.25,9,0,523,2,0,0,0.8435,0.1075,Card,0
92.49,4,0,1908,3,0,0,0.6951,0.2248,UPI,0
6695.86,15,1,646,0,0,0,0.865,0.4577,UPI,0
870.01,6,0,1097,4,1,0,0.849,0.2102,Card,0
1769.34,3,0,3332,5,0,1,0.4307,0.3723,UPI,0
5067.87,2,0,1569,0,0,0,0.7071,0.282,Card,0
1503.13,15,0,108,2,0,0,0.8954,0.4917,Card,0
4996.84,22,0,2082,2,1,0,0.89,0.6518,Card,0
297.73,6,1,659,2,0,0,0.6404,0.1277,Wallet,0
13592.12,5,0,24,2,0,0,0.5613,0.066,NetBanking,0
3433.95,14,1,2351,1,0,0,0.7072,0.4284,Card,0
1366.03,3,0,2219,1,0,0,0.7232,0.2323,Wallet,0
4896.78,2,0,764,1,0,0,0.8715,0.2208,UPI,0
321.48,15,0,2595,1,0,0,0.8997,0.3886,Wallet,0
809.94,12,0,642,6,0,0,0.5812,0.3949,Ecommerce,0
4996.35,0,1,1759,4,0,0,0.5531,0.1777,Wallet,0
154.41,5,0,1950,1,1,0,0.9303,0.1811,Ecommerce,0
1975.31,4,0,400,2,0,0,0.5966,0.3891,UPI,0
1917.51,16,0,2437,0,0,0,0.8646,0.2715,UPI,0
8670.55,15,0,1766,2,0,0,0.6534,0.382,Wallet,0
208.07,17,1,1511,2,0,0,0.6439,0.2394,Wallet,0
5943.85,2,0,2582,2,0,1,0.823,0.1548,UPI,0
609.45,20,1,2736,1,0,0,0.7208,0.3202,Card,0
685.84,5,0,1730,2,1,0,0.811,0.2004,Card,0
303.96,23,0,2854,4,0,1,0.6313,0.1279,UPI,0
349.94,20,0,191,3,0,0,0.5759,0.1077,Ecommerce,0
1675.22,11,0,2183,2,1,0,0.8313,0.2294,Ecommerce,0
341.06,18,0,979,2,0,0,0.7087,0.2587,Wallet,0
2385.82,16,1,2025,2,0,0,0.9097,0.4171,Card,0
546.69,18,0,2189,3,0,0,0.8814,0.4972,UPI,0
306.84,0,0,2858,3,0,0,0.6063,0.3199,Ecommerce,0
630.05,2,1,1955,6,0,0,0.596,0.1397,UPI,0
1561.72,21,0,59,2,0,1,0.8999,0.2982,Card,0
819.57,18,0,3423,6,0,0,0.7359,0.2144,UPI,0
1136.74,14,0,1790,2,0,0,0.3945,0.2061,Card,0
2277.92,7,1,434,5,0,1,0.855,0.0927,NetBanking,0
3417.08,10,1,456,4,0,0,0.76,0.1242,UPI,0
791.87,9,0,117,1,0,0,0.5608,0.304,UPI,0
366.34,10,0,780,4,0,0,0.6139,0.0365,UPI,0
1187.85,15,1,940,2,0,0,0.8827,0.0834,Card,0
1797.55,18,0,3321,2,0,0,0.7286,0.4462,UPI,0
236.57,9,1,2846,0,0,0,0.7785,0.4118,UPI,0
430.46,20,0,19,2,0,0,0.774,0.1256,UPI,0
515.35,2,0,1184,2,0,0,0.7091,0.2183,UPI,0
881.64,19,1,1079,5,0,0,0.8251,0.0997,Card,0
493.2,16,0,1578,4,1,0,0.9375,0.3139,Ecommerce,0
2303.98,12,1,546,0,0,0,0.6041,0.167,Card,0
203.29,9,0,943,2,0,0,0.9773,0.0895,Ecommerce,0
208.78,8,0,1999,1,0,1,0.7006,0.0397,NetBanking,0
772.33,8,0,1821,2,0,0,0.9058,0.1864,NetBanking,0
911.93,22,0,2955,1,0,0,0.4049,0.0434,Ecommerce,0
238.08,0,0,3238,3,0,0,0.2917,0.6613,UPI,0
579.93,15,0,1372,2,0,0,0.5334,0.3392,Wallet,0
719.75,23,1,2854,2,0,1,0.7146,0.442,Card,0
725.63,13,0,2931,1,0,0,0.7349,0.1819,UPI,0
1286.24,15,0,1215,3,1,0,0.4746,0.351,UPI,0
547.49,14,1,1544,0,0,0,0.4035,0.2336,UPI,0
5175.69,12,2,2198,1,0,0,0.8483,0.3684,Card,0
1831.0,15,1,3182,3,0,1,0.616,0.3917,UPI,0
469.91,21,0,2711,2,0,0,0.6702,0.5013,Card,0
1211.04,17,0,2965,3,0,0,0.7874,0.3574,NetBanking,0
1249.15,20,0,2778,4,0,0,0.7824,0.1698,Card,0
3926.32,13,0,631,1,0,0,0.8702,0.4053,UPI,0
583.82,18,0,754,3,0,1,0.6361,0.1163,Ecommerce,0
2454.57,21,0,3098,1,0,0,0.8801,0.369,Card,0
1145.9,5,1,1573,2,0,0,0.7884,0.2263,Card,0
5250.85,20,0,679,0,0,0,0.8185,0.1667,UPI,0
4253.24,16,1,1049,3,0,0,0.9078,0.074,Card,0
1348.61,10,0,1719,3,0,0,0.9358,0.3016,UPI,0
832.64,18,0,1948,2,0,0,0.7341,0.3562,Card,0
1866.72,4,0,691,4,0,0,0.4169,0.1247,UPI,0
907.35,16,1,886,3,0,0,0.6962,0.2818,NetBanking,0
6401.72,13,1,1356,1,0,0,0.6613,0.4608,Card,0
1190.82,21,1,753,5,1,0,0.457,0.1198,Card,0
716.28,14,0,3449,1,0,0,0.7659,0.1119,Card,0
676.82,12,0,77,1,0,0,0.6861,0.5809,Wallet,0
306.84,12,0,2679,1,1,0,0.8653,0.029,UPI,0
1967.24,13,2,1030,2,0,0,0.5467,0.4891,NetBanking,0
463.58,21,1,1942,0,0,1,0.7998,0.1772,UPI,0
3473.98,18,1,1082,2,0,0,0.6181,0.0977,Ecommerce,0
282.14,2,0,3274,2,0,0,0.693,0.6021,NetBanking,0
1253.39,12,0,3404,5,0,0,0.5178,0.1789,UPI,0
3669.22,6,0,1263,2,0,0,0.5831,0.1892,Card,0
114.45,3,1,106,3,0,0,0.8477,0.2133,UPI,0
9128.7,20,0,612,2,0,0,0.7687,0.134,Ecommerce,0
701.66,20,1,2508,1,0,0,0.5035,0.1715,Card,0
1271.75,22,0,2902,3,0,1,0.5734,0.5746,NetBanking,0
1998.24,9,0,147,3,0,0,0.7811,0.5625,Card,0
2350.62,10,0,49,2,0,1,0.7054,0.155,NetBanking,0
1462.03,18,1,1723,1,1,0,0.6725,0.3493,UPI,1
3125.2,4,0,2817,0,0,0,0.735,0.1023,Wallet,0
1891.31,1,0,2685,2,0,0,0.2917,0.1558,Card,0
6966.9,10,0,83,2,0,0,0.9809,0.6101,UPI,0
1897.79,15,0,3459,3,0,0,0.8652,0.3038,UPI,0
8628.86,10,0,1000,3,0,0,0.7278,0.413,UPI,0
2824.63,5,1,807,2,0,0,0.2532,0.4877,UPI,0
164.67,12,1,1248,2,0,1,0.5204,0.2562,Ecommerce,0
17011.72,22,1,2648,1,0,0,0.8718,0.2273,UPI,0
600.01,6,1,1119,0,0,0,0.6845,0.547,UPI,0
5272.82,9,0,2266,2,0,0,0.842,0.3257,Wallet,0
1127.92,7,0,857,0,0,0,0.6554,0.081,UPI,0
3341.4,7,2,418,6,0,1,0.6268,0.2937,Card,0
532.24,15,0,384,0,0,0,0.7746,0.0688,UPI,0
2115.47,8,0,1540,3,0,1,0.8263,0.0676,Card,0
840.63,14,0,18,1,0,1,0.4539,0.159,Card,0
5755.74,0,0,1959,4,0,0,0.787,0.1969,UPI,0
1738.19,15,0,2713,1,0,0,0.6551,0.274,Card,0
2929.95,2,1,1973,1,0,0,0.7085,0.2648,Ecommerce,0
113.04,9,0,1603,0,0,1,0.4661,0.2252,UPI,0
1002.4,20,0,601,1,0,0,0.5995,0.1081,Card,0
1687.63,8,0,572,1,0,0,0.8114,0.2924,Card,0
1386.86,16,0,412,1,0,0,0.5282,0.1594,Ecommerce,0
3008.55,8,0,294,4,0,0,0.7218,0.4967,Card,0
746.8,21,0,1973,0,0,0,0.5439,0.1558,Card,0
1154.27,22,0,979,1,0,0,0.8827,0.542,Card,0
3790.63,21,0,2319,4,0,0,0.7738,0.4415,Wallet,0
100.22,9,1,1244,1,0,0,0.8245,0.5708,Wallet,0
2036.15,7,2,1132,4,0,0,0.8871,0.1624,UPI,0
772.34,14,0,1618,4,0,0,0.8058,0.0595,UPI,0
420.76,19,1,1274,0,0,1,0.9058,0.2415,Ecommerce,0
1561.45,12,0,359,1,0,0,0.7971,0.3375,UPI,0
3979.15,17,2,96,1,0,0,0.5901,0.2889,UPI,0
3265.28,21,1,3429,2,0,0,0.5232,0.1194,Card,0
951.59,18,0,382,2,0,0,0.4184,0.2065,Card,0
2750.47,8,1,945,2,0,0,0.5739,0.2168,NetBanking,0
2728.4,5,0,1424,5,0,0,0.7994,0.0159,NetBanking,0
1000.51,10,0,1548,1,0,0,0.6109,0.1629,Card,0
529.68,13,1,2625,3,0,1,0.6875,0.4393,UPI,0
562.84,20,1,2483,2,0,0,0.5172,0.0892,UPI,0
2643.2,7,0,2124,2,0,0,0.8009,0.3596,Card,0
1049.16,3,0,1090,4,0,0,0.5823,0.2119,Card,0
365.59,7,1,3335,5,0,0,0.4203,0.1055,UPI,0
186.96,14,1,295,4,0,0,0.9101,0.216,Card,0
2626.54,5,0,1091,2,0,0,0.5852,0.3033,UPI,0
617.63,9,0,1322,3,0,0,0.8046,0.3857,Card,0
1551.39,6,1,1228,1,0,0,0.7186,0.1577,Card,0
4030.69,23,1,1938,3,0,0,0.6372,0.1185,UPI,0
277.45,12,0,185,2,0,0,0.8787,0.3291,UPI,0
1045.87,17,0,2947,5,0,0,0.9296,0.1154,UPI,0
916.69,12,0,566,1,0,0,0.8053,0.1191,Ecommerce,0
1633.91,0,0,1292,3,0,0,0.7124,0.2459,UPI,0
4028.37,6,0,2036,1,1,0,0.7578,0.3503,Card,0
271.53,20,0,3114,1,0,1,0.5749,0.1182,Card,0
1994.78,12,0,1954,2,0,0,0.4337,0.4185,UPI,0
3239.26,16,0,1914,3,0,0,0.3386,0.0461,NetBanking,0
901.72,18,0,869,4,0,0,0.8506,0.0527,NetBanking,0
949.26,13,0,2513,1,0,0,0.7203,0.2876,Ecommerce,0
1701.68,13,0,1963,1,1,0,0.948,0.035,Wallet,0
1575.07,5,0,112,2,0,0,0.9179,0.379,UPI,0
2021.25,5,0,1472,0,0,1,0.8905,0.0758,UPI,0
1977.02,3,0,3135,1,0,0,0.6884,0.1424,Card,0
391.09,7,0,3004,2,0,0,0.7474,0.2358,Card,0
3101.93,15,0,752,6,0,0,0.8278,0.3872,Ecommerce,0
3733.58,22,0,2593,2,0,0,0.2879,0.2177,UPI,0
1333.27,10,1,1145,3,0,0,0.7398,0.1524,Ecommerce,0
228.41,14,0,2666,1,0,0,0.7937,0.1604,UPI,0
972.16,20,0,1836,2,0,0,0.7554,0.3553,Card,0
1344.97,16,0,1127,5,0,0,0.6827,0.2255,UPI,0
329.7,6,0,3359,1,0,0,0.8279,0.1208,NetBanking,0
751.34,6,1,851,1,0,0,0.7716,0.5245,UPI,0
249.68,15,0,1214,2,0,0,0.7013,0.3245,UPI,0
2074.88,6,2,3266,3,0,0,0.6712,0.3214,Card,0
1305.38,5,1,777,1,0,0,0.9249,0.2866,UPI,0
194.79,14,1,697,0,0,0,0.8081,0.2448,NetBanking,0
1586.11,15,1,3362,2,0,1,0.8321,0.3061,Card,0
1033.46,6,0,1695,3,0,0,0.8499,0.2315,Ecommerce,0
1886.04,1,0,2830,1,0,0,0.7591,0.1491,UPI,0
726.97,18,0,317,0,0,1,0.8669,0.3207,Ecommerce,0
472.69,9,0,2324,2,0,0,0.929,0.354,Ecommerce,0
488.15,15,0,369,1,0,0,0.6015,0.5561,UPI,0
623.23,4,0,1437,3,0,0,0.8729,0.076,NetBanking,0
1118.53,7,1,716,3,0,0,0.7366,0.2178,Ecommerce,0
1280.95,14,0,1475,0,0,1,0.766,0.4811,Ecommerce,0
897.62,2,1,1375,3,0,0,0.8283,0.6108,UPI,0
703.11,7,1,3327,0,0,0,0.9659,0.4778,UPI,0
758.26,17,0,2320,3,0,0,0.7618,0.0278,Card,0
15261.84,18,0,247,2,0,0,0.5282,0.1481,UPI,0
488.21,8,0,1708,2,0,1,0.8953,0.0471,NetBanking,0
610.41,2,0,2652,1,0,0,0.4615,0.0474,Card,0
34840.88,0,0,1727,1,0,0,0.8485,0.5338,UPI,0
1706.27,13,0,2106,2,0,0,0.9047,0.3196,UPI,0
257.5,16,0,1798,1,1,0,0.8078,0.1647,UPI,0
2656.65,14,0,3389,2,0,0,0.5801,0.2467,UPI,0
421.77,9,0,2301,0,0,0,0.9288,0.2643,UPI,0
2848.41,0,1,1957,1,0,0,0.9061,0.2766,Card,0
878.74,5,0,3298,5,0,0,0.6701,0.3063,Wallet,0
691.05,0,2,986,1,0,0,0.7527,0.5194,Card,0
5940.94,11,0,2642,3,0,0,0.821,0.1756,Ecommerce,0
1987.68,7,0,2731,2,0,0,0.481,0.1851,UPI,0
3046.17,1,1,1299,3,0,0,0.5985,0.1427,UPI,0
1731.37,14,0,3449,3,0,0,0.619,0.0637,UPI,0
687.69,8,1,1038,1,0,0,0.5005,0.3559,Wallet,0
2083.75,23,0,3176,3,1,0,0.7883,0.2157,Card,0
3903.68,10,0,72,2,0,1,0.5778,0.1071,NetBanking,0
1263.29,2,1,1036,1,0,0,0.8275,0.3176,UPI,0
7271.55,16,0,1073,0,0,0,0.6579,0.0831,NetBanking,0
2678.5,16,0,1216,0,0,0,0.9652,0.1911,UPI,0
1370.02,22,0,1531,3,0,0,0.8237,0.4652,UPI,0
1428.04,16,1,2643,3,0,0,0.3877,0.2448,Ecommerce,0
1266.61,8,0,1509,1,0,0,0.4956,0.1866,Wallet,0
294.77,16,1,2096,1,0,0,0.8101,0.153,UPI,0
997.67,19,0,406,3,0,0,0.7008,0.2502,Card,0
1383.33,12,2,47,2,0,0,0.812,0.5197,UPI,0
708.47,19,0,1384,2,0,0,0.5861,0.1745,UPI,0
1563.31,23,0,502,1,0,0,0.7156,0.3036,Ecommerce,0
1121.44,18,0,388,0,0,0,0.804,0.4054,UPI,0
2471.0,12,0,305,4,0,0,0.6562,0.2425,UPI,0
2200.12,11,0,959,3,0,0,0.8021,0.2217,Card,0
1307.03,20,0,631,0,1,1,0.9075,0.3068,NetBanking,0
260.98,20,0,512,3,0,0,0.6431,0.3936,NetBanking,0
7188.65,6,3,1072,0,0,0,0.7958,0.1968,UPI,0
944.84,0,0,896,1,0,0,0.7335,0.3507,UPI,0
1007.34,19,0,3385,1,0,0,0.6786,0.3117,NetBanking,0
765.37,5,0,2239,3,0,0,0.769,0.0269,Card,0
656.66,23,1,2369,1,0,0,0.502,0.1417,NetBanking,0
5548.38,0,0,2404,4,1,0,0.9167,0.1255,UPI,0
4700.14,21,0,198,3,0,0,0.7964,0.0669,UPI,0
1748.67,16,0,1731,3,0,1,0.4704,0.0453,Ecommerce,0
979.58,7,1,2128,2,1,0,0.9039,0.3943,Card,0
2100.8,0,0,3286,1,1,0,0.8292,0.0902,Card,0
1184.99,20,0,1532,1,0,0,0.4117,0.1194,Card,0
898.09,2,0,963,3,0,0,0.787,0.125,NetBanking,0
1564.01,2,0,2640,1,0,0,0.4794,0.4323,Card,0
690.06,18,0,652,0,0,1,0.7499,0.1053,NetBanking,0
1429.21,16,2,3094,2,0,0,0.7281,0.4115,Ecommerce,0
1358.9,3,1,1252,1,0,0,0.6596,0.1974,Card,0
2065.41,8,0,234,2,0,0,0.7021,0.4468,Ecommerce,0
572.44,15,0,1237,2,0,0,0.6143,0.2174,Ecommerce,0
2311.48,15,1,3429,1,0,0,0.9543,0.4074,Wallet,0
423.42,8,0,1518,4,0,0,0.5747,0.5724,NetBanking,0
601.13,9,0,209,2,1,0,0.9483,0.1426,NetBanking,0
629.31,1,1,1308,1,0,0,0.6541,0.4172,UPI,0
355.79,0,0,2565,4,1,0,0.5641,0.3964,Card,0
3185.76,23,0,196,2,1,0,0.8403,0.0776,UPI,0
396.43,5,0,3161,2,0,0,0.7587,0.2434,Ecommerce,0
526.44,22,0,2637,4,0,0,0.752,0.1267,Ecommerce,0
4097.69,1,0,2632,1,0,0,0.6798,0.3211,Card,0
602.38,23,1,2636,3,1,1,0.4927,0.0494,UPI,0
900.05,10,0,533,2,0,1,0.8925,0.1371,Wallet,0
378.94,19,0,2807,2,0,0,0.8445,0.1778,UPI,0
2629.63,20,0,733,0,1,0,0.637,0.2889,Card,0
2667.97,8,0,543,3,0,0,0.8064,0.0658,NetBanking,0
2382.47,17,0,150,3,1,0,0.8167,0.2099,NetBanking,0
1928.32,8,0,507,1,0,0,0.8393,0.1982,Card,0
1184.73,18,1,464,4,1,0,0.7934,0.0947,Card,0
632.33,23,0,3095,1,1,0,0.7712,0.2042,Ecommerce,0
466.05,19,1,220,2,0,0,0.8249,0.3858,UPI,0
4248.84,17,0,2267,3,0,0,0.7989,0.706,NetBanking,0
2448.04,8,1,194,3,1,0,0.8791,0.4738,NetBanking,0
529.55,2,0,3364,1,0,0,0.9317,0.1526,UPI,0
1143.47,12,0,1970,5,0,0,0.8013,0.2618,UPI,0
800.21,3,1,1804,7,0,1,0.5487,0.097,Card,0
335.42,12,1,274,2,0,0,0.516,0.1505,UPI,0
1321.51,20,0,3039,2,1,0,0.7982,0.554,Wallet,0
708.91,2,2,1491,2,0,0,0.7391,0.2624,NetBanking,0
403.36,21,0,496,2,0,0,0.7005,0.5561,Card,0
232.04,14,1,2485,2,0,1,0.6355,0.1565,Ecommerce,0
212.3,1,0,3304,0,0,0,0.845,0.2259,UPI,0
742.48,17,0,59,2,1,0,0.1489,0.0974,Card,0
1002.9,0,1,712,1,0,0,0.8778,0.1326,UPI,0
437.44,14,0,2238,5,0,1,0.9138,0.3313,Card,0
2171.72,12,0,224,2,0,0,0.8261,0.0224,Card,0
1023.7,17,0,2651,1,0,0,0.6768,0.0217,Card,0
2009.68,9,0,2138,3,0,1,0.4429,0.2204,UPI,0
905.01,2,0,1881,1,0,0,0.9456,0.441,Ecommerce,0
479.88,9,0,1152,3,1,0,0.585,0.5962,NetBanking,0
1236.23,18,0,1668,0,0,1,0.6995,0.3634,NetBanking,0
291.25,22,0,295,2,0,0,0.6403,0.1049,NetBanking,0
1932.19,4,1,2559,1,1,0,0.7971,0.2735,NetBanking,0
409.93,8,0,2152,2,0,0,0.8037,0.2879,NetBanking,0
2875.97,21,0,1857,2,0,1,0.9311,0.0155,UPI,0
768.64,7,0,2743,4,0,0,0.6541,0.0998,Wallet,0
3346.47,5,1,1785,3,0,0,0.6076,0.4267,UPI,0
337.39,19,1,1415,0,1,0,0.8219,0.336,Card,0
538.26,11,1,2807,3,0,0,0.6047,0.3874,Card,0
1635.95,13,0,3272,2,1,0,0.7757,0.245,Card,0
3748.17,11,0,2932,3,0,0,0.7482,0.4877,Ecommerce,0
6310.31,14,0,1792,4,0,0,0.8705,0.2554,NetBanking,0
1145.31,6,0,1293,0,0,1,0.767,0.1661,UPI,0
7552.49,17,0,463,1,0,0,0.6977,0.1042,NetBanking,0
809.04,8,1,1458,0,0,0,0.9053,0.2519,UPI,0
3476.24,12,0,2911,3,0,0,0.8115,0.3368,Ecommerce,0
407.77,4,0,2804,2,0,0,0.8896,0.1196,Card,0
1704.81,0,0,455,1,0,0,0.6374,0.64,Wallet,0
93.81,13,1,1910,3,0,0,0.9395,0.429,Card,0
337.76,3,0,2344,1,0,1,0.7087,0.292,Wallet,0
1790.07,21,0,2406,0,0,0,0.8308,0.2417,UPI,0
276.42,23,0,3064,1,0,0,0.3664,0.1289,Ecommerce,0
1716.94,7,0,269,1,0,1,0.5455,0.4129,UPI,0
2840.63,6,0,1630,2,0,0,0.9592,0.1888,Card,0
647.82,12,2,340,1,0,0,0.6012,0.2032,NetBanking,0
396.47,4,0,2539,3,0,0,0.9016,0.0572,UPI,0
666.54,20,1,1864,0,0,0,0.9647,0.1461,NetBanking,0
397.78,2,0,1517,1,0,0,0.7683,0.1378,UPI,0
986.07,10,0,2868,3,0,0,0.6094,0.2,UPI,0
1220.72,4,0,2962,3,0,0,0.8654,0.2019,Ecommerce,0
795.28,19,0,1112,1,1,0,0.4883,0.2201,NetBanking,0
6361.87,3,0,2856,3,0,0,0.487,0.4503,Card,0
515.24,10,0,3362,4,1,0,0.6516,0.2241,UPI,0
4726.81,20,0,188,3,0,1,0.5316,0.4076,Ecommerce,0
367.49,10,0,2662,4,1,0,0.9513,0.1312,Ecommerce,0
1183.72,4,0,410,4,0,0,0.6062,0.2794,UPI,0
3798.12,3,2,2737,2,0,0,0.6621,0.1403,NetBanking,0
3597.25,14,1,2381,3,0,0,0.6344,0.1305,UPI,0
705.37,2,0,2920,3,1,0,0.9077,0.3196,Wallet,0
1964.17,8,0,2012,1,0,0,0.8364,0.1437,UPI,0
1706.57,14,0,895,3,0,0,0.7249,0.5238,UPI,0
622.08,9,1,2436,0,0,0,0.7217,0.32,Ecommerce,0
2093.82,19,1,1160,1,0,0,0.5792,0.068,NetBanking,0
7751.31,16,0,115,2,0,0,0.7474,0.2066,UPI,0
1799.54,3,1,420,2,0,0,0.7055,0.342,Card,0
1987.58,19,1,3047,1,0,0,0.5585,0.312,Card,0
2221.11,21,1,1335,2,0,0,0.4947,0.134,UPI,0
236.51,4,0,509,2,0,0,0.838,0.2735,UPI,0
1777.98,8,0,132,2,0,0,0.7313,0.3896,UPI,0
377.06,9,1,150,2,0,1,0.7389,0.2073,Ecommerce,0
590.29,10,0,2631,1,0,0,0.9626,0.2537,NetBanking,0
10615.16,11,0,462,2,1,0,0.659,0.111,Ecommerce,0
840.57,21,0,2810,0,0,0,0.8747,0.3447,UPI,0
504.12,15,0,1960,2,1,0,0.7996,0.1005,Card,0
3678.32,21,1,753,1,0,0,0.5542,0.4519,Wallet,0
405.43,8,0,3153,3,0,0,0.9699,0.3759,Card,0
685.54,12,0,1718,2,0,0,0.414,0.1783,Card,0
4070.43,2,0,1384,2,0,0,0.6074,0.2799,UPI,0
1147.0,6,0,2354,0,1,1,0.6819,0.5381,UPI,0
212.79,14,0,2304,1,0,0,0.8631,0.2141,NetBanking,0
1941.45,4,0,2600,1,0,0,0.7591,0.0704,Card,0
723.22,23,0,2153,7,0,0,0.5573,0.2932,Ecommerce,0
5523.93,6,0,3393,3,0,1,0.6058,0.1555,UPI,0
580.28,3,0,1459,1,1,0,0.6825,0.5551,NetBanking,0
3306.97,18,2,707,3,1,0,0.962,0.4237,Ecommerce,0
7076.13,2,1,450,1,0,0,0.7775,0.1419,Ecommerce,0
448.77,7,1,868,3,0,0,0.9194,0.2976,NetBanking,0
895.27,4,1,2707,2,0,0,0.8322,0.4879,UPI,0
1649.22,16,0,2989,4,0,0,0.7719,0.0721,NetBanking,0
445.76,20,0,1026,1,0,0,0.8033,0.2472,UPI,0
1456.53,4,0,346,1,1,0,0.4152,0.3042,Ecommerce,0
865.96,9,0,2522,1,0,0,0.6605,0.2335,Card,0
847.83,11,0,2752,2,0,1,0.8066,0.0483,UPI,0
1154.46,16,1,199,1,0,0,0.6301,0.3069,UPI,0
1181.84,8,0,472,1,0,0,0.8557,0.1403,Wallet,0
1302.54,12,0,1178,1,0,0,0.6108,0.1022,Card,0
584.78,12,0,1629,2,1,0,0.7424,0.4222,Card,0
612.21,0,0,392,1,0,1,0.8423,0.4125,Card,0
968.24,13,0,2075,2,0,0,0.7972,0.2604,Card,0
1046.29,13,0,1742,3,0,0,0.4406,0.3569,NetBanking,0
691.74,23,0,2689,2,0,0,0.796,0.5144,Card,0
1540.92,12,0,3335,1,0,0,0.7385,0.1929,Card,0
163.12,21,0,407,3,0,0,0.491,0.4295,Ecommerce,0
509.29,8,1,1586,0,0,1,0.7748,0.1884,NetBanking,0
817.36,16,0,2885,5,0,0,0.7496,0.3444,Ecommerce,0
446.34,21,0,39,1,1,0,0.692,0.427,UPI,0
6067.23,3,1,2977,0,1,0,0.8991,0.298,Wallet,0
1118.57,13,0,1392,2,0,0,0.8711,0.1327,UPI,0
1320.29,22,0,2778,3,0,0,0.3769,0.0971,UPI,0
660.24,13,0,2107,3,0,0,0.4966,0.3002,NetBanking,0
1078.61,21,1,3281,3,0,1,0.6333,0.5297,Card,0
306.12,10,0,532,3,0,1,0.8096,0.1548,NetBanking,0
917.54,21,0,3053,1,0,0,0.9045,0.1717,Card,0
409.99,15,1,1985,1,0,0,0.5862,0.0679,UPI,0
819.53,11,0,2689,2,0,0,0.5286,0.1836,NetBanking,0
74.6,5,0,2707,0,0,1,0.6702,0.1729,UPI,0
335.49,4,1,2030,2,1,0,0.5415,0.3049,NetBanking,0
5100.65,6,0,1588,2,0,0,0.7984,0.3691,Card,0
2622.59,18,1,2831,2,0,0,0.7416,0.5829,Wallet,0
4380.82,11,0,1774,0,0,0,0.6855,0.2857,Card,0
4708.42,9,2,3413,2,0,0,0.9735,0.25,Card,0
2223.05,11,0,2335,1,0,0,0.4666,0.4367,Card,0
681.63,8,1,2233,4,0,0,0.8068,0.2668,Card,0
369.03,19,0,2042,2,1,0,0.8594,0.0768,Card,0
3655.84,9,0,854,0,1,0,0.5405,0.3301,Card,0
1173.56,11,0,2622,3,0,0,0.5926,0.2214,UPI,0
15043.84,13,0,872,2,0,0,0.6261,0.5262,Wallet,0
747.43,15,0,2156,3,0,0,0.6957,0.2066,Ecommerce,0
8704.02,8,0,2787,6,0,0,0.5947,0.3139,NetBanking,0
930.17,1,0,1582,2,0,0,0.7683,0.0147,UPI,0
4459.76,16,0,3463,3,1,1,0.8727,0.4298,UPI,0
6512.81,13,0,578,3,0,0,0.6029,0.5477,Wallet,0
374.62,15,0,741,3,0,0,0.7409,0.5091,NetBanking,0
659.02,13,0,1066,2,0,0,0.8622,0.3134,UPI,0
370.69,12,2,3395,3,0,0,0.873,0.1157,UPI,0
301.44,22,0,1872,1,0,0,0.8663,0.1313,UPI,0
2209.28,1,1,944,1,0,0,0.6561,0.504,Ecommerce,0
892.07,2,1,3379,1,0,0,0.7743,0.171,UPI,0
1158.62,22,0,1448,2,1,1,0.7171,0.3521,Ecommerce,0
1966.58,21,0,937,1,0,1,0.5689,0.0687,UPI,0
155.98,9,0,3179,3,0,0,0.5858,0.1743,UPI,0
4234.85,12,1,546,1,0,1,0.425,0.6869,Card,1
760.1,10,0,3366,3,0,0,0.5068,0.303,UPI,0
1917.97,23,0,166,2,0,0,0.9142,0.111,NetBanking,0
2104.32,10,2,1987,1,0,0,0.8611,0.1881,Card,0
4625.48,18,0,2041,1,0,1,0.9281,0.0695,Card,0
982.3,8,0,3325,1,0,0,0.7849,0.1392,NetBanking,0
117.94,9,0,3254,2,0,0,0.9092,0.1316,Card,0
1164.43,16,1,2949,2,1,0,0.8989,0.2284,UPI,0
1353.9,9,1,3206,2,0,0,0.6871,0.2985,NetBanking,0
370.19,0,2,3033,3,0,0,0.9464,0.0917,Card,0
1280.32,4,1,1798,3,0,0,0.5142,0.1716,UPI,0
750.64,20,0,3039,1,0,0,0.5059,0.5697,UPI,0
267.76,8,0,2700,2,1,0,0.3546,0.5814,UPI,0
2219.55,2,0,1356,0,0,0,0.5902,0.1672,Card,0
606.73,22,0,3082,4,0,0,0.8286,0.0792,Card,0
715.73,23,0,114,3,0,0,0.6698,0.3499,Card,0
674.72,11,0,366,6,1,0,0.3769,0.3278,UPI,0
4012.83,15,0,582,1,0,0,0.5675,0.2529,UPI,0
1050.52,18,0,1875,2,0,1,0.8123,0.1091,Ecommerce,0
1191.6,1,0,267,1,0,1,0.6906,0.3591,UPI,0
690.44,7,1,792,2,0,0,0.7208,0.5155,NetBanking,0
1782.92,13,2,853,1,0,0,0.7228,0.0674,UPI,0
4522.34,13,1,854,9,0,0,0.3844,0.214,Card,0
2165.17,7,1,200,3,0,0,0.9213,0.4609,NetBanking,0
2255.69,0,1,790,2,0,0,0.7401,0.3569,UPI,0
2072.56,22,0,974,1,0,0,0.6328,0.2145,Ecommerce,0
257.43,14,1,2656,2,0,0,0.8174,0.0894,NetBanking,0
437.06,18,2,2064,5,0,0,0.6751,0.3097,UPI,0
884.27,10,0,1106,2,0,0,0.8109,0.2067,UPI,0
511.75,12,1,499,2,0,0,0.4155,0.0652,Card,0
358.61,10,0,1800,2,0,0,0.9167,0.0153,Card,0
153.58,10,0,1109,2,0,1,0.6208,0.1397,UPI,0
266.71,16,0,2442,2,0,0,0.5807,0.2622,Card,0
837.69,23,0,789,3,0,0,0.7982,0.2161,Card,0
1019.54,18,1,3489,1,0,1,0.6967,0.2274,Wallet,0
476.89,16,1,339,2,0,1,0.8142,0.4125,Ecommerce,0
1191.38,0,1,2923,5,0,0,0.9315,0.0598,Ecommerce,0
695.39,12,0,2368,2,1,0,0.7869,0.1455,UPI,0
3446.46,22,1,2358,3,0,0,0.8543,0.2587,Ecommerce,0
925.46,9,0,3126,2,0,0,0.7198,0.0771,Card,0
2278.21,13,0,1584,2,0,0,0.8026,0.231,UPI,0
1357.47,7,0,2507,1,0,0,0.7646,0.4237,UPI,0
251.6,4,0,1852,4,0,1,0.7049,0.4926,Card,0
997.06,16,0,2396,5,0,0,0.8224,0.0836,NetBanking,0
299.64,7,0,1938,0,0,0,0.7827,0.2039,Card,0
978.94,14,1,3440,1,0,0,0.4485,0.3489,Wallet,0
501.5,14,0,1136,1,0,0,0.8621,0.3845,UPI,0
1637.72,20,1,2561,0,0,0,0.8409,0.2103,Ecommerce,0
267.88,22,0,587,4,0,0,0.8994,0.0454,Wallet,0
1113.69,13,2,171,3,0,0,0.7532,0.1625,Card,0
2000.27,1,0,2463,2,0,0,0.8071,0.3662,UPI,0
2844.02,13,0,769,3,0,0,0.6796,0.2129,Wallet,0
491.58,21,0,61,2,0,0,0.6854,0.195,Wallet,0
1117.26,11,0,2233,3,0,0,0.7967,0.032,UPI,0
1330.56,13,0,2144,0,0,0,0.7037,0.2042,UPI,0
5566.28,18,0,2239,2,0,0,0.7158,0.4292,UPI,0
231.51,10,0,1592,4,0,0,0.4275,0.18,UPI,0
421.3,9,1,2915,1,0,0,0.5533,0.1836,UPI,0
20841.17,11,2,51,1,0,0,0.8699,0.0656,Ecommerce,0
823.24,20,0,561,1,0,0,0.5438,0.2477,UPI,0
150.57,11,1,1322,3,0,1,0.3793,0.2163,UPI,0
594.86,7,0,3434,1,0,0,0.434,0.3089,NetBanking,0
59.9,14,0,2524,5,0,0,0.5685,0.2726,Ecommerce,0
1412.29,16,0,1810,3,0,0,0.6098,0.1158,NetBanking,0
2566.44,21,1,3322,2,0,0,0.6165,0.2441,UPI,0
421.05,21,0,3222,2,1,0,0.687,0.2953,NetBanking,0
668.97,18,1,374,2,0,0,0.9316,0.2366,Ecommerce,0
2892.39,18,1,1855,1,0,0,0.8012,0.3569,Card,0
174.56,10,0,3330,3,1,0,0.6312,0.0957,Ecommerce,0
273.79,8,2,659,3,0,0,0.4859,0.1691,Wallet,0
863.06,13,1,558,5,0,0,0.5768,0.2584,Card,0
497.73,16,0,1233,3,0,0,0.6819,0.4496,Card,0
805.48,12,0,3391,3,0,0,0.6855,0.0533,UPI,0
290.92,4,0,779,3,0,0,0.8079,0.2543,Wallet,0
1373.38,0,0,2226,1,0,0,0.8366,0.4448,Card,0
937.58,1,0,929,1,0,0,0.6017,0.0736,UPI,0
1952.08,10,1,2580,0,0,1,0.8972,0.6185,NetBanking,0
1353.46,18,1,3117,1,0,0,0.7166,0.1161,Card,0
1362.43,18,0,149,3,0,1,0.6172,0.1318,Card,0
240.18,19,1,1325,2,0,0,0.9618,0.368,Card,0
1839.45,17,0,2029,0,0,0,0.8831,0.0757,UPI,0
774.79,0,1,645,2,0,0,0.8051,0.0976,Card,0
920.64,21,0,2224,0,0,0,0.8936,0.1379,UPI,0
3296.7,22,0,1280,3,0,0,0.4382,0.4151,Ecommerce,0
515.22,20,0,130,2,0,0,0.7253,0.5098,Ecommerce,0
4531.21,10,1,2163,2,0,0,0.636,0.0963,Card,0
4997.53,5,0,140,3,0,0,0.6019,0.1424,Card,0
2417.34,21,0,708,0,0,0,0.5888,0.3879,Card,0
391.64,4,0,578,0,0,0,0.8868,0.217,UPI,0
110.43,18,0,185,2,0,0,0.8776,0.259,Card,0
3404.24,23,2,1443,6,0,0,0.9925,0.304,Ecommerce,0
1232.69,21,2,3053,4,0,0,0.9241,0.2313,Card,0
501.47,12,0,1074,4,0,0,0.6251,0.2937,UPI,0
3760.25,20,0,842,1,0,0,0.7863,0.4676,NetBanking,0
443.8,19,0,2825,3,0,0,0.891,0.4645,Wallet,0
702.49,23,0,3277,3,0,0,0.9627,0.2309,Card,0
1902.9,8,0,1059,3,0,0,0.5946,0.5541,Ecommerce,0
340.6,15,1,171,3,0,0,0.8546,0.2373,NetBanking,0
977.55,19,0,2663,4,1,0,0.6459,0.0621,Wallet,0
3441.26,5,1,2280,4,0,0,0.5609,0.6109,UPI,0
1368.77,5,0,3491,6,0,0,0.8472,0.5839,Ecommerce,0
4063.49,9,0,2330,2,0,0,0.9205,0.2409,Ecommerce,0
3605.74,8,0,3254,1,0,1,0.5692,0.0843,UPI,0
1105.58,18,0,552,3,0,0,0.6886,0.2093,UPI,0
94.29,22,0,582,2,0,0,0.7085,0.531,UPI,0
343.41,3,1,2330,2,0,1,0.793,0.1761,Card,1
2444.27,7,1,2619,4,0,1,0.9171,0.1462,NetBanking,0
215.34,22,0,1361,4,0,0,0.7513,0.2913,UPI,0
778.19,14,0,1512,2,0,0,0.7018,0.2646,Card,0
1564.63,4,0,1340,1,0,0,0.9571,0.2588,Card,0
5130.97,14,0,174,2,0,0,0.4083,0.1418,NetBanking,0
599.58,21,0,3072,0,0,0,0.6209,0.0507,Card,0
557.99,8,0,3176,0,1,0,0.6476,0.2202,UPI,0
1037.88,11,0,3333,2,0,0,0.5376,0.2486,Card,0
1585.19,14,0,1768,2,0,0,0.9321,0.1856,Card,0
932.66,20,0,601,1,0,0,0.8847,0.1442,Card,0
3300.18,13,0,1418,5,0,0,0.8754,0.1321,UPI,0
473.85,22,1,2396,1,0,0,0.7361,0.0944,UPI,0
1244.1,18,1,612,3,0,1,0.9403,0.1622,NetBanking,0
1750.18,10,0,547,1,0,0,0.872,0.3849,NetBanking,0
720.36,11,2,3473,3,0,0,0.8808,0.1495,Wallet,0
2648.36,16,1,129,0,0,0,0.8815,0.3584,NetBanking,0
1282.29,1,2,2096,6,0,0,0.5608,0.3341,Card,0
2510.63,5,1,529,1,0,0,0.7193,0.0316,NetBanking,0
1344.54,5,0,83,0,0,0,0.7804,0.0679,NetBanking,0
1628.19,19,0,2223,1,0,0,0.6718,0.1462,Card,0
564.53,19,0,649,2,0,0,0.6562,0.3618,NetBanking,0
565.49,19,0,2544,5,0,0,0.8132,0.1832,Card,0
3966.41,2,0,2887,2,0,0,0.8863,0.1849,UPI,0
2137.27,7,1,1778,4,0,0,0.5444,0.2684,NetBanking,0
374.61,7,0,590,1,0,0,0.6245,0.4038,UPI,0
1325.98,0,0,3331,3,0,0,0.7171,0.0661,UPI,0
90.7,6,0,1307,1,0,0,0.7824,0.0633,Ecommerce,0
600.26,10,0,2676,2,0,0,0.7755,0.5378,UPI,0
3008.15,21,0,680,3,0,0,0.8864,0.2183,Card,0
961.6,4,0,571,0,0,0,0.9937,0.1403,UPI,0
1241.17,20,0,2362,1,1,0,0.6792,0.2221,Ecommerce,0
46.19,19,0,733,2,1,0,0.6314,0.1671,UPI,0
726.42,3,0,1868,1,0,0,0.8428,0.388,Card,0
1564.29,6,0,2089,3,0,0,0.7231,0.4539,UPI,0
1787.47,10,1,433,4,0,0,0.8923,0.3318,Ecommerce,0
3012.34,22,1,1171,3,1,0,0.864,0.136,UPI,0
879.39,18,0,682,2,0,0,0.8265,0.5757,Wallet,0
921.55,23,0,10,1,0,1,0.6814,0.2001,Ecommerce,1
270.77,7,0,3322,3,0,0,0.9205,0.1869,Card,0
884.7,21,0,91,1,1,0,0.5848,0.1983,NetBanking,0
291.59,22,0,2904,0,0,0,0.7592,0.4624,UPI,0
157.55,14,0,1432,4,0,0,0.4717,0.3602,Card,0
350.92,3,0,974,3,0,0,0.8805,0.5609,UPI,0
5346.08,6,0,1835,4,0,0,0.71,0.2316,NetBanking,0
825.44,3,0,3206,2,0,1,0.5787,0.2562,Card,0
1381.43,19,1,2289,1,0,0,0.8819,0.2017,NetBanking,0
639.59,7,0,288,1,0,0,0.7032,0.1172,Ecommerce,0
167.32,16,0,2672,2,0,0,0.8483,0.3105,UPI,0
2930.47,6,0,2673,1,0,0,0.3103,0.2181,UPI,0
112.08,23,0,3390,0,0,0,0.7142,0.3721,UPI,0
612.45,18,0,712,1,0,0,0.8201,0.371,UPI,0
1035.52,9,0,2937,3,0,0,0.8693,0.2343,UPI,0
1396.9,11,0,1299,3,0,0,0.9642,0.5614,UPI,0
511.43,1,0,1250,5,0,0,0.8944,0.0871,UPI,0
159.2,3,1,2218,1,0,0,0.6956,0.1341,Ecommerce,0
472.88,23,0,1874,2,0,0,0.7645,0.2953,Card,0
499.6,19,1,809,1,0,0,0.861,0.1645,NetBanking,0
486.99,20,1,761,3,0,0,0.7855,0.4707,Card,0
3036.81,15,1,2278,3,0,0,0.6094,0.2061,Ecommerce,0
306.65,5,0,3390,1,0,1,0.5934,0.1786,UPI,0
1504.22,2,1,808,6,0,0,0.7261,0.1368,UPI,0
1294.93,17,0,1877,2,0,0,0.7813,0.0338,Card,0
3006.34,7,2,1078,3,0,0,0.9702,0.0599,UPI,0
953.57,0,0,879,2,0,0,0.9584,0.3293,UPI,0
2516.66,0,0,2784,0,0,0,0.9469,0.1512,Card,0
915.22,13,1,2536,3,0,0,0.8266,0.303,Ecommerce,0
1730.41,20,0,1681,2,0,0,0.4656,0.0376,UPI,0
226.31,8,0,1711,3,1,0,0.703,0.4554,Card,0
68.7,23,0,1493,3,0,0,0.3193,0.3494,UPI,0
1630.14,9,0,3488,4,0,0,0.6583,0.4601,NetBanking,0
1724.59,17,0,3311,3,0,0,0.6,0.2531,Card,0
1806.74,5,0,267,3,0,0,0.3689,0.2326,Ecommerce,0
631.96,14,0,2857,2,0,0,0.9659,0.2123,Wallet,0
5240.69,6,0,1178,2,0,0,0.8525,0.0373,UPI,0
676.63,18,0,2287,1,0,0,0.7083,0.1949,UPI,0
1706.03,10,0,3296,1,0,0,0.8202,0.1992,NetBanking,0
2047.49,1,1,1479,2,0,0,0.8524,0.0465,Card,0
6665.35,5,0,1617,2,0,0,0.6909,0.1917,Card,0
786.13,8,0,2194,1,0,0,0.846,0.3768,Ecommerce,0
552.33,11,1,1096,0,0,0,0.5811,0.3104,Card,0
227.45,6,1,927,2,0,0,0.4993,0.3108,Card,0
5597.0,13,0,2119,1,0,0,0.6078,0.4158,UPI,0
1706.98,23,0,732,2,0,0,0.8629,0.4508,Wallet,0
1764.66,17,0,2328,3,0,0,0.7266,0.2359,Card,0
28927.25,7,1,878,2,0,1,0.8209,0.3961,Wallet,0
1542.71,16,2,331,0,0,0,0.8118,0.2778,Ecommerce,0
279.38,23,0,360,1,0,0,0.3812,0.4157,NetBanking,0
892.75,5,1,913,1,0,0,0.6279,0.0431,Card,0
394.05,5,0,363,1,0,0,0.823,0.2943,Card,0
723.67,0,0,1086,2,1,0,0.9295,0.2206,Ecommerce,0
718.58,20,2,1467,2,0,1,0.7052,0.1053,NetBanking,0
592.07,19,1,865,2,0,0,0.8599,0.372,UPI,0
253.93,9,0,1872,2,0,0,0.7097,0.1509,Card,0
5837.9,20,0,1344,4,0,0,0.8854,0.3763,UPI,0
1500.86,15,0,286,1,0,1,0.9393,0.1251,UPI,0
865.45,23,0,1176,4,0,0,0.6061,0.3936,NetBanking,0
2429.69,22,2,49,1,0,1,0.6917,0.1677,UPI,0
1798.34,23,0,2561,2,0,0,0.6676,0.23,Card,0
1464.8,9,0,1554,3,0,0,0.4678,0.4235,UPI,0
2251.27,15,1,2099,0,0,0,0.8881,0.516,UPI,0
1262.23,4,0,504,3,0,1,0.8098,0.2702,Card,0
2216.61,21,0,1506,2,0,0,0.9243,0.131,UPI,0
2418.17,7,0,2833,2,0,1,0.9181,0.2768,Card,0
1300.96,10,1,705,1,1,0,0.6536,0.1954,NetBanking,0
870.08,14,0,3444,4,0,1,0.8667,0.1121,NetBanking,0
5469.36,18,0,1476,3,1,0,0.8748,0.2439,UPI,0
663.95,17,0,483,0,0,0,0.3939,0.3195,UPI,0
1653.88,22,0,637,3,0,0,0.7461,0.1762,UPI,0
1693.59,17,0,1620,3,0,0,0.7087,0.207,UPI,0
578.23,19,1,3332,0,1,0,0.6982,0.1774,Wallet,0
469.56,13,0,1655,3,0,0,0.6881,0.1216,Wallet,0
756.31,9,0,613,3,0,0,0.8084,0.1211,UPI,0
654.04,21,0,1362,1,0,1,0.7644,0.3629,Card,0
237.21,9,0,3006,2,0,0,0.8057,0.1925,UPI,0
553.32,14,1,3445,0,0,0,0.6732,0.1574,UPI,0
1450.31,6,1,2157,2,1,0,0.6884,0.0261,Ecommerce,0
4143.27,11,0,3031,4,0,0,0.4177,0.2498,Card,0
1962.77,8,0,2839,5,0,0,0.6967,0.1566,Card,0
71.56,6,0,1489,3,0,0,0.8016,0.0313,UPI,0
2150.31,19,0,3110,0,0,0,0.8168,0.234,Card,0
610.29,18,1,269,6,0,1,0.7257,0.4774,Card,0
1764.7,16,0,2815,1,0,1,0.8605,0.3517,NetBanking,0
1080.48,1,0,2037,1,0,0,0.9053,0.3198,NetBanking,0
895.76,5,0,2065,0,0,0,0.3441,0.4592,Card,0
985.01,5,0,3273,0,0,1,0.532,0.2162,Wallet,0
1071.11,17,0,939,0,0,0,0.6846,0.2647,UPI,0
4499.07,21,0,697,3,0,0,0.8196,0.4408,UPI,0
1074.23,9,0,2312,3,0,0,0.3291,0.2188,UPI,0
3428.28,7,1,2597,5,0,0,0.8606,0.2085,NetBanking,0
2942.17,13,0,23,2,0,0,0.6816,0.1096,UPI,0
2209.23,23,0,1752,1,0,0,0.912,0.1014,NetBanking,0
168.01,8,0,1325,1,0,1,0.8956,0.3385,Card,0
3542.06,6,0,2869,2,0,0,0.8856,0.2567,Ecommerce,1
678.04,12,0,3003,6,0,0,0.4226,0.1314,Card,0
2325.09,21,0,492,3,0,0,0.6666,0.5379,Card,0
394.98,17,0,2034,2,0,0,0.7812,0.3439,UPI,0
315.98,12,0,2529,2,0,0,0.7923,0.1748,Card,0
8736.0,17,0,917,2,0,0,0.4914,0.068,UPI,0
401.48,0,0,3268,0,0,0,0.747,0.2356,UPI,0
3653.39,18,0,3123,1,0,0,0.8093,0.4891,NetBanking,0
1241.83,2,0,608,3,1,1,0.9556,0.4123,Ecommerce,0
705.48,9,1,60,5,0,0,0.9505,0.071,Card,0
1046.21,8,0,2026,4,0,0,0.6945,0.262,Wallet,0
279.74,16,1,3091,3,0,1,0.8398,0.0658,Card,0
1080.91,5,0,2391,1,0,0,0.6143,0.1618,NetBanking,0
351.82,5,1,2659,0,0,0,0.3375,0.4219,Card,0
723.99,21,2,2521,3,0,0,0.96,0.2044,Ecommerce,0
2897.39,11,0,518,1,0,0,0.6684,0.2894,UPI,0
1432.1,17,0,242,2,0,0,0.6024,0.1113,Card,0
231.3,13,0,226,2,0,0,0.8208,0.3093,Ecommerce,0
2681.31,14,0,3443,3,0,0,0.4473,0.1044,Card,0
1088.49,16,1,3329,3,0,0,0.9526,0.1548,Ecommerce,0
620.61,16,1,2919,1,0,0,0.8524,0.1293,UPI,0
2401.89,21,0,241,2,0,0,0.91,0.2606,Ecommerce,0
920.05,18,1,3111,2,0,1,0.6178,0.3978,Ecommerce,0
322.48,7,0,3408,2,0,1,0.7044,0.0167,Ecommerce,0
7632.72,4,0,2748,0,0,0,0.7828,0.3284,NetBanking,0
1076.91,20,0,1476,7,1,0,0.4458,0.4327,Ecommerce,0
1006.81,8,0,331,0,0,0,0.5344,0.1545,UPI,0
716.69,7,0,1241,2,0,0,0.2837,0.1989,Card,0
3785.62,2,1,719,3,0,0,0.6622,0.4893,NetBanking,0
631.99,13,2,2277,1,0,0,0.8424,0.39,Wallet,0
216.54,12,1,3090,1,0,0,0.4483,0.4868,NetBanking,0
537.75,19,0,1739,1,0,0,0.6818,0.0537,Ecommerce,0
4416.55,17,0,175,4,0,0,0.938,0.1703,Card,0
2627.37,17,3,1369,1,1,0,0.8039,0.2925,UPI,0
839.02,12,1,2800,1,0,1,0.6986,0.1052,UPI,0
4637.44,20,1,2243,3,0,1,0.9738,0.3553,UPI,0
2405.08,23,2,149,3,1,0,0.7909,0.1697,UPI,0
828.88,19,1,1229,5,0,0,0.4728,0.098,Card,0
921.31,8,0,1236,2,0,0,0.7678,0.3111,Card,0
1549.65,6,0,126,2,0,0,0.6422,0.1965,UPI,0
457.84,0,0,1228,1,0,0,0.6882,0.1296,NetBanking,0
1101.83,23,0,2887,2,0,0,0.75,0.2205,UPI,0
1516.16,17,0,461,1,0,0,0.3734,0.087,UPI,0
186.55,22,0,1804,1,1,0,0.75,0.1389,NetBanking,0
898.94,18,0,2300,3,0,0,0.6665,0.2688,Card,0
797.75,10,0,2405,3,0,0,0.5797,0.0955,Card,0
3227.53,3,1,1159,4,0,1,0.4939,0.2765,UPI,0
158.11,1,0,2016,1,0,0,0.5527,0.3064,UPI,0
734.67,19,0,2532,2,0,0,0.9608,0.0911,NetBanking,0
661.27,7,1,2152,2,0,0,0.8198,0.2065,Card,0
3005.13,9,1,2934,1,0,0,0.7455,0.2689,Card,0
1047.62,20,1,771,3,0,0,0.7533,0.1715,UPI,0
7229.31,11,0,383,4,0,0,0.85,0.3592,Card,0
2198.05,22,0,3271,3,0,0,0.9234,0.2643,Card,0
712.85,13,0,2571,3,0,0,0.967,0.1807,NetBanking,0
1410.42,19,0,1570,3,0,0,0.8979,0.1546,UPI,0
756.14,3,0,1999,5,0,0,0.7154,0.2884,UPI,0
2703.67,9,0,3220,3,0,0,0.4957,0.2134,UPI,0
270.75,4,0,3034,1,0,1,0.6009,0.1152,Card,0
461.79,1,0,2825,3,0,0,0.8516,0.1589,NetBanking,0
1769.54,23,0,2071,1,0,0,0.5377,0.3175,UPI,0
3972.08,12,0,2522,3,0,0,0.6438,0.2742,UPI,0
108.63,8,0,2034,3,0,0,0.8275,0.037,NetBanking,0
4643.37,9,0,1614,1,0,0,0.7771,0.124,UPI,0
946.58,5,0,2360,1,0,0,0.594,0.5992,UPI,0
151.7,2,1,86,4,0,0,0.7123,0.2364,UPI,0
46.91,21,0,2893,2,0,0,0.6687,0.168,Card,0
220.11,2,0,1108,2,0,0,0.7423,0.066,UPI,0
1074.18,9,0,1911,2,0,0,0.4357,0.4341,Ecommerce,0
1023.32,3,1,2329,0,0,0,0.5041,0.046,Card,0
2132.1,22,0,1151,2,0,1,0.8568,0.072,UPI,0
615.87,4,0,1161,2,0,0,0.865,0.0988,Ecommerce,0
342.6,9,1,624,2,0,0,0.8886,0.3207,Ecommerce,0
710.71,18,1,353,0,0,0,0.8187,0.039,UPI,0
1136.03,13,2,3086,3,0,0,0.8578,0.3574,Card,0
1397.32,9,0,1815,2,0,0,0.9498,0.3113,NetBanking,0
478.85,13,1,2379,2,0,0,0.8285,0.1738,UPI,0
2825.72,10,0,546,0,0,0,0.7265,0.5105,Card,0
571.08,6,0,2985,2,0,0,0.893,0.0774,NetBanking,0
440.01,14,1,1076,3,0,0,0.5983,0.1069,NetBanking,0
620.48,8,1,1614,0,0,0,0.7375,0.5061,UPI,0
3389.99,23,0,1760,2,0,0,0.7966,0.2131,UPI,0
953.9,11,1,2605,2,0,0,0.6244,0.0159,Ecommerce,0
528.88,18,0,413,3,0,0,0.9443,0.2754,Card,0
2899.85,5,0,3175,4,0,0,0.8161,0.1314,NetBanking,0
10403.38,15,0,400,1,0,0,0.9775,0.2551,Ecommerce,0
1366.72,13,0,2233,1,0,0,0.7404,0.2915,Wallet,0
4005.94,17,0,740,3,0,0,0.4568,0.3053,UPI,0
3254.79,11,0,3232,1,0,0,0.8627,0.263,Ecommerce,0
580.61,17,0,2074,3,0,0,0.5561,0.2172,Ecommerce,0
1127.73,1,0,3308,2,1,0,0.8152,0.3088,Wallet,0
285.24,16,2,3266,1,0,0,0.7454,0.3513,UPI,0
884.31,18,1,942,3,1,0,0.87,0.0799,UPI,0
568.22,11,0,841,3,0,0,0.6539,0.4342,NetBanking,0
718.36,0,0,400,1,1,0,0.3494,0.1748,NetBanking,0
499.0,13,1,2521,1,1,1,0.9265,0.2106,UPI,0
811.23,18,0,93,5,0,0,0.4765,0.19,UPI,0
1917.63,11,2,668,4,0,0,0.5731,0.1535,UPI,0
967.32,2,1,3181,0,0,0,0.8457,0.324,Card,0
154.84,9,0,2226,2,0,0,0.6402,0.0941,Card,0
500.98,23,1,1581,1,0,0,0.7896,0.3257,NetBanking,0
222.43,6,0,488,1,1,0,0.7302,0.0942,NetBanking,0
1416.95,12,1,2958,1,0,0,0.7472,0.139,UPI,0
1860.28,8,0,2959,1,0,0,0.7994,0.124,Ecommerce,0
1435.65,17,0,168,3,0,0,0.7464,0.3288,Ecommerce,0
479.73,10,2,2600,0,0,0,0.4937,0.4318,Card,0
1421.11,9,0,1156,1,0,0,0.4776,0.4332,UPI,0
669.4,13,1,2384,1,0,0,0.6797,0.1409,UPI,1
331.91,13,0,1036,1,0,0,0.6604,0.3391,UPI,0
2389.95,11,0,58,0,0,1,0.8251,0.543,NetBanking,0
2588.75,6,0,2640,0,0,0,0.6572,0.4636,Card,0
2970.07,2,0,2928,5,0,0,0.6423,0.0532,UPI,0
578.96,16,1,2395,4,0,0,0.6871,0.4104,UPI,0
3783.22,8,1,533,3,0,0,0.7343,0.1183,UPI,0
653.11,14,0,1579,1,1,1,0.7114,0.1841,Card,0
2178.03,9,1,1870,1,0,0,0.9754,0.1591,Card,0
641.33,20,0,2778,4,0,1,0.8219,0.0641,Wallet,0
866.81,16,0,2719,2,0,0,0.7528,0.5164,Ecommerce,0
86.29,9,1,3108,3,0,0,0.8751,0.0662,Card,0
798.7,7,0,2213,0,0,0,0.7294,0.2533,UPI,0
1206.7,17,1,3289,2,0,1,0.8611,0.1821,Ecommerce,0
712.98,0,0,2867,2,0,0,0.5119,0.232,UPI,0
6932.65,1,0,706,2,0,0,0.808,0.3828,Card,0
323.57,2,1,2483,4,0,0,0.7036,0.3304,Ecommerce,0
606.82,8,0,304,1,0,0,0.6847,0.2496,Ecommerce,0
424.06,11,1,2647,0,0,0,0.7758,0.4346,Card,0
606.7,7,0,780,1,1,0,0.9715,0.1097,UPI,0
3238.88,4,0,1050,3,0,0,0.7666,0.2568,UPI,0
5176.75,7,0,2012,3,0,0,0.8312,0.4084,Card,0
525.4,11,0,1331,0,0,0,0.7205,0.1677,Card,0
513.29,7,0,2268,2,0,0,0.8498,0.2899,Ecommerce,0
325.39,13,1,1758,3,0,1,0.6727,0.1634,Ecommerce,0
4322.55,9,1,2228,0,1,0,0.8376,0.2678,NetBanking,0
3558.36,22,0,2054,2,0,1,0.8904,0.2411,Card,0
981.14,23,0,726,2,0,0,0.8956,0.2625,Card,0
253.18,15,0,2423,0,0,1,0.7653,0.12,Ecommerce,0
278.11,13,0,3355,3,0,0,0.7461,0.0128,UPI,0
1311.81,0,0,1947,3,0,0,0.5849,0.4571,UPI,0
1952.38,14,0,2127,0,0,0,0.7503,0.2205,UPI,0
125.28,9,1,2488,1,0,0,0.6797,0.1003,Card,0
782.6,6,1,302,2,0,0,0.6845,0.252,Card,0
5998.18,19,1,533,2,0,0,0.5794,0.3967,UPI,0
872.72,1,0,1956,1,0,0,0.7786,0.2011,Card,0
5240.23,6,0,1385,2,0,0,0.6827,0.1854,Wallet,0
2167.87,18,0,2424,0,0,0,0.5402,0.1088,UPI,0
351.25,22,1,3197,0,0,0,0.792,0.098,NetBanking,0
806.49,12,1,2739,5,0,0,0.8088,0.1501,NetBanking,0
958.02,12,1,764,4,0,1,0.6364,0.3124,Ecommerce,1
403.37,23,0,1080,4,0,0,0.6048,0.1101,Card,0
396.09,2,1,508,2,0,0,0.4654,0.1127,Card,0
5335.34,11,0,347,3,0,0,0.8002,0.0743,UPI,0
392.98,5,0,2608,3,0,0,0.5835,0.2726,Ecommerce,0
3402.81,11,0,2424,0,0,0,0.4948,0.2175,Card,0
693.46,21,1,686,4,0,0,0.8809,0.1865,Wallet,0
1067.5,14,2,2468,0,0,0,0.9095,0.1661,NetBanking,0
1978.19,23,0,1605,3,1,0,0.8566,0.1446,Card,0
584.94,12,0,3067,0,0,0,0.5934,0.2739,UPI,0
1990.82,20,2,2493,1,0,1,0.8707,0.1572,UPI,0
127.9,4,1,952,2,0,0,0.6179,0.1124,Card,0
1740.09,7,1,1700,1,0,0,0.7026,0.1699,Wallet,0
82.11,6,1,822,5,0,0,0.8267,0.4704,UPI,0
864.21,18,0,3155,2,0,1,0.5986,0.2922,UPI,0
2689.08,12,0,1803,0,0,1,0.7657,0.3808,UPI,0
2107.82,5,1,3074,2,0,0,0.3534,0.2289,UPI,0
280.53,4,0,1792,1,0,0,0.9138,0.1746,UPI,0
321.13,9,1,1763,4,0,0,0.4466,0.4502,Ecommerce,0
532.13,3,0,652,3,0,0,0.834,0.3043,NetBanking,0
1333.45,16,1,3363,4,0,0,0.7201,0.1644,NetBanking,0
129.86,20,2,2356,2,0,0,0.6984,0.2576,Card,0
1081.51,23,0,1026,2,0,0,0.782,0.1911,UPI,0
1520.81,5,1,2939,2,0,0,0.6021,0.4107,Ecommerce,0
814.69,10,0,823,3,0,0,0.6919,0.2046,Card,0
1903.76,12,0,345,0,0,1,0.5688,0.3717,UPI,0
1387.02,11,0,2348,1,0,0,0.8722,0.2977,UPI,0
620.96,10,0,2620,3,0,1,0.5058,0.3489,NetBanking,0
143.6,5,0,2007,1,1,1,0.6416,0.2133,NetBanking,0
1261.53,2,1,2499,2,0,0,0.4225,0.1041,Wallet,0
403.13,9,0,884,2,0,0,0.8224,0.2905,Card,0
597.49,2,0,976,2,0,1,0.5984,0.1394,UPI,0
1813.62,1,1,1303,1,1,0,0.861,0.586,UPI,0
4857.12,12,0,732,6,0,0,0.8911,0.3414,Card,0
1053.67,20,0,820,4,0,0,0.5663,0.3225,Card,0
1962.1,12,0,173,0,0,0,0.7026,0.3532,Card,0
240.64,0,0,834,1,0,0,0.6111,0.0393,UPI,0
1419.13,20,1,1919,3,0,1,0.7625,0.2152,Card,0
1029.78,16,0,1290,4,1,0,0.8392,0.1193,NetBanking,0
3986.58,7,0,1506,2,0,0,0.6973,0.02,NetBanking,0
621.74,6,1,3235,1,0,0,0.6411,0.4708,Wallet,0
850.89,21,0,29,4,0,1,0.6478,0.2588,Card,0
3333.42,11,1,2923,2,0,0,0.5242,0.3871,Wallet,0
995.62,3,0,122,2,0,0,0.6385,0.1686,UPI,0
342.31,6,0,1796,2,0,0,0.7969,0.1154,Ecommerce,0
15981.95,6,0,461,1,0,0,0.5434,0.1968,Wallet,0
353.36,9,0,1675,1,0,0,0.812,0.3269,Ecommerce,0
1024.61,8,0,3131,2,0,0,0.4687,0.3263,Ecommerce,0
1578.17,13,0,116,2,0,0,0.8586,0.1406,Card,0
1452.44,7,0,1777,2,0,0,0.8599,0.1442,Wallet,0
898.54,15,0,1621,1,0,0,0.631,0.1173,UPI,0
903.25,11,0,1583,2,0,0,0.6431,0.2593,NetBanking,0
856.9,22,1,2185,0,0,0,0.6925,0.1068,Wallet,0
339.77,19,0,1146,3,0,0,0.983,0.4139,Card,0
10485.31,7,1,2726,1,0,0,0.902,0.2544,UPI,0
870.45,1,0,838,2,1,0,0.7826,0.3203,UPI,0
2052.43,14,3,1250,4,0,0,0.6079,0.1594,Card,0
771.71,8,0,1643,1,0,0,0.86,0.2574,Ecommerce,0
755.59,21,1,3218,1,0,0,0.4365,0.0964,UPI,0
679.79,9,0,1870,0,0,0,0.5817,0.4508,Wallet,0
215.44,6,0,2941,2,0,0,0.8157,0.2778,Card,0
926.44,8,0,494,1,0,0,0.7495,0.4359,Card,0
715.26,20,0,294,2,0,0,0.8218,0.0591,Ecommerce,0
3752.21,2,0,1759,4,0,1,0.9179,0.0479,NetBanking,0
312.14,22,0,3160,4,0,0,0.399,0.2229,NetBanking,0
598.24,5,0,824,4,0,0,0.7546,0.1773,UPI,0
426.94,20,1,785,1,0,0,0.7032,0.1492,Card,0
4987.33,13,0,524,2,0,0,0.4902,0.3827,Wallet,0
440.15,13,0,3232,4,1,0,0.6952,0.1588,Card,0
1979.13,4,1,328,1,0,0,0.6596,0.1559,NetBanking,0
3037.13,17,1,2209,3,0,0,0.7864,0.4581,Card,0
940.65,15,0,1335,1,0,1,0.8747,0.241,UPI,0
258.36,11,1,1445,2,0,0,0.631,0.0328,NetBanking,0
261.82,10,0,2489,3,0,0,0.7382,0.1588,UPI,0
2704.72,14,1,1531,1,0,0,0.9051,0.403,NetBanking,0
291.89,11,0,87,2,0,0,0.7685,0.1666,UPI,0
1655.12,23,1,1972,4,0,0,0.4437,0.1502,UPI,0
1236.53,0,0,96,1,0,0,0.9274,0.1803,UPI,0
1629.44,6,1,2954,2,0,0,0.8112,0.5467,UPI,0
1799.32,20,0,3310,6,0,0,0.6964,0.4171,UPI,0
411.43,19,0,2930,2,0,0,0.461,0.0976,Ecommerce,0
393.74,8,1,1451,3,0,1,0.5886,0.0272,Card,0
2323.14,12,0,1456,3,0,0,0.894,0.6578,Wallet,0
566.34,0,0,2050,4,0,0,0.9309,0.7342,NetBanking,1
61.09,4,0,2972,3,0,0,0.6887,0.4154,UPI,0
2167.2,22,0,2638,2,0,0,0.4447,0.308,Card,0
369.42,15,2,1655,2,0,0,0.9084,0.1745,Ecommerce,0
1790.93,0,2,2841,1,0,1,0.8681,0.1936,Ecommerce,0
4733.7,19,1,1465,2,0,0,0.699,0.3374,Card,0
1116.11,9,1,2695,3,0,0,0.7605,0.6342,Ecommerce,0
3119.89,13,0,856,2,0,0,0.6362,0.3218,UPI,0
1288.83,20,0,1591,3,0,0,0.919,0.3121,UPI,0
5806.89,20,0,2898,4,0,0,0.6003,0.1411,UPI,0
359.53,3,1,867,2,0,0,0.7704,0.0625,UPI,0
1087.21,8,0,2172,1,0,0,0.89,0.099,Wallet,0
2223.46,6,0,986,3,1,0,0.4858,0.0533,Wallet,0
897.91,21,0,1512,0,0,0,0.7332,0.4282,Wallet,0
3676.92,18,0,1139,0,0,0,0.5881,0.1793,Card,0
696.7,15,0,2320,1,0,0,0.7267,0.1635,UPI,0
9631.94,1,2,2645,0,0,0,0.8849,0.0836,UPI,0
10181.29,19,0,3014,4,0,0,0.5088,0.0702,Card,0
1474.65,13,0,1250,2,1,0,0.6244,0.1548,NetBanking,0
1959.08,6,0,697,3,0,0,0.8373,0.1516,Card,0
3832.43,10,0,3258,2,0,0,0.8891,0.1513,Card,0
315.27,10,0,1377,0,1,0,0.5461,0.2894,Card,0
276.55,7,0,2286,0,0,0,0.7635,0.4172,UPI,0
4102.04,21,1,1335,4,0,0,0.6129,0.1131,Card,0
1462.19,22,0,2921,0,1,0,0.6312,0.3819,NetBanking,0
864.52,1,0,272,1,0,0,0.3844,0.2902,UPI,0
1109.52,22,2,146,4,0,0,0.6198,0.2859,Ecommerce,0
89.54,9,0,1173,0,0,0,0.815,0.3063,Card,0
897.77,19,0,1456,4,0,0,0.7307,0.062,UPI,0
497.35,18,0,2667,2,0,0,0.4965,0.1336,Ecommerce,0
2875.48,14,0,1649,2,0,0,0.5319,0.1484,Ecommerce,0
3117.49,17,0,891,1,0,0,0.8083,0.2147,NetBanking,0
2009.24,16,0,272,1,0,1,0.9165,0.3204,UPI,0
1661.09,20,0,2839,3,1,0,0.5077,0.5467,UPI,0
227.64,10,0,1784,5,0,0,0.8642,0.4236,Card,0
2038.92,17,0,3343,5,0,0,0.4948,0.0856,UPI,0
2123.6,23,1,1162,2,0,0,0.7565,0.4054,UPI,1
4053.97,22,0,789,4,0,0,0.8176,0.1287,NetBanking,0
10138.75,3,1,955,2,0,0,0.8714,0.2088,NetBanking,0
185.45,11,0,1437,3,0,0,0.8704,0.2546,Wallet,0
729.31,12,0,499,3,0,1,0.9137,0.2346,UPI,0
503.02,14,0,465,0,0,0,0.5066,0.186,Card,0
1314.4,15,0,2776,2,0,0,0.7019,0.2674,UPI,0
1112.17,20,0,2424,0,1,1,0.6003,0.2367,UPI,0
857.67,12,0,1759,5,0,0,0.5039,0.2136,UPI,0
3225.96,16,0,1691,3,0,0,0.7324,0.5221,Ecommerce,0
344.99,21,0,1742,2,0,1,0.7368,0.1941,UPI,0
367.54,2,0,2063,3,0,0,0.8201,0.4347,NetBanking,0
374.12,15,0,1005,3,0,0,0.5599,0.0422,Card,0
751.19,8,0,2726,6,0,1,0.7137,0.1177,Card,0
301.87,21,0,35,1,0,0,0.8232,0.289,Ecommerce,0
1042.11,13,1,2718,1,1,0,0.7587,0.2316,Card,0
921.71,14,0,2777,4,0,0,0.6837,0.2867,NetBanking,0
480.18,18,0,1809,3,1,0,0.8511,0.1481,Ecommerce,0
2744.78,5,1,1038,3,0,0,0.6581,0.0992,Card,0
1030.22,13,0,3088,4,0,0,0.6478,0.5901,UPI,0
3346.87,18,0,2866,4,0,0,0.8572,0.3934,UPI,0
893.55,18,0,3262,1,0,0,0.5703,0.561,Ecommerce,0
1069.12,5,0,64,1,0,0,0.4568,0.2149,Card,0
607.33,20,2,2210,3,0,0,0.9371,0.294,Card,0
1088.55,3,1,32,3,0,0,0.5834,0.0957,UPI,0
2316.57,6,1,141,0,0,0,0.7448,0.0604,UPI,0
712.02,20,0,225,1,1,0,0.8208,0.3324,Ecommerce,0
1890.0,14,1,2717,4,0,1,0.6065,0.2717,Card,0
467.13,13,0,2547,0,0,0,0.5644,0.1021,Card,0
2433.3,13,0,3122,3,0,1,0.987,0.0885,Card,0
596.51,23,0,2224,4,0,0,0.6645,0.5799,Card,0
2681.85,5,0,1951,2,1,1,0.6951,0.3213,UPI,0
1169.14,7,0,641,0,0,0,0.531,0.169,NetBanking,0
5415.4,11,1,2453,4,0,0,0.7418,0.2791,Card,0
326.43,20,2,3188,2,0,0,0.8279,0.1451,Card,0
232.76,13,0,1250,6,0,1,0.6449,0.1566,NetBanking,0
574.2,17,1,2439,2,0,0,0.735,0.1419,Card,0
256.25,19,0,1760,2,0,0,0.7547,0.2049,NetBanking,0
256.76,21,1,1828,3,1,0,0.377,0.1768,Card,0
2106.17,11,1,2794,1,0,0,0.9607,0.1336,UPI,0
1091.83,10,0,1023,0,0,0,0.866,0.219,NetBanking,0
662.71,1,1,3066,2,0,0,0.6857,0.286,Ecommerce,0
730.47,1,0,3448,1,0,0,0.7685,0.4733,UPI,0
585.75,11,1,409,2,0,0,0.852,0.5471,Card,0
6203.62,17,0,1792,1,0,0,0.8039,0.5866,UPI,0
506.6,20,0,67,1,1,0,0.5808,0.5248,UPI,0
273.63,9,0,1189,2,0,0,0.7598,0.4264,UPI,0
2529.69,13,0,1311,0,0,0,0.7775,0.2674,Ecommerce,0
874.33,19,0,2325,5,0,0,0.52,0.1619,UPI,0
9327.41,7,0,1372,2,0,0,0.6422,0.11,Ecommerce,1
631.11,3,1,1272,3,0,0,0.4028,0.0892,Card,0
2665.86,22,1,2708,3,0,0,0.8108,0.2192,Card,0
3416.28,13,0,2655,2,0,0,0.541,0.1099,UPI,0
634.35,3,1,37,2,0,0,0.668,0.2424,NetBanking,0
502.67,6,0,1184,2,0,0,0.9653,0.7067,Wallet,0
2388.53,7,1,2675,1,0,0,0.694,0.223,UPI,0
2005.48,4,0,366,0,1,0,0.785,0.1686,UPI,0
249.35,10,2,1880,1,0,0,0.9463,0.2872,Wallet,0
335.34,19,0,1725,1,1,0,0.5249,0.4486,UPI,1
76.46,17,0,2444,3,0,0,0.5017,0.3394,Card,0
2049.1,22,0,2369,2,0,0,0.9502,0.2455,Card,0
833.04,20,0,1785,0,0,0,0.865,0.5026,UPI,0
924.95,7,0,1450,2,0,0,0.4306,0.1796,Ecommerce,0
185.67,1,0,2769,1,0,0,0.5759,0.1963,UPI,0
346.19,3,0,1341,2,0,0,0.8578,0.3991,NetBanking,0
663.91,19,0,1533,0,0,0,0.708,0.0976,UPI,0
541.35,8,0,1472,3,0,0,0.8856,0.4341,UPI,0
1241.07,17,0,1215,2,0,0,0.7049,0.2065,UPI,0
2023.62,10,0,2206,2,0,0,0.816,0.1101,Card,0
11885.72,21,0,2230,1,0,0,0.5957,0.1416,NetBanking,0
1073.82,12,0,3148,2,0,0,0.6106,0.3621,NetBanking,0
3537.49,21,0,1559,2,0,0,0.4684,0.3418,Wallet,0
458.76,6,0,2661,0,0,0,0.6889,0.0719,UPI,0
188.92,18,0,1066,4,0,0,0.6158,0.1079,UPI,0
757.55,12,0,3369,4,0,0,0.8406,0.4189,UPI,0
204.87,4,1,3198,3,0,0,0.7327,0.6042,Ecommerce,0
1113.66,5,0,2072,1,0,0,0.9414,0.5153,UPI,0
483.24,7,0,2533,3,0,0,0.5076,0.1559,NetBanking,0
140.9,3,0,2032,0,0,0,0.6793,0.3116,UPI,0
6787.42,22,0,694,3,0,0,0.7438,0.2474,Card,0
623.63,5,0,3293,3,1,1,0.8229,0.2161,Card,0
196.47,14,1,2592,2,0,0,0.7931,0.5455,Card,0
2816.02,13,0,1473,0,0,0,0.7647,0.149,Card,0
510.28,12,2,888,4,0,0,0.8588,0.2514,UPI,0
3444.98,15,0,2342,1,0,0,0.7638,0.3651,UPI,0
507.72,21,0,1513,3,0,0,0.7374,0.3185,UPI,0
621.45,23,1,2900,3,0,0,0.9067,0.0378,UPI,0
1575.1,20,0,766,5,0,0,0.5571,0.3962,Ecommerce,0
2044.44,11,0,1826,2,0,0,0.7689,0.4594,UPI,0
2457.52,17,0,402,2,0,0,0.9477,0.2441,Wallet,0
998.02,4,1,2499,1,0,1,0.4132,0.4053,UPI,0
1910.36,21,0,1400,1,0,0,0.7313,0.467,NetBanking,0
2399.25,4,0,680,3,0,0,0.6354,0.2443,UPI,0
1353.7,2,1,1945,2,0,0,0.9327,0.2748,NetBanking,0
944.08,19,1,2002,2,0,1,0.6458,0.3808,UPI,0
240.43,18,0,1062,0,0,0,0.7603,0.048,Card,0
2057.27,3,0,3288,1,0,0,0.8999,0.2369,UPI,0
1146.29,23,0,268,1,0,1,0.3856,0.0816,NetBanking,0
710.31,2,0,1168,0,0,0,0.9619,0.2347,Ecommerce,0
4195.03,1,0,878,0,0,0,0.2849,0.2953,Card,0
244.88,22,0,3239,4,0,1,0.8758,0.6078,UPI,0
6162.5,5,0,865,6,0,0,0.8766,0.1423,Card,0
1071.28,5,1,776,1,0,0,0.7029,0.3127,Card,0
1530.57,19,2,2070,2,0,1,0.6083,0.4111,UPI,0
724.3,14,0,917,2,0,0,0.7823,0.1053,UPI,0
190.48,12,0,992,2,0,0,0.7619,0.286,NetBanking,0
947.1,23,1,862,1,1,0,0.6221,0.2606,UPI,0
1558.5,2,0,1871,2,0,0,0.7617,0.1647,Card,0
2230.62,22,0,2623,1,0,0,0.7027,0.1677,Ecommerce,0
890.75,6,0,1649,2,0,0,0.5712,0.2636,Card,0
109.71,14,0,3115,4,0,0,0.7297,0.239,UPI,0
217.29,7,0,937,3,0,0,0.5979,0.3075,UPI,0
9458.04,7,0,2958,2,0,0,0.7765,0.0902,Wallet,0
348.22,7,0,2596,2,0,0,0.8494,0.212,UPI,0
4906.92,13,0,264,5,0,0,0.7163,0.0189,NetBanking,0
411.25,21,1,2338,2,0,0,0.767,0.2453,Card,0
905.44,2,0,3474,2,0,0,0.3819,0.0647,Ecommerce,0
2114.28,15,0,2383,3,1,0,0.6454,0.1875,UPI,0
463.5,20,0,908,2,1,0,0.8959,0.4887,Ecommerce,0
5836.15,17,0,1521,2,0,0,0.7062,0.0757,UPI,0
1187.39,23,0,3043,4,0,0,0.475,0.3497,UPI,0
1779.15,0,2,1112,2,0,0,0.756,0.3043,NetBanking,0
828.0,8,1,1668,1,0,0,0.8773,0.1376,Card,0
2190.0,10,1,2070,5,0,0,0.4688,0.0478,Card,0
5754.47,12,0,2898,2,0,0,0.8502,0.1703,NetBanking,0
955.42,7,0,3357,4,0,0,0.8263,0.0191,UPI,0
6742.58,6,0,2468,2,0,0,0.8433,0.1584,Card,0
576.99,20,1,1522,3,0,0,0.9723,0.0854,Ecommerce,0
2446.22,5,0,1440,1,0,1,0.619,0.1871,NetBanking,0
1832.74,22,0,2330,0,0,1,0.9016,0.7741,UPI,0
357.09,0,1,265,0,0,0,0.7011,0.107,Ecommerce,0
1372.65,10,0,1552,4,0,0,0.4302,0.3214,UPI,0
1105.15,14,0,1248,2,0,1,0.854,0.0277,UPI,0
447.71,23,0,3264,0,0,0,0.8341,0.2746,Card,0
1597.03,18,0,2994,3,0,0,0.9097,0.0593,UPI,0
1278.71,0,0,931,3,0,0,0.7761,0.2408,NetBanking,0
1016.16,17,2,2295,2,0,1,0.7863,0.4687,NetBanking,1
1020.44,7,0,1608,2,0,0,0.84,0.1953,UPI,0
997.74,20,1,2907,0,0,0,0.6457,0.1646,Card,0
745.4,18,1,1731,5,0,0,0.9191,0.1618,Card,0
1270.07,4,1,2247,5,0,0,0.3936,0.0887,UPI,0
557.74,8,1,2552,0,0,0,0.767,0.313,UPI,0
17848.06,19,1,2882,3,1,0,0.9239,0.1064,NetBanking,0
249.68,22,0,2526,1,0,0,0.5317,0.5008,UPI,0
593.49,14,0,1043,1,0,0,0.9532,0.2209,Ecommerce,0
644.82,5,0,2589,3,0,0,0.856,0.2084,Ecommerce,0
9344.27,9,0,1112,0,0,0,0.3811,0.0563,Card,0
274.2,19,0,2567,1,0,0,0.5497,0.0652,UPI,0
1715.09,14,2,3323,2,1,0,0.7559,0.0075,Ecommerce,0
1423.41,4,0,1647,6,0,0,0.8508,0.5854,Card,0
1556.64,6,0,3124,2,0,0,0.7355,0.1152,UPI,0
4016.48,4,0,550,4,0,0,0.4937,0.255,Wallet,0
3930.89,11,0,1492,1,0,0,0.7989,0.2741,NetBanking,0
683.0,10,0,3047,3,0,0,0.8304,0.2711,Wallet,0
1344.42,13,1,2558,5,0,1,0.7419,0.4317,Ecommerce,0
154.89,22,0,1141,1,0,0,0.9746,0.1967,Ecommerce,0
1216.88,15,0,1756,1,0,0,0.7813,0.4304,Card,0
476.43,14,0,392,2,1,0,0.3319,0.1936,Ecommerce,0
901.71,8,0,2857,1,0,1,0.8697,0.3307,UPI,0
186.86,15,0,456,1,1,1,0.6076,0.1459,UPI,0
1677.59,22,0,1977,1,0,0,0.8705,0.3301,Card,0
184.68,0,0,1735,2,0,0,0.4928,0.2704,UPI,0
1281.39,8,2,2165,2,0,0,0.8741,0.0911,NetBanking,0
302.53,1,0,1494,6,0,0,0.841,0.2392,Card,0
449.38,4,0,305,3,0,0,0.8755,0.1202,Card,0
3686.63,1,1,2324,2,0,0,0.8546,0.5827,Card,0
2033.09,14,0,3132,1,0,0,0.871,0.2812,Ecommerce,0
3665.29,19,0,2144,2,0,0,0.7798,0.4515,Ecommerce,0
5640.42,22,1,159,1,0,0,0.6671,0.0965,Wallet,0
487.12,5,0,382,2,0,0,0.6103,0.5154,Card,0
5291.83,16,0,966,2,1,0,0.6756,0.0341,UPI,0
235.38,7,0,1043,2,1,0,0.7449,0.4376,Ecommerce,0
2400.44,7,0,435,4,0,0,0.8845,0.1308,UPI,0
653.27,14,1,3137,0,0,0,0.5037,0.147,UPI,0
412.89,16,2,2582,4,0,0,0.609,0.2138,NetBanking,0
2090.57,14,1,2685,2,0,0,0.9468,0.4588,Card,0
2957.79,2,0,3371,3,0,0,0.8221,0.2884,Wallet,0
2867.03,9,0,3047,1,1,0,0.8369,0.0645,Ecommerce,0
1374.17,6,2,604,2,0,0,0.9215,0.1873,Wallet,0
1259.61,0,0,83,3,0,0,0.9464,0.3507,UPI,0
1906.85,0,1,2555,4,1,0,0.8527,0.1245,NetBanking,1
1508.62,10,0,3192,0,1,0,0.605,0.098,UPI,0
1936.09,2,0,2455,2,0,0,0.7472,0.196,UPI,0
1358.59,17,0,3014,3,0,1,0.6827,0.396,Ecommerce,0
2656.92,1,0,2132,1,1,1,0.8753,0.4728,Ecommerce,0
198.63,5,0,1586,1,0,0,0.5233,0.2129,NetBanking,0
955.43,23,0,461,1,1,0,0.7748,0.1073,Ecommerce,0
256.46,17,0,2359,2,0,0,0.3781,0.6057,UPI,0
1466.36,13,0,1026,1,0,0,0.7425,0.4155,Card,0
6148.89,0,0,957,1,0,0,0.7177,0.0419,Ecommerce,0
666.61,1,0,3066,3,0,1,0.9247,0.0988,UPI,0
1253.4,21,0,2307,4,0,0,0.6569,0.2323,UPI,0
2426.76,19,1,1561,3,1,0,0.7199,0.1155,NetBanking,0
125.07,22,1,2797,4,0,0,0.6518,0.0856,NetBanking,0
633.83,19,0,2567,2,0,0,0.6648,0.0987,NetBanking,0
1607.99,0,1,1696,1,0,0,0.742,0.1835,UPI,0
52.36,19,1,3421,3,0,0,0.7786,0.2047,UPI,0
393.21,10,1,105,0,0,0,0.5847,0.311,UPI,0
3483.88,16,1,1729,1,0,0,0.8029,0.0576,Card,0
3143.67,9,0,1461,5,0,0,0.8648,0.0977,UPI,0
1624.63,17,0,434,1,0,0,0.7498,0.299,Wallet,0
2769.18,20,1,2539,3,0,0,0.8325,0.1745,Card,0
1374.52,23,0,357,3,1,0,0.681,0.1892,Wallet,0
1964.84,12,0,2465,2,0,0,0.8923,0.2394,Card,0
787.26,6,0,2641,5,0,0,0.9297,0.2019,Card,0
1238.43,14,1,1705,3,0,0,0.6878,0.1558,Card,0
564.54,11,0,860,1,0,0,0.8296,0.2813,Card,0
4132.58,4,1,3450,2,0,0,0.8122,0.3422,Ecommerce,0
5418.84,17,0,2470,1,0,0,0.5009,0.3517,NetBanking,0
4669.97,1,0,415,2,0,1,0.8315,0.1104,Card,0
714.43,9,0,2579,3,0,1,0.6437,0.1054,Ecommerce,0
402.84,16,3,559,5,0,0,0.8841,0.1696,UPI,0
4191.54,22,0,2183,2,0,0,0.5129,0.6921,Card,0
1941.28,14,0,909,6,0,0,0.5619,0.2979,UPI,0
1548.46,23,0,2224,0,0,0,0.6787,0.226,NetBanking,0
563.79,19,0,2813,0,1,0,0.9236,0.0728,Card,0
1714.62,5,0,2744,1,0,0,0.8562,0.2672,Wallet,0
350.88,20,1,2671,3,0,0,0.797,0.1238,UPI,0
2134.03,8,0,2477,3,0,0,0.8134,0.1594,UPI,0
4664.94,15,1,2706,1,0,0,0.9187,0.2151,Wallet,0
6079.01,4,0,3158,2,0,0,0.6784,0.2183,Wallet,0
2307.57,12,0,3079,1,0,0,0.4864,0.1977,UPI,0
256.95,16,1,2704,0,0,0,0.7189,0.1809,UPI,0
1349.1,21,0,1554,1,0,0,0.6761,0.446,UPI,0
10369.93,22,0,1031,1,0,0,0.9362,0.2681,Wallet,0
440.52,19,0,1119,2,0,0,0.9071,0.519,Wallet,0
1030.56,13,0,2148,1,0,0,0.731,0.3146,Card,0
4837.73,21,0,2104,1,0,0,0.5512,0.0666,Ecommerce,0
2096.43,2,0,1499,8,0,0,0.9199,0.264,Ecommerce,0
14826.39,23,1,1438,3,0,0,0.731,0.2085,Card,0
508.0,4,0,2540,3,0,0,0.8319,0.2898,Wallet,0
387.9,9,0,1836,0,0,0,0.6833,0.1088,Wallet,0
3965.28,21,0,72,0,0,0,0.7292,0.4659,Card,0
312.41,17,0,496,3,0,0,0.8604,0.1375,Ecommerce,0
891.94,20,0,1163,0,0,0,0.4725,0.3607,NetBanking,0
1023.59,16,0,1391,1,1,0,0.8849,0.4997,UPI,0
3254.48,14,0,2565,6,0,0,0.6551,0.1294,Card,0
2090.13,4,0,1657,5,0,0,0.7373,0.2997,Card,0
1772.1,23,0,1497,2,0,0,0.7514,0.193,NetBanking,0
718.7,15,0,312,0,0,0,0.5141,0.0824,NetBanking,0
3927.48,16,0,220,3,0,0,0.9041,0.6785,UPI,0
75140.52,10,1,3480,1,0,0,0.5464,0.2126,UPI,0
2266.17,22,1,3015,3,0,0,0.7198,0.1799,Ecommerce,0
1217.62,10,1,138,2,0,0,0.7376,0.3266,Ecommerce,0
280.69,4,0,1592,1,1,1,0.838,0.4724,UPI,0
561.52,4,0,3218,2,0,0,0.8619,0.2648,Card,0
876.21,16,0,2494,2,0,1,0.7483,0.3412,Card,0
625.57,17,0,287,1,0,0,0.5271,0.2562,UPI,0
1078.28,4,0,1506,2,0,1,0.6217,0.0674,UPI,1
7093.38,16,2,3008,2,0,1,0.5618,0.5825,Ecommerce,0
4062.38,23,1,1052,3,0,0,0.9196,0.0998,UPI,0
928.18,12,0,1922,2,0,1,0.9385,0.1146,NetBanking,0
308.37,23,0,1134,0,1,0,0.3871,0.0084,Wallet,0
4465.94,3,0,692,2,0,0,0.5021,0.1413,UPI,0
1041.58,9,2,3010,1,0,0,0.681,0.5437,UPI,0
178.96,13,0,815,2,0,0,0.9075,0.3726,NetBanking,0
2317.05,8,0,2043,4,0,0,0.7834,0.1125,UPI,0
3219.47,2,1,1235,6,0,0,0.7805,0.0055,Wallet,0
85.87,10,1,2148,3,1,0,0.6378,0.1985,UPI,0
461.38,8,1,2780,1,0,0,0.6842,0.1626,Card,0
976.55,4,0,1937,4,0,0,0.6469,0.269,UPI,0
2371.4,8,0,520,2,0,0,0.6922,0.279,UPI,0
638.08,10,0,1010,5,0,0,0.816,0.3139,UPI,0
457.72,21,0,853,1,0,0,0.8361,0.1731,Card,0
2353.19,11,1,2412,3,0,0,0.8592,0.1735,Card,0
670.66,9,0,2426,3,0,0,0.8796,0.164,Card,0
1937.51,9,0,507,1,0,0,0.8142,0.2882,Wallet,0
341.35,14,0,2151,3,0,1,0.7411,0.5415,UPI,0
265.08,6,0,1627,1,0,0,0.8039,0.1348,Ecommerce,0
2423.66,20,1,1476,2,0,0,0.8233,0.0348,Card,0
1429.59,10,1,3004,7,0,0,0.9762,0.2269,NetBanking,0
2888.75,10,0,218,0,0,0,0.9354,0.405,Card,0
626.89,1,0,2544,4,0,0,0.8065,0.0841,Card,0
475.87,21,0,1957,1,0,0,0.8675,0.2926,Card,0
4576.8,11,0,909,2,0,0,0.9215,0.3341,NetBanking,0
221.6,3,0,807,3,0,0,0.9861,0.2176,Wallet,0
4080.74,4,0,578,1,0,0,0.5539,0.3309,UPI,0
4387.57,8,0,2145,2,0,0,0.5932,0.1741,UPI,0
2705.64,18,0,2295,5,0,0,0.8513,0.1336,NetBanking,0
532.62,2,0,965,0,1,0,0.7896,0.1805,Card,0
465.28,2,1,1339,5,1,0,0.7223,0.1797,Card,0
879.58,13,1,3431,3,0,0,0.8581,0.2473,UPI,0
281.52,11,0,2469,4,0,0,0.8503,0.1423,Ecommerce,0
399.5,22,0,2069,4,0,0,0.7037,0.1741,Card,0
2158.07,18,0,424,3,0,0,0.7709,0.687,UPI,0
2168.56,15,0,2002,2,0,0,0.7476,0.5701,NetBanking,0
364.29,8,1,1380,6,0,0,0.606,0.1759,UPI,0
2230.38,15,0,2929,2,0,0,0.5839,0.061,UPI,0
1766.96,14,0,678,2,0,0,0.6239,0.148,Ecommerce,0
5352.83,6,0,3476,1,0,0,0.8014,0.2665,Card,0
1993.39,8,1,3295,6,0,0,0.8088,0.3577,Wallet,0
3332.61,22,0,2728,0,0,0,0.6815,0.1573,Wallet,0
1809.73,12,0,1755,3,0,0,0.8485,0.2322,UPI,0
3068.44,11,1,2081,4,0,0,0.9681,0.0452,UPI,0
283.87,19,0,3172,2,0,0,0.8437,0.3088,UPI,0
965.04,6,0,3023,0,0,0,0.7843,0.1375,UPI,0
1052.65,5,1,2832,1,0,0,0.8128,0.1959,UPI,0
849.0,23,2,639,2,0,0,0.9009,0.2939,Wallet,0
1747.74,19,2,1431,4,0,0,0.7802,0.4683,UPI,0
2134.74,10,1,2676,3,0,0,0.6796,0.2916,Card,0
1655.52,22,0,441,1,0,1,0.7143,0.057,Card,0
910.7,8,0,2381,4,1,0,0.9511,0.2449,NetBanking,0
506.48,16,2,1258,0,0,0,0.8872,0.2149,UPI,0
3470.47,0,0,1974,5,0,0,0.8695,0.354,UPI,0
1583.23,16,0,3213,4,0,0,0.1987,0.5278,UPI,0
376.33,4,1,3034,2,0,1,0.4826,0.1464,UPI,0
894.82,5,0,1291,4,1,0,0.6209,0.3299,Card,0
175.83,19,0,2485,4,0,0,0.8649,0.0872,Card,0
1138.13,4,0,45,5,0,0,0.7902,0.5466,NetBanking,0
890.43,11,0,2510,1,0,1,0.7208,0.1179,NetBanking,0
599.93,22,0,488,1,0,0,0.8347,0.4175,UPI,0
5789.67,22,0,3184,3,0,1,0.5773,0.0523,UPI,0
325.72,10,1,1047,0,0,0,0.8776,0.239,Wallet,0
2302.41,2,0,2450,3,0,0,0.7791,0.3315,UPI,0
10894.83,6,1,2334,4,0,0,0.7667,0.1632,Ecommerce,0
3398.64,14,1,899,2,0,0,0.8091,0.5433,Wallet,0
1060.91,8,0,2935,0,1,0,0.4831,0.3331,Ecommerce,0
333.36,17,0,648,5,0,0,0.8335,0.2195,Card,0
262.39,23,0,3151,3,0,0,0.8413,0.2082,Card,0
711.85,14,0,1799,1,1,0,0.8607,0.1779,UPI,0
533.07,14,0,1636,2,0,0,0.5495,0.2155,NetBanking,0
515.16,12,0,827,3,1,0,0.7952,0.1658,Ecommerce,0
778.5,4,0,36,1,0,0,0.7144,0.245,UPI,0
985.0,13,0,2450,1,0,1,0.6085,0.0588,Card,0
1825.25,22,0,2565,1,0,0,0.8649,0.0641,UPI,0
298.96,16,0,2950,3,0,0,0.8881,0.1756,UPI,0
535.74,18,0,3375,1,0,1,0.8137,0.3284,UPI,0
927.36,20,0,1026,2,1,0,0.6605,0.4484,UPI,0
893.14,9,0,1988,2,0,0,0.6302,0.1039,Card,0
7542.02,8,1,3197,1,0,0,0.5874,0.4399,NetBanking,0
1399.48,23,0,1987,5,0,0,0.7183,0.4457,Card,0
201.49,11,0,2615,2,1,1,0.7984,0.2364,UPI,0
1701.2,17,0,2499,3,0,0,0.8897,0.329,NetBanking,0
1944.86,15,0,3458,2,0,0,0.7781,0.0295,Ecommerce,0
961.62,2,1,1196,0,0,0,0.7269,0.2078,NetBanking,0
306.72,7,0,701,4,0,0,0.6474,0.0759,Ecommerce,0
6946.25,7,0,3205,2,0,0,0.9195,0.4727,Card,0
356.6,4,1,1619,3,0,0,0.7819,0.1655,Wallet,0
2194.72,18,1,684,6,0,0,0.8662,0.23,Wallet,0
1352.96,23,1,2243,2,0,0,0.7827,0.0306,UPI,0
2060.8,23,3,2981,1,0,0,0.7081,0.2846,Card,0
6582.7,4,0,2671,4,0,0,0.7952,0.2879,Card,0
1977.76,10,1,1180,0,0,0,0.4675,0.2448,NetBanking,0
609.97,5,1,3192,0,1,0,0.4616,0.322,Ecommerce,0
3502.71,1,1,147,1,0,0,0.8264,0.2821,Card,0
565.29,14,1,3120,1,0,0,0.7916,0.27,UPI,0
1302.1,20,0,646,2,0,0,0.9395,0.1152,NetBanking,0
282.1,1,0,831,0,0,0,0.7052,0.244,UPI,0
370.57,15,1,1104,2,1,0,0.5867,0.2712,Ecommerce,0
1157.43,0,0,1482,1,0,0,0.6732,0.1385,Ecommerce,0
1614.03,20,0,174,1,0,0,0.8512,0.0388,Ecommerce,0
183.55,1,0,2516,5,0,0,0.6882,0.3068,UPI,0
1848.54,10,0,465,1,0,0,0.563,0.4786,Ecommerce,0
463.87,2,0,469,5,0,0,0.7602,0.0797,Card,0
4203.5,9,0,23,1,0,1,0.7276,0.3632,NetBanking,0
757.81,10,2,3358,2,0,0,0.4769,0.498,Card,0
337.04,12,1,175,0,0,1,0.4077,0.2581,Card,0
1187.49,19,0,2616,2,0,0,0.753,0.6653,UPI,0
419.03,23,1,2220,2,1,0,0.4578,0.1169,Ecommerce,0
4156.35,8,0,2902,2,0,0,0.7229,0.2159,NetBanking,0
1097.24,22,1,1579,0,1,0,0.4931,0.1453,Card,0
935.18,10,0,3176,0,0,0,0.6363,0.5797,UPI,0
2041.4,2,0,1654,1,0,0,0.6692,0.3772,Card,0
381.76,14,0,628,5,1,0,0.4769,0.1569,Card,0
283.27,17,0,3158,2,1,0,0.7641,0.3306,UPI,0
1683.73,7,0,1481,2,0,0,0.5285,0.0834,Card,0
345.62,14,0,28,0,0,0,0.3824,0.1434,Card,0
345.5,10,0,2283,3,0,0,0.6722,0.4447,Card,0
2640.16,3,0,1127,0,0,0,0.6966,0.1798,Card,0
1903.25,9,1,2879,1,0,0,0.1993,0.1669,UPI,0
293.97,10,2,542,3,0,0,0.8167,0.1052,Card,0
572.44,8,0,2584,0,0,0,0.6901,0.0614,Card,0
424.57,21,0,2907,1,0,0,0.9423,0.0927,Card,0
7080.75,9,1,431,3,0,0,0.8464,0.3744,UPI,0
2839.29,15,0,2050,1,0,0,0.9369,0.4241,Card,0
704.94,0,0,2262,2,0,0,0.8123,0.1134,Wallet,0
2008.22,7,1,3227,0,0,0,0.7897,0.1628,Card,0
264.01,21,0,1034,2,0,0,0.5458,0.1651,UPI,0
541.16,21,0,1706,2,0,0,0.7022,0.1423,NetBanking,0
1224.28,23,1,1426,0,0,0,0.9056,0.3526,Wallet,0
1763.12,1,0,1312,3,0,0,0.7006,0.3348,UPI,0
989.96,20,1,3479,3,0,1,0.5253,0.1949,Card,0
1422.85,6,1,2297,6,0,0,0.8773,0.2529,Ecommerce,0
1190.65,0,0,555,2,0,0,0.8656,0.0441,UPI,0
923.57,2,0,3025,2,1,0,0.4205,0.3942,Wallet,0
803.56,18,0,371,1,0,0,0.6781,0.337,Wallet,0
700.94,14,1,3069,4,0,0,0.6394,0.0931,Ecommerce,0
1399.03,13,0,1436,1,0,0,0.4668,0.237,Ecommerce,0
1688.1,21,1,2369,3,0,0,0.5952,0.3109,UPI,0
1350.56,2,0,3025,4,0,1,0.5005,0.0954,UPI,0
318.13,1,0,3051,2,0,0,0.6841,0.185,NetBanking,0
384.19,22,1,573,3,0,0,0.7082,0.4349,Card,0
1667.08,14,1,1423,0,0,0,0.8017,0.1843,UPI,0
5142.31,18,0,286,1,1,0,0.6029,0.0735,UPI,0
1286.96,12,0,2254,2,0,1,0.5686,0.0952,NetBanking,0
711.77,3,0,1470,2,1,0,0.9644,0.3996,Card,0
1387.91,12,0,3494,6,0,0,0.8453,0.2334,Wallet,0
332.4,23,1,2215,1,0,0,0.8085,0.2518,Card,0
4334.62,2,0,1539,0,1,0,0.5829,0.0841,NetBanking,0
1333.98,3,0,547,3,0,0,0.8827,0.1149,Ecommerce,0
542.98,8,0,1010,1,1,1,0.7575,0.3426,NetBanking,0
920.45,10,0,2817,2,0,0,0.9289,0.2579,Ecommerce,0
630.56,15,1,507,4,0,1,0.5392,0.0749,UPI,0
4347.05,3,1,2961,4,0,0,0.8466,0.2758,Ecommerce,0
886.83,22,0,2110,7,1,0,0.799,0.2091,Card,0
1290.95,3,1,1832,2,0,0,0.7721,0.3968,Ecommerce,0
2003.02,4,0,1672,1,0,0,0.7176,0.6288,Wallet,0
503.81,23,0,113,2,0,0,0.5555,0.0779,UPI,0
1343.99,9,1,796,1,0,0,0.5278,0.2963,NetBanking,0
1462.87,13,0,1809,1,0,0,0.1827,0.1062,NetBanking,0
214.48,10,0,1701,2,0,0,0.9505,0.1255,Ecommerce,0
1429.86,6,0,755,3,0,0,0.6459,0.1553,Card,0
1045.19,12,0,2811,2,0,0,0.7384,0.2363,NetBanking,0
1256.98,18,0,1565,2,0,0,0.5968,0.2721,Card,0
1138.44,0,2,1361,2,0,0,0.6003,0.1608,Card,0
1439.61,21,2,2660,0,1,0,0.7517,0.0694,Card,0
4465.83,4,0,527,4,0,0,0.7815,0.0481,NetBanking,0
317.83,22,1,197,0,0,0,0.733,0.2341,Ecommerce,0
765.66,23,0,1134,0,0,0,0.5503,0.0195,Card,0
2208.24,22,0,7,1,0,0,0.7537,0.0818,UPI,0
1817.05,15,0,1303,2,0,0,0.8782,0.0697,Card,0
1776.46,21,1,473,0,1,0,0.8984,0.1174,NetBanking,0
19756.86,20,0,2310,2,0,0,0.9155,0.2109,NetBanking,0
2089.84,15,0,165,2,0,0,0.6157,0.3175,Ecommerce,0
3595.67,21,1,728,2,0,0,0.7786,0.0589,UPI,0
794.39,8,0,916,0,0,0,0.9037,0.1906,Card,0
386.62,20,0,2090,3,0,0,0.6592,0.0968,Card,0
788.37,22,0,1419,1,0,0,0.5372,0.0286,UPI,0
2315.91,15,1,2691,3,0,0,0.9732,0.3241,UPI,0
1681.04,2,1,2730,1,0,1,0.79,0.1527,NetBanking,0
1674.74,5,1,1352,1,0,0,0.5746,0.3078,UPI,0
875.63,4,1,112,3,0,0,0.8909,0.1342,Card,0
740.63,12,1,3361,6,0,0,0.6632,0.683,Ecommerce,0
907.91,10,0,1233,3,0,0,0.6877,0.3175,Wallet,0
2346.54,19,0,1885,2,0,0,0.9127,0.167,Card,0
2651.19,6,0,3253,1,0,0,0.9587,0.1511,Ecommerce,1
381.25,3,0,2284,1,0,0,0.5241,0.107,UPI,0
2441.72,14,0,2020,2,0,0,0.9378,0.4047,Card,0
553.77,3,0,1193,4,1,0,0.6826,0.2621,UPI,0
1794.3,21,1,2894,1,0,0,0.6198,0.1218,UPI,0
896.44,1,0,686,3,0,0,0.9232,0.0913,Card,0
5676.43,11,0,1695,3,0,0,0.5594,0.0975,Wallet,0
706.99,22,1,1229,1,0,1,0.7564,0.6513,NetBanking,0
1322.85,13,1,346,2,1,0,0.4991,0.4089,Card,0
2073.35,19,0,975,3,0,0,0.8338,0.3512,UPI,0
438.05,10,0,659,5,0,0,0.9272,0.2304,Ecommerce,0
1015.87,18,1,323,0,0,0,0.5316,0.2182,Wallet,0
828.89,16,0,2654,1,1,0,0.8145,0.3122,Card,0
639.38,12,0,2490,1,0,1,0.4788,0.3029,UPI,0
691.1,2,0,3025,1,0,0,0.8996,0.1001,Ecommerce,0
3524.93,23,0,113,3,0,0,0.8948,0.1013,Card,0
584.95,1,0,1640,2,1,1,0.6343,0.0361,Card,0
1987.69,8,1,2314,2,1,0,0.3059,0.0639,UPI,0
1525.88,15,1,1727,2,0,0,0.8384,0.3049,Ecommerce,0
252.94,18,0,96,0,0,0,0.7837,0.1927,UPI,0
1891.5,12,1,1579,2,0,0,0.7925,0.1628,UPI,0
248.59,9,0,441,4,0,0,0.5726,0.4033,Card,0
2120.69,9,0,71,2,0,1,0.7631,0.2728,Card,0
643.84,23,0,2559,5,0,0,0.6309,0.4592,Wallet,0
1106.31,8,1,340,1,0,0,0.7124,0.5909,UPI,0
281.75,20,1,1051,4,0,0,0.6041,0.2856,Wallet,0
1247.01,1,0,3471,2,0,0,0.6157,0.1309,Card,0
2902.41,15,0,3318,1,0,0,0.8406,0.2818,Card,0
469.98,16,0,153,2,0,1,0.317,0.1616,UPI,0
579.68,16,0,1407,3,0,0,0.9667,0.3273,UPI,0
1767.55,10,0,1225,1,0,0,0.8574,0.198,Card,0
1814.56,16,0,2179,2,0,0,0.6833,0.2651,Ecommerce,0
85.12,10,1,2419,1,0,0,0.5634,0.0616,Card,0
9101.34,14,0,269,0,0,0,0.9256,0.0642,Card,0
1910.23,21,0,1490,4,0,0,0.6034,0.2408,NetBanking,0
2279.62,16,0,984,1,0,1,0.8167,0.0222,Card,0
943.2,17,0,3439,2,0,0,0.7935,0.5982,Ecommerce,0
156.32,23,0,1026,5,0,0,0.7639,0.0311,UPI,0
2227.11,5,0,121,2,0,1,0.4623,0.3365,NetBanking,1
605.8,14,1,2187,2,0,1,0.7111,0.084,UPI,0
1941.33,15,1,3061,1,0,0,0.4295,0.2637,Wallet,0
871.54,16,2,2877,2,0,0,0.7498,0.2073,UPI,0
1408.02,3,0,477,2,1,0,0.5809,0.231,UPI,0
486.02,18,0,2600,0,0,1,0.6208,0.5066,UPI,0
2717.88,4,0,722,3,0,0,0.9749,0.1139,Ecommerce,0
314.88,9,1,511,3,0,0,0.8064,0.2135,UPI,0
11589.42,17,0,1852,1,0,0,0.6049,0.2018,UPI,0
11497.05,6,0,2820,0,0,0,0.5233,0.4051,Ecommerce,0
6089.58,3,1,3050,1,0,0,0.7035,0.2523,UPI,0
4184.96,16,0,2167,2,0,1,0.5256,0.0735,Card,0
1003.47,6,1,1453,5,0,0,0.697,0.4089,Ecommerce,0
3732.65,19,0,2054,3,0,1,0.79,0.5439,UPI,0
991.3,21,0,1032,1,0,0,0.8106,0.3023,UPI,0
214.61,8,0,479,1,1,0,0.5083,0.2013,UPI,0
5315.39,17,0,1410,3,0,0,0.5211,0.1019,NetBanking,0
3587.7,5,2,597,1,0,0,0.529,0.3702,UPI,0
1061.13,22,0,336,0,0,0,0.7442,0.2762,Ecommerce,0
302.95,5,1,2617,5,1,0,0.8204,0.2793,Card,0
592.58,21,0,2934,4,0,1,0.9462,0.2741,UPI,0
162.03,18,1,2623,4,0,0,0.9006,0.4465,UPI,0
2958.2,7,0,3203,4,0,1,0.7009,0.0778,NetBanking,0
203.67,19,0,1700,1,0,0,0.7696,0.2677,UPI,0
1482.04,15,0,2367,2,0,0,0.8639,0.1692,Card,0
452.2,16,0,715,4,0,0,0.9373,0.0631,UPI,0
245.17,9,1,1560,6,0,1,0.4753,0.2222,UPI,0
1408.49,5,0,358,1,0,0,0.9118,0.4991,Ecommerce,0
772.41,16,0,2152,3,0,0,0.9705,0.0791,Ecommerce,0
2644.13,1,0,1530,2,0,0,0.6405,0.0087,UPI,0
289.75,8,0,1934,2,0,1,0.3113,0.4484,UPI,0
495.13,3,2,2990,1,0,0,0.4753,0.2672,UPI,0
89.39,0,0,187,0,0,0,0.8452,0.1071,UPI,0
110.66,0,3,1561,1,0,0,0.8687,0.0827,Wallet,0
7245.25,2,0,1384,1,0,0,0.8287,0.167,UPI,0
9776.9,22,0,2592,0,0,0,0.8232,0.1582,Card,0
1208.77,18,0,2301,4,0,0,0.5497,0.4761,UPI,0
461.73,23,0,2523,2,0,1,0.8092,0.1725,Card,0
801.62,2,1,2968,0,0,0,0.8915,0.1268,UPI,0
2744.22,23,0,1047,2,0,0,0.8121,0.7328,Card,0
638.99,14,2,1260,1,0,0,0.8083,0.4064,Card,0
1407.42,19,0,1218,4,0,0,0.6447,0.1005,Card,0
1082.04,20,2,2868,4,0,0,0.9597,0.1945,Card,0
603.5,6,0,1630,3,0,1,0.8047,0.2451,NetBanking,0
631.12,17,0,2650,4,0,0,0.7978,0.3296,Ecommerce,0
1492.17,15,1,862,6,0,0,0.3956,0.1877,Ecommerce,0
393.18,9,0,3253,1,0,0,0.5408,0.0238,NetBanking,0
1762.2,11,1,1697,2,0,0,0.7775,0.1296,UPI,0
668.37,5,0,3463,2,0,0,0.7314,0.0364,Ecommerce,0
1253.55,4,1,1567,2,0,1,0.6461,0.1956,UPI,0
4689.87,22,0,152,2,0,0,0.9421,0.0868,Card,0
919.1,17,0,926,3,0,0,0.7639,0.1583,UPI,0
2880.72,13,0,1535,2,0,0,0.439,0.2853,NetBanking,0
167.06,16,1,470,3,0,1,0.6788,0.2771,UPI,0
669.22,9,1,2709,3,0,0,0.758,0.4525,Ecommerce,0
1128.98,5,4,1224,1,0,0,0.1927,0.3949,UPI,0
8262.62,22,0,2882,2,0,0,0.7584,0.1665,Wallet,0
140.06,23,0,3375,1,0,0,0.8812,0.4278,UPI,0
991.26,5,0,296,2,0,0,0.778,0.5223,UPI,0
5062.03,19,0,981,5,0,0,0.6573,0.2745,UPI,0
480.93,10,0,2125,0,0,0,0.7092,0.3091,UPI,0
877.01,16,0,3029,2,0,1,0.8277,0.256,Wallet,0
1553.59,2,1,3145,1,0,1,0.5564,0.2034,Ecommerce,0
1331.06,11,0,686,1,0,0,0.5014,0.3766,UPI,0
5676.32,2,0,800,5,1,0,0.846,0.0642,Ecommerce,0
1756.18,19,0,700,1,0,0,0.7958,0.157,Card,0
4421.18,9,1,1220,3,0,0,0.7903,0.2116,Ecommerce,0
751.44,6,1,2143,1,0,0,0.8592,0.3858,Card,0
503.94,16,0,1386,1,1,0,0.7926,0.1286,UPI,0
865.23,22,1,2544,2,0,0,0.333,0.194,UPI,0
324.71,8,2,1385,3,0,0,0.8086,0.2193,UPI,0
1821.99,17,1,2066,3,0,0,0.8051,0.1025,UPI,0
731.3,16,0,1969,1,0,0,0.7116,0.3458,UPI,0
541.65,11,0,891,1,0,0,0.6193,0.0869,NetBanking,0
1851.2,19,0,219,1,0,0,0.902,0.418,Card,0
330.0,3,1,778,0,0,0,0.7902,0.5256,Card,0
2462.73,21,1,2728,0,0,1,0.7874,0.363,Card,0
663.64,9,0,2616,2,0,0,0.5836,0.1185,Card,0
3703.57,1,0,436,1,0,0,0.3202,0.2387,UPI,0
726.05,23,1,1348,1,0,0,0.9701,0.2802,UPI,0
2129.21,18,1,2847,1,1,0,0.9116,0.3514,Ecommerce,0
1324.17,19,0,2826,2,0,0,0.3357,0.1145,Wallet,0
2394.9,3,0,66,3,0,1,0.7708,0.1659,Ecommerce,0
1230.83,18,1,2752,2,0,0,0.6889,0.0932,Wallet,0
191.22,16,0,2756,1,0,0,0.8526,0.1579,Card,0
3162.86,21,1,413,1,0,0,0.8085,0.1188,Card,0
1000.18,8,0,1247,1,0,0,0.7796,0.0614,Wallet,0
2512.4,22,1,194,4,0,0,0.6546,0.4753,Card,0
2263.71,16,0,2297,0,0,1,0.9229,0.4458,Card,0
486.89,6,2,3017,3,0,0,0.7997,0.3205,UPI,0
419.67,5,1,632,3,0,0,0.9054,0.1682,Card,0
2182.27,21,1,1236,0,0,0,0.8683,0.3634,NetBanking,0
797.59,15,0,1882,1,0,0,0.5768,0.1947,Card,1
2931.44,2,1,258,1,0,0,0.7234,0.2713,Card,0
909.49,3,3,1051,6,0,0,0.6974,0.2536,Ecommerce,0
3211.78,19,0,766,3,0,0,0.2597,0.1663,Ecommerce,0
1710.38,4,0,20,2,0,0,0.7064,0.3479,Card,0
1483.82,5,0,2341,3,0,0,0.7419,0.2059,Ecommerce,0
740.47,14,0,2539,3,0,0,0.7825,0.1207,Card,0
1399.75,20,0,288,1,0,1,0.3587,0.4564,UPI,0
3837.19,8,0,465,1,0,0,0.6253,0.1909,UPI,0
1035.95,15,1,253,1,0,0,0.5951,0.4147,Card,0
1915.5,16,0,3289,1,0,0,0.8316,0.1163,Ecommerce,0
1151.34,14,0,1996,2,0,0,0.629,0.4384,UPI,0
1249.92,16,0,1906,2,0,0,0.4816,0.1387,Wallet,0
6698.11,5,1,308,2,0,0,0.7646,0.2643,UPI,0
3873.12,14,1,12,0,0,0,0.8706,0.1543,Card,0
1191.98,0,2,3248,3,0,0,0.856,0.1864,Wallet,0
1373.58,17,0,3307,0,0,0,0.808,0.521,Card,0
524.81,19,1,1909,1,0,0,0.2528,0.0532,Card,0
914.5,19,0,470,3,0,0,0.6361,0.5259,UPI,0
1517.57,0,0,110,4,0,0,0.8885,0.3557,UPI,0
2678.85,21,0,2919,1,0,0,0.7503,0.4644,NetBanking,0
2408.31,10,0,1854,2,0,0,0.8203,0.156,Ecommerce,0
342.16,1,1,1157,1,0,0,0.6377,0.283,NetBanking,0
3058.96,12,0,49,5,0,0,0.9471,0.1766,Wallet,0
999.03,13,1,1991,3,0,0,0.7955,0.2894,UPI,0
389.03,9,0,3074,2,0,0,0.8886,0.2992,UPI,0
4461.34,17,0,2926,4,0,0,0.9701,0.1888,UPI,0
5097.18,13,0,2561,4,0,0,0.9744,0.2218,Ecommerce,0
1446.55,5,1,182,4,0,0,0.3962,0.5094,UPI,0
2308.22,14,2,2650,1,0,0,0.9546,0.4518,Wallet,0
2454.85,6,0,2382,4,0,0,0.7722,0.2216,UPI,0
4748.39,2,2,2938,3,0,0,0.8472,0.7423,UPI,1
2355.41,6,0,525,1,0,0,0.6392,0.2725,Ecommerce,0
272.03,21,0,3019,1,0,0,0.6638,0.2518,Ecommerce,0
9047.99,13,0,2509,4,0,0,0.8127,0.1694,Card,0
3357.46,7,0,2678,2,0,0,0.653,0.1301,UPI,0
642.26,8,0,568,0,0,0,0.9187,0.3184,UPI,0
372.0,20,1,2994,1,0,0,0.8663,0.4288,Card,0
1863.21,15,0,83,1,0,0,0.7094,0.0591,Card,0
818.79,18,0,784,0,1,0,0.705,0.2569,Card,0
1550.75,14,0,549,2,0,0,0.7032,0.1531,NetBanking,0
2393.66,23,0,816,4,0,0,0.8883,0.3382,UPI,0
605.0,15,0,2192,3,0,0,0.4517,0.0973,UPI,0
339.71,9,0,3239,2,0,1,0.7045,0.2419,Card,0
1644.36,6,0,3450,3,0,0,0.8237,0.1753,UPI,0
626.37,1,0,386,1,0,1,0.5715,0.4024,Card,0
1278.45,18,0,3395,1,0,0,0.9313,0.2503,UPI,0
267.6,22,0,387,0,0,1,0.662,0.3929,NetBanking,0
841.52,15,0,2611,7,0,0,0.7794,0.1844,Ecommerce,0
2323.2,11,0,649,1,1,0,0.5184,0.2192,Card,0
2071.92,3,1,2887,1,1,0,0.7123,0.0609,Card,0
479.25,15,0,1226,2,0,0,0.9014,0.296,Card,0
321.6,4,0,3059,2,0,0,0.8091,0.1167,UPI,0
1114.94,14,0,1899,0,0,0,0.7836,0.1948,NetBanking,0
1976.5,7,0,1852,3,0,0,0.7633,0.193,UPI,0
1678.13,20,0,1546,5,0,0,0.6796,0.3964,Ecommerce,0
640.49,22,0,805,4,0,0,0.8234,0.0963,UPI,0
1499.24,5,1,1807,2,0,0,0.622,0.153,Ecommerce,0
5310.67,7,0,2316,1,0,0,0.6979,0.1751,Card,0
1360.22,22,0,496,3,0,0,0.907,0.216,Card,0
197.39,0,1,501,2,0,0,0.8854,0.3243,Card,0
1357.45,12,0,1499,1,0,0,0.4668,0.4263,Card,0
9378.31,3,0,2914,4,0,0,0.581,0.2603,Card,0
283.79,10,2,1240,1,0,0,0.3784,0.2015,UPI,0
1131.4,0,0,1446,3,0,0,0.7687,0.1297,Wallet,0
864.67,3,1,3357,3,0,0,0.4413,0.2147,UPI,0
1212.79,9,0,937,4,0,0,0.5098,0.223,UPI,0
1344.75,1,0,1287,1,0,0,0.5342,0.1792,Ecommerce,0
3629.94,19,0,2953,0,0,0,0.845,0.1083,UPI,0
1198.74,13,0,1817,2,0,1,0.7445,0.2917,UPI,0
4192.79,10,0,395,1,0,0,0.7627,0.2021,Wallet,0
969.19,11,1,757,2,0,0,0.8403,0.1333,UPI,0
759.27,20,0,3412,2,0,0,0.8736,0.3614,Card,0
543.13,20,0,2838,3,1,0,0.761,0.1181,Card,0
162.72,1,1,3326,1,0,0,0.7411,0.3327,NetBanking,0
1464.94,16,0,1684,3,0,0,0.8847,0.1937,Card,0
9477.73,11,0,2133,1,0,0,0.6681,0.1998,NetBanking,0
1774.28,18,0,487,1,0,0,0.6197,0.2703,Card,0
2255.4,18,0,2494,4,0,0,0.7417,0.1798,Ecommerce,0
710.75,16,0,1996,1,0,0,0.478,0.0989,Wallet,0
848.48,16,0,136,3,0,0,0.7465,0.406,Card,0
3083.66,5,0,2965,4,0,0,0.6691,0.2665,Card,0
9037.41,20,1,1533,3,0,0,0.7685,0.0909,UPI,0
5230.94,16,0,3476,0,0,0,0.6856,0.0551,UPI,0
2554.23,6,2,3096,2,0,0,0.5378,0.2478,Ecommerce,0
1137.86,5,0,1475,1,0,0,0.3819,0.1419,UPI,0
1366.77,12,0,47,4,0,0,0.6871,0.1498,Card,0
497.11,8,0,519,0,0,0,0.6387,0.3367,Ecommerce,0
239.71,16,0,1022,3,0,0,0.875,0.3004,UPI,0
335.92,9,0,1046,1,0,0,0.8083,0.3429,Card,0
1155.5,4,0,1242,4,1,0,0.8325,0.2088,NetBanking,0
807.07,9,0,3343,1,0,0,0.8898,0.1299,NetBanking,0
234.41,19,0,2365,1,0,0,0.8592,0.211,UPI,0
1054.49,19,1,674,2,0,0,0.8361,0.1808,UPI,0
784.97,7,0,2469,4,0,0,0.7359,0.349,Card,0
320.06,19,0,204,0,0,0,0.7466,0.3764,UPI,0
743.46,2,0,234,3,1,0,0.4275,0.1448,NetBanking,0
782.9,23,1,2258,1,1,0,0.6926,0.0894,UPI,0
573.94,18,0,766,0,0,1,0.6305,0.3231,UPI,0
2901.56,0,0,1534,2,0,0,0.8824,0.1563,Card,0
148.7,16,0,2890,2,0,0,0.8001,0.2173,UPI,0
136.31,11,1,1364,0,0,0,0.6457,0.2715,UPI,0
1100.42,21,0,677,3,0,0,0.8536,0.4519,Wallet,0
1213.1,5,0,3497,2,0,0,0.4701,0.3365,UPI,0
1676.44,21,0,1007,1,0,0,0.2818,0.1248,Wallet,0
622.71,20,0,2308,1,0,0,0.7094,0.1774,NetBanking,0
418.29,6,1,573,2,0,0,0.8008,0.1149,NetBanking,0
1088.24,10,0,573,0,0,0,0.754,0.2516,Ecommerce,0
689.76,15,0,2641,0,0,1,0.8973,0.1912,UPI,0
5589.39,5,0,3143,2,0,1,0.6951,0.3034,Card,0
780.21,23,1,101,6,0,0,0.6767,0.2131,UPI,0
1037.07,4,2,3412,1,0,1,0.8165,0.2074,UPI,0
14752.81,5,0,1061,2,0,1,0.576,0.1353,Ecommerce,0
893.82,12,0,3451,3,0,0,0.651,0.1064,NetBanking,0
1966.41,11,0,1866,1,0,0,0.591,0.2655,NetBanking,0
2161.65,1,0,2681,4,0,0,0.5127,0.3893,UPI,0
2363.67,21,0,28,3,0,0,0.3649,0.244,UPI,0
1486.18,5,0,558,1,0,0,0.7897,0.0657,Ecommerce,0
1344.17,2,0,3339,6,0,0,0.9643,0.1549,UPI,0
1218.47,12,0,583,1,0,0,0.6456,0.4035,UPI,0
598.97,22,0,3043,2,0,0,0.8795,0.0992,UPI,0
1543.48,0,0,420,4,1,0,0.8984,0.1843,UPI,0
9228.74,11,0,2268,1,0,0,0.6808,0.0996,Wallet,0
3909.7,21,0,1305,0,0,1,0.8657,0.0943,Wallet,0
1508.87,21,1,1540,3,1,0,0.7733,0.0382,UPI,0
2693.57,4,0,2490,0,0,0,0.7273,0.3215,UPI,0
440.26,14,0,549,3,0,0,0.4447,0.3121,UPI,0
834.19,20,0,1209,5,1,0,0.6961,0.2084,UPI,0
2966.81,16,0,1940,2,0,0,0.5127,0.3304,UPI,0
5226.65,15,0,1264,3,0,0,0.7619,0.3585,Ecommerce,0
488.13,18,1,842,1,0,0,0.893,0.2359,UPI,0
660.0,10,0,160,3,0,0,0.5357,0.1395,Card,0
10834.0,1,1,2235,3,0,0,0.587,0.2582,UPI,0
1213.27,15,1,223,2,0,0,0.5906,0.1781,Card,0
7439.29,15,1,515,2,0,0,0.8575,0.2579,NetBanking,0
1362.67,20,0,836,3,0,0,0.7581,0.2272,UPI,0
1420.11,22,0,2511,1,0,0,0.7197,0.1221,NetBanking,0
795.71,8,0,433,3,0,1,0.8487,0.1947,NetBanking,0
2950.36,22,1,1134,3,0,0,0.8615,0.3998,Card,0
4562.68,0,1,265,3,1,0,0.8969,0.2473,Wallet,0
369.91,23,1,1760,2,0,0,0.6951,0.2707,UPI,0
757.43,3,0,638,2,1,1,0.9404,0.1416,UPI,0
2866.46,15,0,572,3,0,0,0.8197,0.3767,Card,0
957.16,16,0,1125,2,0,1,0.367,0.0655,UPI,0
653.24,15,0,902,2,0,1,0.6247,0.386,UPI,0
3165.35,23,0,177,3,0,1,0.7064,0.1917,UPI,0
3493.38,13,1,1579,2,0,0,0.6279,0.4558,NetBanking,0
683.94,3,0,1763,5,0,0,0.3311,0.0693,UPI,0
1370.57,14,2,1607,0,0,0,0.8244,0.1834,UPI,0
308.31,6,2,1550,1,0,0,0.5406,0.311,Card,0
428.27,14,1,3499,2,0,0,0.6597,0.1201,Ecommerce,0
1249.34,9,0,966,0,0,1,0.5437,0.1455,NetBanking,0
1133.4,1,0,1178,1,0,0,0.8657,0.1819,UPI,0
397.34,15,0,1790,2,0,0,0.5811,0.2078,Card,0
517.1,2,1,301,4,0,0,0.6356,0.0562,UPI,0
358.42,7,0,3460,0,0,0,0.7304,0.4887,UPI,0
1768.37,14,0,1838,3,0,0,0.8151,0.2328,Card,0
138.93,21,1,2439,3,0,0,0.6791,0.4068,Card,0
379.12,7,0,1131,2,1,0,0.8917,0.2551,Ecommerce,0
155.08,7,0,2423,0,0,0,0.9042,0.1068,Ecommerce,0
1702.7,7,0,3073,3,0,0,0.6126,0.0674,Card,0
165.2,13,2,2028,2,0,0,0.8014,0.0909,NetBanking,0
1133.78,4,1,741,2,1,0,0.6441,0.1202,Card,0
6133.37,12,0,2396,3,0,1,0.7348,0.2351,Card,0
6355.69,19,0,2995,1,0,0,0.4554,0.345,Ecommerce,0
164.65,1,0,2429,3,0,0,0.8328,0.6444,Card,0
1500.16,23,0,2324,4,0,0,0.734,0.1961,Ecommerce,0
388.22,12,0,1627,2,0,0,0.8317,0.4147,Card,0
313.31,15,0,663,2,0,0,0.8213,0.185,Card,0
973.46,14,1,2518,3,0,0,0.7445,0.1123,UPI,0
3982.66,22,0,1422,1,0,0,0.6017,0.0261,UPI,0
2058.31,15,0,812,2,0,0,0.4518,0.1599,UPI,0
517.55,21,0,1727,2,0,0,0.6606,0.1487,UPI,0
2299.13,6,1,85,2,0,0,0.8344,0.1448,UPI,0
103.97,5,0,1829,2,0,0,0.7191,0.0478,UPI,0
497.41,15,0,1918,1,0,1,0.9385,0.2604,Wallet,0
461.7,3,0,1394,3,0,0,0.9004,0.294,Card,0
1190.63,2,0,2464,4,0,0,0.7084,0.1179,UPI,0
886.28,5,1,2049,2,0,0,0.8319,0.4376,UPI,0
945.26,6,1,1285,3,0,0,0.9684,0.0108,Card,0
912.83,2,0,2510,4,0,0,0.8188,0.3088,Card,0
1122.74,17,0,414,0,0,0,0.8312,0.2998,UPI,0
1933.6,13,1,1775,2,0,0,0.9006,0.0632,Card,0
1282.8,4,2,497,1,0,0,0.9529,0.229,NetBanking,0
813.57,6,0,2111,4,0,0,0.5882,0.4143,NetBanking,0
1672.1,22,0,68,1,0,0,0.9376,0.1072,Ecommerce,0
2610.85,21,0,3009,0,1,1,0.6294,0.4015,UPI,0
611.66,2,0,116,4,0,0,0.8705,0.2354,Card,0
1030.32,14,0,1745,1,0,0,0.7251,0.1814,UPI,0
3714.51,7,0,2334,3,0,0,0.4639,0.0682,UPI,0
344.5,8,0,1461,4,0,0,0.6486,0.169,Card,0
7294.95,14,0,759,2,0,0,0.6206,0.4106,Card,0
268.78,23,0,872,1,0,0,0.8971,0.3485,UPI,0
763.08,13,1,2950,2,0,0,0.9221,0.3287,Card,0
404.36,22,1,465,0,0,0,0.7611,0.1842,Card,0
10908.78,19,0,2489,1,0,0,0.5601,0.3575,Card,0
646.44,18,0,1027,6,0,0,0.7099,0.2484,Ecommerce,0
648.15,18,1,49,4,0,1,0.7543,0.334,NetBanking,0
743.01,19,0,1425,2,0,1,0.9637,0.1889,UPI,0
1212.43,6,0,337,4,0,0,0.3572,0.4731,UPI,0
776.76,23,0,2676,3,0,0,0.7845,0.1374,UPI,0
953.81,22,0,2693,5,0,0,0.6614,0.3188,Wallet,0
26.96,14,0,766,3,0,0,0.6259,0.2056,Wallet,0
1164.47,17,0,2707,3,0,0,0.7714,0.1954,UPI,0
1117.33,21,1,2459,3,0,0,0.4133,0.5223,Card,0
3263.31,3,0,2369,2,0,0,0.8232,0.3499,UPI,0
4335.16,1,1,283,4,0,0,0.4755,0.206,Wallet,0
900.46,23,0,453,2,0,0,0.7116,0.1885,Card,0
2583.86,13,0,560,2,0,0,0.7024,0.0577,Wallet,0
344.93,17,0,2864,1,0,0,0.8599,0.191,Ecommerce,0
2454.58,12,0,1146,2,0,0,0.8173,0.3258,UPI,0
601.18,12,1,1857,4,0,0,0.7616,0.1756,Card,0
316.1,0,1,1648,1,0,0,0.4157,0.4196,Ecommerce,0
902.47,6,1,3499,3,0,0,0.684,0.1308,Ecommerce,0
4771.88,2,1,638,1,0,0,0.6069,0.4892,Ecommerce,0
1326.18,10,0,2725,0,0,1,0.4299,0.0366,Card,0
5278.05,0,0,398,3,1,1,0.5759,0.1761,Card,1
499.61,19,0,3422,2,0,0,0.7353,0.5228,UPI,0
3295.27,7,0,1983,0,0,1,0.4894,0.1895,UPI,0
552.93,17,0,927,6,0,0,0.7135,0.43,UPI,0
1389.36,1,0,1446,5,0,0,0.7749,0.4382,Ecommerce,0
1376.8,0,0,2551,1,1,1,0.2929,0.1367,Card,0
2196.38,10,0,1459,0,0,1,0.9449,0.094,Ecommerce,0
1426.93,18,1,243,2,0,0,0.7878,0.0243,NetBanking,0
504.65,19,0,1082,7,1,0,0.6936,0.1668,Card,0
2763.69,13,0,3205,3,0,1,0.7622,0.2112,NetBanking,0
6756.36,14,0,1303,1,0,0,0.6374,0.0836,Card,0
594.08,16,1,1721,2,0,0,0.3826,0.2,Card,0
159.65,16,2,649,3,0,1,0.9142,0.3809,NetBanking,1
1852.49,17,0,101,1,0,0,0.769,0.1284,UPI,0
774.53,0,0,952,2,0,0,0.7005,0.0805,UPI,0
955.6,10,2,3039,1,0,0,0.8403,0.6959,Card,0
1966.45,20,2,1901,0,0,1,0.6852,0.2486,Card,0
679.11,10,0,1324,3,1,0,0.7902,0.2715,Ecommerce,0
826.92,3,0,1831,2,0,0,0.887,0.1304,Card,0
987.2,15,0,2845,2,0,0,0.7298,0.3836,UPI,0
5131.95,7,1,3171,0,0,0,0.8783,0.2028,Card,0
1131.81,12,0,1116,3,1,0,0.7509,0.4586,Ecommerce,0
299.63,12,1,2915,3,0,1,0.6576,0.2584,Card,0
312.41,16,0,2806,2,0,0,0.8116,0.3241,UPI,0
1269.26,22,1,31,7,0,0,0.7574,0.4773,Card,0
334.99,16,0,3129,4,0,1,0.538,0.274,Card,0
212.64,23,0,809,2,0,0,0.5422,0.218,UPI,0
2137.33,0,1,2682,2,0,0,0.7857,0.364,Ecommerce,0
2250.09,18,0,3107,3,0,0,0.8518,0.3552,Card,0
745.05,10,0,2010,2,0,1,0.5507,0.3085,Card,0
1492.7,17,0,1106,1,0,1,0.8989,0.1217,Wallet,0
1336.12,2,0,2994,1,0,0,0.9265,0.1379,Card,0
2064.29,12,0,1675,4,1,0,0.7408,0.1207,UPI,0
2069.34,0,0,2690,1,0,0,0.8932,0.1264,UPI,0
71.09,15,1,2364,4,1,0,0.7544,0.2585,UPI,0
851.91,5,0,1128,1,0,0,0.8965,0.1358,Card,0
1888.99,3,1,1904,2,0,0,0.8214,0.2939,Card,0
712.67,1,1,708,2,0,0,0.73,0.2949,Wallet,0
1139.12,6,0,24,1,0,0,0.7286,0.1993,Ecommerce,0
2412.06,23,0,2415,1,0,0,0.7423,0.198,NetBanking,0
1193.89,23,0,728,2,0,1,0.9427,0.1317,Wallet,0
5341.79,1,1,1821,3,0,0,0.4738,0.0421,Card,0
3580.78,23,1,357,2,0,0,0.6639,0.2449,UPI,0
968.27,14,0,2293,1,0,0,0.8564,0.335,Wallet,0
890.74,7,2,592,1,0,0,0.3571,0.2547,Wallet,0
54.99,22,1,875,3,0,0,0.5433,0.2505,Card,0
778.35,5,0,521,3,0,0,0.6234,0.1955,UPI,0
264.82,4,0,3210,3,0,0,0.8218,0.2238,Ecommerce,0
1383.39,5,0,2182,2,0,0,0.907,0.2236,UPI,0
1287.57,3,2,2332,1,0,0,0.751,0.3427,Card,0
2277.08,11,1,1427,2,0,0,0.432,0.3287,UPI,0
4752.87,3,1,3005,3,0,0,0.3761,0.3676,UPI,0
1066.8,5,1,239,1,0,0,0.8576,0.6082,Wallet,0
12021.32,8,0,1451,2,0,0,0.6078,0.1326,UPI,0
1399.79,15,0,294,3,0,1,0.4867,0.2171,Wallet,0
277.07,20,0,2442,3,0,0,0.7511,0.2538,Card,0
607.79,1,0,3326,3,1,0,0.8417,0.0682,UPI,0
741.46,15,0,2683,0,0,0,0.4927,0.2711,UPI,0
2042.1,2,0,547,1,0,0,0.7457,0.2429,Card,0
405.61,23,1,2759,1,0,0,0.8219,0.1309,Card,0
802.01,6,0,893,0,0,0,0.8435,0.4015,Ecommerce,0
926.03,20,0,1224,2,0,0,0.7193,0.3918,UPI,0
685.04,18,0,2013,3,0,1,0.513,0.0964,Card,0
2570.84,7,0,1590,3,0,0,0.9633,0.2016,NetBanking,0
2150.35,7,1,660,1,0,0,0.7979,0.2834,Card,0
3732.73,7,0,1857,3,0,0,0.7648,0.1988,NetBanking,0
774.66,11,1,696,1,0,0,0.8655,0.125,Card,0
3876.37,10,0,2515,2,0,0,0.7344,0.2542,UPI,0
261.86,15,1,260,0,0,0,0.8832,0.0896,Ecommerce,0
255.24,11,0,2836,4,0,0,0.8796,0.1832,Ecommerce,0
306.59,18,0,3433,4,0,0,0.7299,0.179,NetBanking,0
1107.29,11,1,2614,1,0,1,0.9317,0.1779,NetBanking,0
3875.76,7,0,2123,2,0,0,0.9527,0.2933,UPI,0
582.75,7,0,1547,3,0,0,0.8872,0.0884,Ecommerce,0
664.79,17,0,1857,3,0,0,0.7811,0.387,Ecommerce,0
874.09,3,0,1795,2,0,0,0.729,0.1924,UPI,0
2001.13,6,1,3111,3,0,0,0.8545,0.283,NetBanking,0
664.14,7,1,452,0,0,0,0.8583,0.0795,NetBanking,0
626.35,15,0,2083,2,0,0,0.9626,0.1908,UPI,0
267.02,3,1,1927,2,0,0,0.5006,0.248,Card,0
601.66,10,0,925,1,0,0,0.9895,0.3162,UPI,0
3775.68,16,0,1449,1,0,0,0.648,0.191,UPI,0
1206.49,22,1,1656,4,0,0,0.6468,0.2691,NetBanking,0
504.29,10,1,128,4,0,0,0.4817,0.2616,NetBanking,0
4015.64,23,1,1675,1,0,0,0.7699,0.0657,UPI,0
593.2,14,0,603,3,0,0,0.7375,0.0627,Wallet,0
4870.51,18,0,1397,2,0,0,0.657,0.2985,UPI,0
4787.61,5,0,978,2,1,1,0.6405,0.0979,Wallet,0
1163.06,21,1,2639,2,0,0,0.3698,0.1376,UPI,0
227.36,6,1,3361,2,0,1,0.7419,0.2572,UPI,0
12136.54,3,1,390,1,0,0,0.6721,0.3496,NetBanking,0
1646.88,1,1,904,6,0,1,0.914,0.1654,UPI,0
780.49,15,0,563,0,0,0,0.4621,0.1107,NetBanking,0
2992.71,15,1,1695,3,0,0,0.6696,0.1595,UPI,0
2292.55,4,0,1307,0,0,0,0.5536,0.1649,Ecommerce,0
4343.72,21,0,1596,1,0,0,0.7619,0.1977,Card,0
547.05,6,0,255,3,0,0,0.7725,0.1497,UPI,0
1532.1,14,1,3049,3,0,1,0.9051,0.1241,Card,0
315.71,12,1,3455,1,1,0,0.8657,0.0734,Ecommerce,0
2207.58,14,1,3191,1,0,0,0.548,0.371,NetBanking,0
1070.53,17,1,1738,1,0,0,0.6544,0.2384,UPI,0
1473.0,22,1,2336,3,0,1,0.7899,0.3031,NetBanking,0
940.43,17,0,182,2,0,0,0.5693,0.3482,Ecommerce,0
842.57,21,1,2140,3,0,0,0.561,0.2865,UPI,0
440.7,20,0,2130,2,1,0,0.5901,0.0689,Card,0
2514.81,8,0,2573,4,0,0,0.896,0.1809,UPI,0
5240.59,13,1,2735,1,1,0,0.8713,0.4678,UPI,0
611.25,4,0,7,6,0,0,0.9262,0.0691,UPI,1
1961.02,22,1,1431,0,0,0,0.7115,0.3783,UPI,0
1726.4,23,0,1702,1,0,1,0.8206,0.3008,UPI,0
1106.0,21,0,1685,2,0,0,0.9198,0.3906,NetBanking,0
220.76,17,0,1925,2,0,0,0.5512,0.2979,Card,0
279.59,20,0,2454,5,0,0,0.7172,0.1975,UPI,0
482.98,19,0,2057,1,0,0,0.4887,0.2552,NetBanking,0
116.05,5,0,823,4,0,0,0.6225,0.553,UPI,0
4809.9,6,0,2326,1,0,0,0.3275,0.4249,UPI,0
1613.38,12,1,2094,1,1,0,0.7897,0.3483,Wallet,0
1062.67,10,0,705,3,0,0,0.7586,0.0891,Card,0
109.97,17,1,2210,3,0,1,0.3736,0.0879,UPI,0
161.57,17,1,1828,5,0,0,0.6445,0.0857,Ecommerce,0
1093.94,23,0,2817,2,0,0,0.8212,0.2313,Card,0
8682.06,18,0,1375,2,0,0,0.6164,0.2122,NetBanking,0
526.59,0,0,3119,2,0,0,0.705,0.5961,Wallet,0
2716.2,8,0,1881,2,0,0,0.594,0.3497,UPI,0
662.55,7,1,3293,5,0,0,0.5527,0.0983,Ecommerce,0
1162.12,15,0,362,1,0,0,0.3356,0.3067,Card,0
3926.16,8,0,448,2,1,0,0.8484,0.191,Card,0
762.61,23,1,769,1,0,0,0.5286,0.1089,UPI,0
531.33,6,0,2858,0,0,0,0.7953,0.5233,UPI,0
4860.88,10,1,1777,4,0,0,0.4548,0.0863,NetBanking,0
1150.37,19,0,2366,1,0,0,0.6858,0.1844,Ecommerce,0
3448.74,8,0,74,3,0,0,0.3039,0.4823,Card,0
534.05,1,0,1301,2,0,0,0.4395,0.078,UPI,0
4803.06,7,0,1241,1,0,1,0.6865,0.0437,NetBanking,0
1461.63,8,1,3230,0,1,1,0.9232,0.2041,Wallet,0
1731.13,14,0,372,3,0,1,0.8537,0.2655,Card,0
1259.17,17,0,3011,1,0,0,0.6954,0.1271,UPI,0
645.0,13,1,1293,1,0,0,0.4357,0.138,NetBanking,0
1094.7,9,0,2711,1,0,0,0.4082,0.127,Ecommerce,0
689.03,12,1,1023,2,0,0,0.7581,0.1248,Card,0
3003.47,3,0,207,2,1,1,0.6415,0.2491,UPI,0
886.06,4,1,2380,2,0,0,0.6335,0.1177,NetBanking,0
227.85,14,0,625,2,0,0,0.7947,0.4372,Wallet,0
188.03,20,1,523,1,0,0,0.7604,0.2274,Ecommerce,0
178.92,12,0,3214,2,0,0,0.7424,0.2446,UPI,0
2098.27,1,0,798,0,0,0,0.4828,0.1684,Ecommerce,0
327.31,23,1,3437,0,0,1,0.869,0.0568,Wallet,0
1502.81,7,0,1223,4,0,0,0.7523,0.3778,Wallet,0
1265.73,17,0,975,2,0,0,0.8205,0.604,UPI,0
1024.6,21,0,1594,4,0,0,0.5675,0.5835,Ecommerce,0
1737.71,23,1,975,5,1,0,0.9368,0.2204,Card,0
1294.94,2,0,3246,2,0,0,0.6946,0.2814,UPI,0
63.74,4,1,2138,7,0,0,0.8253,0.2425,NetBanking,0
780.7,15,1,2602,3,0,0,0.8499,0.2275,Card,0
1713.61,18,0,273,0,0,0,0.8926,0.4607,UPI,0
6138.26,20,0,842,3,0,0,0.6091,0.0963,Ecommerce,0
6443.2,13,0,2086,3,0,1,0.3321,0.293,Card,0
262.09,3,0,1707,5,0,0,0.6551,0.3902,Ecommerce,0
759.6,17,0,3390,2,0,0,0.5464,0.2504,Wallet,0
211.79,16,0,2532,2,0,0,0.933,0.1923,UPI,0
5409.32,11,0,1044,4,0,0,0.5953,0.0149,Ecommerce,0
3176.38,15,0,1592,0,0,1,0.8282,0.0257,UPI,0
1584.65,5,0,2601,4,0,0,0.9243,0.3339,Wallet,0
1305.58,19,0,1438,1,0,1,0.4499,0.389,NetBanking,0
4673.5,1,0,1840,2,0,0,0.5596,0.4945,Card,0
3912.34,20,0,2799,1,0,0,0.9159,0.1791,Ecommerce,0
3699.48,20,1,1010,2,0,0,0.8129,0.4304,Card,0
1771.38,16,0,355,3,0,0,0.5751,0.4267,UPI,0
759.99,19,1,1447,3,0,0,0.8377,0.3271,UPI,0
2454.02,21,0,773,2,0,0,0.9806,0.0185,UPI,0
2583.35,3,0,1931,2,0,0,0.5589,0.1965,NetBanking,0
897.7,13,0,2986,1,1,0,0.4646,0.3036,UPI,0
758.38,15,0,2667,3,0,0,0.9303,0.236,Ecommerce,0
3604.65,22,0,2554,2,0,0,0.4781,0.0345,UPI,0
6293.81,17,0,1895,0,0,0,0.8403,0.0873,Card,0
499.26,14,0,3109,3,0,0,0.8102,0.2735,UPI,0
831.69,13,0,3238,4,0,0,0.9082,0.1418,Card,0
1585.22,3,0,2654,5,0,0,0.8247,0.1691,Wallet,0
1827.91,7,0,415,2,0,0,0.8364,0.2416,UPI,1
633.66,10,0,1046,3,0,0,0.7409,0.2898,Ecommerce,0
7924.36,21,0,3352,1,0,0,0.9346,0.3116,Card,0
1708.21,20,0,260,3,0,0,0.3898,0.2139,Ecommerce,0
1915.92,15,0,1930,3,0,0,0.8143,0.3028,Wallet,0
6952.3,2,1,2239,2,0,1,0.6645,0.2198,Card,0
684.36,17,1,1375,2,0,0,0.3864,0.2023,UPI,0
999.39,11,1,2465,2,0,0,0.808,0.1331,UPI,0
294.13,15,0,272,2,0,0,0.6729,0.0384,UPI,0
915.1,10,1,772,5,0,0,0.4428,0.1274,Ecommerce,0
229.67,17,1,1041,7,1,0,0.7013,0.5216,UPI,0
2404.85,5,0,603,5,0,0,0.7619,0.0616,Card,0
1704.45,3,0,1536,0,0,0,0.8608,0.2052,Card,0
819.81,5,0,1643,4,0,1,0.6637,0.1355,UPI,0
986.89,22,0,3280,3,0,0,0.5676,0.1129,UPI,0
2439.48,1,0,1702,0,0,0,0.5394,0.1403,Ecommerce,0
332.76,6,0,2649,3,0,0,0.5372,0.366,UPI,0
1358.83,8,1,314,3,0,0,0.8067,0.1548,Card,0
2285.83,20,0,213,4,1,0,0.7631,0.2174,Card,0
168.78,8,0,1386,1,0,0,0.8946,0.1057,NetBanking,0
2251.12,21,0,1152,2,0,0,0.7309,0.2141,Ecommerce,0
189.09,23,0,3232,5,0,0,0.8974,0.4834,UPI,0
969.25,15,1,1723,2,0,1,0.7844,0.4034,NetBanking,0
323.25,8,0,1709,1,0,1,0.7901,0.2181,Card,0
4928.59,14,0,2976,3,0,1,0.7017,0.0666,Ecommerce,0
325.39,16,0,3029,2,0,0,0.8331,0.0721,Card,0
193.89,2,0,2719,1,0,0,0.3203,0.0446,UPI,0
1261.45,19,0,1536,1,0,0,0.7664,0.3557,Card,0
710.25,10,0,761,2,0,1,0.8908,0.1475,UPI,0
225.92,20,0,130,2,1,0,0.8908,0.1625,UPI,0
1904.75,14,0,183,3,0,0,0.5926,0.0462,UPI,0
135.49,20,0,2855,2,1,0,0.4819,0.2406,Ecommerce,0
369.42,1,0,469,1,0,1,0.541,0.0569,NetBanking,0
599.45,1,0,1455,0,1,0,0.9103,0.7609,Card,0
2546.14,2,0,1764,2,0,0,0.8241,0.0854,UPI,0
4273.73,20,1,1948,3,0,0,0.5408,0.2046,Ecommerce,0
3490.92,23,0,320,0,1,0,0.5668,0.3148,UPI,1
933.61,23,0,1835,4,0,0,0.7378,0.2031,Ecommerce,0
85.74,7,0,879,2,0,1,0.9622,0.1865,Card,0
1653.08,6,0,1197,3,0,0,0.7612,0.3888,UPI,0
5136.37,8,0,2875,1,0,0,0.7742,0.3971,UPI,0
4005.73,19,0,1614,2,0,1,0.8068,0.2609,Card,0
1783.08,6,0,1411,0,0,0,0.4774,0.065,UPI,0
314.51,13,0,63,0,0,0,0.7591,0.4453,UPI,0
631.71,15,0,3486,6,0,1,0.7094,0.5882,UPI,0
8354.08,8,1,2080,3,0,0,0.7414,0.0674,UPI,0
247.75,11,0,2647,1,0,0,0.7082,0.0926,UPI,0
328.58,15,0,1521,0,0,0,0.6594,0.1394,UPI,0
2950.35,18,0,932,1,0,0,0.5366,0.3271,UPI,0
697.35,4,0,961,1,0,0,0.3845,0.2773,UPI,0
317.08,12,0,33,2,0,1,0.655,0.3765,UPI,0
5455.45,3,0,3111,1,1,1,0.9739,0.2345,Card,0
1779.54,0,0,1848,6,0,0,0.8272,0.4525,Ecommerce,0
734.44,15,0,1238,0,0,0,0.4028,0.1617,Card,0
329.29,11,0,2472,0,0,0,0.9508,0.146,NetBanking,0
9412.34,6,0,459,1,0,0,0.5922,0.4037,Card,0
1068.84,1,0,1647,2,0,0,0.9891,0.2906,Card,0
4756.15,22,3,1532,0,0,0,0.5678,0.4962,Card,0
2802.63,19,0,3173,1,0,0,0.8507,0.2715,UPI,0
634.64,22,1,2794,2,0,0,0.9452,0.5418,UPI,0
639.96,2,0,2689,0,0,0,0.6214,0.0935,Ecommerce,0
5007.19,0,1,914,3,0,1,0.5918,0.3542,UPI,1
5093.11,5,3,1824,1,0,0,0.944,0.3158,UPI,0
152.82,2,0,3431,2,0,0,0.6886,0.2203,UPI,0
1953.29,11,0,73,3,0,0,0.5018,0.4365,UPI,0
965.58,15,0,2283,2,1,0,0.5098,0.3062,Ecommerce,0
370.56,4,0,1188,2,1,0,0.8231,0.6527,Card,0
1443.51,9,0,2597,2,0,0,0.8567,0.2732,UPI,0
265.85,12,0,1733,6,0,0,0.3869,0.2838,Card,0
671.98,7,0,2454,2,1,0,0.6462,0.2946,UPI,1
474.19,11,2,881,1,0,0,0.9289,0.3981,UPI,0
648.86,14,0,3089,4,0,0,0.8429,0.2205,UPI,0
1017.34,22,0,2932,2,1,1,0.6869,0.4034,Card,0
377.53,7,0,2234,3,0,0,0.2956,0.0882,Ecommerce,0
5720.65,2,0,1489,2,0,0,0.7556,0.3654,UPI,0
1840.79,20,1,537,2,0,1,0.9623,0.1228,Card,0
7217.7,13,0,718,0,0,0,0.6893,0.1986,Card,0
926.97,11,3,1400,3,0,0,0.9082,0.6747,UPI,0
616.32,17,0,2728,2,0,0,0.8223,0.0196,UPI,0
6948.88,23,2,3313,2,0,0,0.7732,0.1262,Ecommerce,0
597.67,3,0,2131,2,0,0,0.6379,0.4512,Wallet,0
909.41,20,0,3284,2,1,0,0.3669,0.4197,Wallet,0
2335.66,15,0,695,6,0,0,0.7254,0.0749,UPI,0
298.98,14,1,2601,1,0,0,0.6409,0.3474,UPI,0
2314.29,20,1,1867,3,0,0,0.6941,0.1099,UPI,0
2023.36,7,0,497,4,0,0,0.501,0.4,Wallet,0
4158.01,18,0,2432,3,0,0,0.6452,0.4308,Ecommerce,0
2792.09,13,1,3162,4,0,0,0.8434,0.1224,UPI,0
4294.01,22,2,1573,4,0,0,0.8627,0.2785,Card,0
976.58,11,0,899,3,0,0,0.4932,0.2698,NetBanking,0
443.28,17,2,1063,1,0,0,0.6733,0.2499,UPI,0
10051.58,11,1,2106,2,0,0,0.7055,0.3448,Card,0
220.74,9,0,2416,0,0,0,0.9385,0.1217,UPI,0
245.22,9,0,764,3,1,1,0.8579,0.3288,Wallet,0
1985.02,22,2,2407,0,0,0,0.706,0.1706,UPI,0
6040.46,20,0,2616,1,0,0,0.6,0.2854,NetBanking,0
1338.13,5,0,66,2,0,0,0.905,0.3302,UPI,0
3131.5,20,1,1348,2,0,0,0.7868,0.2692,UPI,0
134.88,14,0,824,1,0,0,0.4627,0.1321,Ecommerce,0
649.03,2,1,2777,2,0,0,0.8262,0.6662,UPI,0
153.29,18,2,2264,1,0,0,0.6301,0.335,NetBanking,0
2488.49,3,1,1870,1,0,1,0.6298,0.0734,UPI,0
216.03,20,1,789,5,0,0,0.4154,0.3341,Ecommerce,0
286.66,10,1,1688,1,0,0,0.6284,0.2756,Ecommerce,1
1881.32,21,0,3369,3,0,0,0.796,0.197,UPI,0
3343.98,11,1,3481,2,0,0,0.7622,0.1828,Card,0
928.05,2,0,575,4,0,1,0.9776,0.0567,UPI,0
1995.56,18,1,1699,0,1,0,0.5076,0.1496,UPI,0
1928.85,17,0,2620,1,0,0,0.7661,0.4142,NetBanking,0
874.63,7,1,1046,2,1,0,0.844,0.0608,Card,0
347.43,4,0,3494,2,1,0,0.6384,0.1582,UPI,0
1984.53,20,0,1636,1,0,0,0.7083,0.2106,UPI,0
2087.56,18,1,1217,3,0,0,0.7954,0.4279,Card,0
2803.79,7,0,3296,1,0,0,0.754,0.1235,Ecommerce,0
1521.83,16,0,2113,3,0,1,0.7116,0.1171,UPI,0
321.52,5,0,224,3,0,0,0.5287,0.423,UPI,1
2263.93,4,0,376,4,0,0,0.5769,0.2437,UPI,0
1095.04,15,1,3431,3,1,0,0.7321,0.0785,UPI,0
660.58,19,0,2179,1,0,0,0.6896,0.0427,UPI,0
804.83,22,1,3045,3,0,0,0.4602,0.2106,UPI,0
531.25,11,2,3456,1,0,0,0.7558,0.2886,Card,0
2788.57,3,0,2607,0,0,0,0.7652,0.1447,Ecommerce,0
247.39,13,0,3405,2,0,0,0.3956,0.0716,Ecommerce,0
386.39,16,0,3340,2,0,0,0.7545,0.1436,UPI,0
776.49,23,0,1445,2,0,0,0.4185,0.1355,Wallet,0
5969.62,2,0,2238,2,0,0,0.8851,0.2422,UPI,0
3317.59,15,0,2873,3,1,0,0.6804,0.2612,UPI,0
195.8,12,1,3316,1,1,0,0.8087,0.0284,Card,0
4531.98,14,0,2894,1,0,0,0.8847,0.1588,Ecommerce,0
4522.82,2,0,2826,1,0,0,0.7576,0.3227,Ecommerce,0
319.67,0,0,1150,0,0,1,0.9272,0.2758,NetBanking,0
77.67,14,1,1504,2,0,0,0.7513,0.1923,Wallet,0
1016.55,4,0,2880,1,1,0,0.4399,0.2678,Card,0
3563.67,14,0,449,5,1,0,0.6885,0.381,Card,0
5830.31,0,0,574,1,0,0,0.8526,0.185,NetBanking,0
439.5,19,1,2759,4,0,0,0.7128,0.4056,UPI,0
6902.08,7,1,3426,3,0,0,0.423,0.3455,Ecommerce,0
105.71,10,0,1467,2,0,0,0.7267,0.3811,NetBanking,0
745.12,8,0,3025,4,0,0,0.9258,0.1624,NetBanking,0
707.64,10,0,1248,0,0,0,0.8813,0.3923,Card,0
3677.37,12,0,1790,6,0,0,0.8113,0.2081,UPI,0
4286.46,15,0,3408,1,0,0,0.6605,0.4204,UPI,0
2986.73,16,0,1352,0,0,0,0.6394,0.2217,Card,0
265.58,23,1,3095,0,0,0,0.7554,0.1597,Wallet,0
2712.84,4,1,3311,2,0,0,0.6672,0.4804,Wallet,0
1871.5,20,0,2585,2,0,0,0.9396,0.3424,Wallet,0
189.65,14,0,255,2,0,0,0.9033,0.6222,Card,0
125.17,7,0,3362,3,0,0,0.5086,0.1671,UPI,0
3261.32,22,1,1747,1,0,1,0.7488,0.1832,UPI,0
907.68,16,0,1018,1,1,0,0.8449,0.242,Card,0
284.45,4,0,1707,1,0,0,0.9736,0.205,UPI,0
881.32,4,1,1545,2,0,0,0.8153,0.1162,UPI,0
1607.19,15,0,1338,1,0,0,0.546,0.1136,NetBanking,0
1005.26,17,1,2373,0,0,0,0.7968,0.1958,NetBanking,0
214.95,1,0,400,3,0,0,0.5491,0.0197,Ecommerce,0
7941.32,15,0,2218,1,1,0,0.3341,0.089,NetBanking,0
3147.7,12,0,885,0,0,1,0.8229,0.1361,UPI,0
771.13,23,0,2772,3,0,0,0.6706,0.3014,Card,0
804.44,17,2,3441,1,0,0,0.772,0.7143,UPI,0
1599.52,21,0,1658,2,0,0,0.8095,0.2516,Wallet,0
334.92,0,0,2829,2,0,1,0.7088,0.3096,Card,0
1538.88,18,0,1126,1,0,0,0.7022,0.4144,Ecommerce,1
271.17,8,0,2935,4,0,0,0.9457,0.5815,UPI,0
1018.35,13,0,1870,2,1,0,0.7449,0.2666,UPI,0
321.5,21,0,1786,2,0,0,0.9572,0.2199,Card,0
339.0,20,1,362,2,0,0,0.5759,0.3905,UPI,0
6173.42,5,0,2318,1,0,0,0.7293,0.366,UPI,0
1166.99,5,1,2770,1,0,0,0.9478,0.1446,NetBanking,0
1363.45,17,0,1770,4,0,0,0.6311,0.2795,Wallet,0
132.69,21,0,564,4,0,0,0.7343,0.0117,UPI,0
585.9,14,0,2373,3,0,0,0.5474,0.195,Ecommerce,0
1779.83,1,1,2192,4,0,1,0.7526,0.0665,Ecommerce,0
1344.59,3,0,3023,4,1,0,0.8355,0.3988,UPI,0
114.24,17,0,3343,3,0,0,0.7342,0.1463,UPI,0
1363.07,17,0,854,1,0,0,0.7417,0.1669,Ecommerce,0
1611.45,21,1,1027,1,1,0,0.7876,0.1802,Card,0
4221.52,12,0,3328,1,0,0,0.6749,0.3454,Card,0
551.15,10,0,420,4,0,0,0.483,0.2842,Card,0
104.15,2,2,3198,4,0,0,0.6829,0.4958,NetBanking,0
385.06,18,0,545,4,0,0,0.6509,0.1841,UPI,0
346.57,22,0,1471,1,0,0,0.6578,0.4733,UPI,0
2376.88,1,0,490,2,0,0,0.6589,0.3438,UPI,0
63.27,11,0,3419,2,1,0,0.9177,0.0571,Wallet,0
684.87,8,0,1755,0,0,0,0.5457,0.2218,Ecommerce,0
4900.46,17,0,3089,2,0,0,0.8878,0.5367,Wallet,0
1104.97,18,0,116,2,0,0,0.9525,0.0977,NetBanking,0
2810.54,5,0,146,3,0,1,0.7541,0.3599,Card,0
195.61,22,0,1866,0,0,0,0.8392,0.1884,Card,0
203.96,3,0,154,2,0,1,0.9305,0.1505,NetBanking,0
4959.72,18,0,1906,1,0,0,0.6172,0.2018,Wallet,0
1219.6,17,1,2477,3,0,1,0.6757,0.0916,Card,0
1222.24,3,1,1713,1,0,0,0.7933,0.3766,Card,0
338.98,16,1,2744,3,0,0,0.7976,0.3939,Card,0
1219.04,6,0,362,1,0,0,0.9083,0.168,NetBanking,0
329.23,6,1,875,1,0,0,0.9073,0.1923,Wallet,0
3813.16,2,1,565,2,0,0,0.6557,0.2396,UPI,0
19229.91,17,0,1749,3,0,0,0.3655,0.1977,Wallet,0
1822.82,19,0,1391,3,0,0,0.8084,0.3514,UPI,0
563.02,12,0,1890,3,1,0,0.6519,0.2231,Card,0
76.68,18,0,541,0,0,1,0.8792,0.1498,Card,0
187.04,8,2,1563,1,1,1,0.537,0.0365,Card,1
5611.68,13,0,2679,3,0,0,0.6796,0.2371,UPI,0
372.17,18,0,248,3,0,1,0.8404,0.3116,Ecommerce,0
742.95,10,0,2756,2,0,0,0.8869,0.4849,UPI,0
2182.21,14,2,771,2,0,0,0.9266,0.3453,Ecommerce,0
5199.95,3,1,3040,2,0,0,0.7529,0.1423,UPI,0
889.3,12,1,2852,3,0,0,0.607,0.1805,UPI,0
717.02,20,0,1568,1,0,0,0.5631,0.2461,Card,0
1182.28,18,1,262,1,1,0,0.7613,0.2366,UPI,0
567.35,7,0,1352,2,0,0,0.7661,0.1605,UPI,0
600.34,13,0,2180,4,0,0,0.9053,0.0354,UPI,0
1689.98,14,0,1192,5,0,0,0.8882,0.4021,UPI,0
1332.16,22,0,2222,1,0,0,0.8708,0.401,UPI,0
10282.37,19,0,2882,1,0,0,0.7256,0.4467,Ecommerce,0
1738.52,19,0,3348,1,0,0,0.7302,0.3869,UPI,0
3672.78,18,1,1397,2,0,0,0.8256,0.2086,UPI,0
356.08,8,0,3456,2,0,0,0.8535,0.2911,UPI,0
1903.43,9,0,875,1,0,0,0.8005,0.2074,Card,0
513.3,11,0,3308,4,0,0,0.7502,0.5695,Ecommerce,0
1661.08,10,1,505,2,0,0,0.9538,0.0426,Ecommerce,0
2259.59,22,0,1897,0,1,0,0.5478,0.4108,NetBanking,0
1155.59,21,0,2357,1,0,0,0.8462,0.4246,UPI,0
13734.85,21,0,152,3,0,1,0.5661,0.398,Ecommerce,0
4911.72,14,0,1556,1,0,0,0.5891,0.4896,Ecommerce,0
3774.82,4,0,975,3,1,0,0.5944,0.0419,Card,0
2446.71,3,0,2855,3,0,1,0.6912,0.4498,NetBanking,0
6985.06,6,0,1667,2,0,0,0.8298,0.3791,NetBanking,0
242.54,15,0,370,3,0,0,0.8582,0.443,Card,0
4622.99,8,0,143,2,0,0,0.4376,0.0946,Ecommerce,0
387.3,15,0,89,2,0,0,0.8252,0.5545,Ecommerce,1
606.34,21,0,136,1,0,0,0.4905,0.1218,Ecommerce,0
1977.25,8,0,1701,0,0,0,0.8122,0.1221,Ecommerce,0
4003.33,22,0,1138,2,0,0,0.6757,0.3303,UPI,0
326.6,12,0,735,3,0,0,0.9245,0.4004,Card,0
640.23,19,0,1359,1,1,0,0.5242,0.3749,UPI,0
1214.89,1,0,1534,2,0,0,0.9595,0.3242,NetBanking,0
901.73,6,0,2035,3,1,0,0.8437,0.0269,UPI,0
2688.49,22,0,1746,0,0,1,0.8566,0.2497,UPI,0
40446.04,21,0,3265,3,0,0,0.2819,0.0738,UPI,0
1703.24,13,0,1313,1,0,0,0.7372,0.321,UPI,0
506.76,0,0,1373,0,0,0,0.6386,0.5603,Card,0
281.09,1,0,1446,4,0,0,0.5329,0.1106,UPI,0
779.37,10,0,174,3,0,0,0.8181,0.0617,NetBanking,0
408.6,21,1,2624,2,0,1,0.6723,0.1833,UPI,0
1791.71,9,0,1893,3,0,0,0.9243,0.0841,Ecommerce,0
1762.74,21,0,1399,0,0,0,0.9097,0.0594,Card,0
674.3,12,0,1257,1,0,0,0.7544,0.1869,UPI,0
8814.94,3,1,1818,0,0,0,0.8182,0.2472,Card,0
506.63,13,0,3154,3,0,0,0.6326,0.3363,Ecommerce,0
967.39,8,0,1398,3,0,0,0.5129,0.3487,Wallet,0
2145.48,5,2,1514,5,0,0,0.8152,0.1255,UPI,0
2797.99,16,0,473,3,0,0,0.6603,0.2813,UPI,0
4194.19,4,0,1131,2,0,0,0.8342,0.2115,Ecommerce,0
1719.73,21,1,2624,5,0,0,0.698,0.3959,Ecommerce,0
3305.88,19,0,2535,3,0,0,0.4285,0.2204,UPI,0
545.46,18,0,2820,1,0,0,0.7652,0.4569,UPI,0
2875.51,1,0,1729,2,1,0,0.6688,0.0916,Card,0
2835.48,23,0,3151,2,0,0,0.7636,0.0903,NetBanking,0
5369.72,11,1,1945,2,0,0,0.9856,0.1756,Card,0
190.21,17,0,463,3,0,0,0.8244,0.185,NetBanking,0
423.04,4,2,538,5,0,1,0.7101,0.1911,Ecommerce,0
2602.68,18,0,1740,2,0,0,0.7537,0.6945,UPI,0
67.77,7,1,1317,1,0,0,0.937,0.2077,UPI,0
1838.32,16,1,381,4,1,0,0.5588,0.0435,Card,0
3336.89,6,1,169,5,0,1,0.6587,0.3121,NetBanking,0
598.73,22,0,2167,0,0,0,0.815,0.19,Card,0
698.06,17,1,2643,0,0,0,0.3603,0.1207,UPI,0
355.01,10,0,775,1,0,0,0.9107,0.1773,UPI,0
634.21,10,0,864,3,0,0,0.7566,0.5795,NetBanking,0
653.8,0,0,1874,6,0,0,0.4717,0.334,Ecommerce,0
535.4,7,0,427,3,0,0,0.866,0.358,Card,0
505.44,18,0,2933,3,0,0,0.6491,0.2385,Ecommerce,0
825.05,19,0,2066,1,0,0,0.9006,0.0654,NetBanking,0
814.64,23,0,1270,4,0,0,0.7279,0.2579,Card,0
7846.62,2,0,2030,2,0,0,0.5233,0.3431,Card,0
724.95,6,1,576,3,0,0,0.6086,0.4321,Card,0
1573.97,18,1,1110,5,0,0,0.5989,0.1254,Ecommerce,0
598.41,8,0,1865,2,1,0,0.5458,0.5019,Card,0
590.47,5,0,3368,4,0,1,0.5857,0.0569,Ecommerce,0
183.17,6,0,2954,2,0,0,0.7611,0.1042,Card,0
210.62,22,0,2226,1,1,0,0.848,0.3807,Card,0
308.79,20,0,1178,0,0,0,0.6129,0.0819,Card,0
1329.93,0,0,3242,3,1,0,0.7405,0.0479,UPI,0
3394.74,20,0,456,2,0,0,0.6985,0.4831,Card,0
168.01,13,1,1056,0,0,1,0.7287,0.0572,Card,0
616.14,20,1,1508,1,0,0,0.7252,0.2003,UPI,0
261.06,14,0,1934,2,0,1,0.6909,0.2112,UPI,0
830.9,16,0,2361,0,0,0,0.4459,0.2689,UPI,0
3393.3,13,0,1451,0,0,0,0.8424,0.2749,NetBanking,0
685.93,17,0,3300,0,0,0,0.6498,0.0418,NetBanking,0
1043.26,19,1,1450,0,0,1,0.8312,0.1442,Card,0
5054.28,12,1,2206,0,0,0,0.6605,0.0738,NetBanking,0
1773.65,2,0,173,3,0,0,0.6087,0.1073,Card,0
493.69,2,0,556,3,0,0,0.7214,0.1281,Card,0
1295.77,9,1,774,3,0,0,0.9559,0.1199,Card,0
459.93,11,1,10,1,0,0,0.7932,0.3638,Ecommerce,0
1705.32,20,1,3043,4,0,0,0.7227,0.1608,NetBanking,0
1883.91,0,0,2189,2,0,1,0.7347,0.3409,Ecommerce,0
260.99,21,0,2975,1,0,1,0.3816,0.1733,UPI,0
1318.05,1,0,1168,1,0,0,0.667,0.2797,UPI,0
969.27,11,1,374,1,0,0,0.6545,0.3527,Ecommerce,0
1942.85,10,0,1152,0,0,0,0.7787,0.0179,Wallet,0
2625.21,13,1,70,0,0,0,0.6567,0.3146,Ecommerce,0
1810.43,1,0,1067,2,1,0,0.6534,0.2735,Card,0
797.63,18,0,363,1,0,0,0.51,0.1947,Card,0
2921.92,3,0,754,2,0,0,0.2972,0.3284,UPI,0
438.47,18,0,2238,3,0,1,0.4343,0.2263,UPI,0
274.09,13,0,3367,2,0,0,0.7196,0.1498,UPI,0
38.28,21,1,844,1,0,0,0.9044,0.2338,Wallet,0
1018.77,23,1,3439,0,0,0,0.1715,0.1979,UPI,0
462.84,20,1,2670,1,0,0,0.6131,0.4688,UPI,0
1665.1,10,0,427,1,0,0,0.637,0.4906,Wallet,0
138.41,9,1,27,6,0,0,0.9442,0.3031,Ecommerce,0
555.83,15,1,401,5,0,0,0.5961,0.3953,UPI,0
1796.84,15,0,2507,1,0,0,0.6695,0.29,UPI,0
371.92,18,0,2350,2,0,1,0.7499,0.3682,Ecommerce,0
1685.33,11,1,3103,7,0,0,0.6708,0.3404,UPI,0
611.02,11,1,1842,3,0,0,0.7962,0.0924,UPI,0
1059.5,2,0,163,1,0,0,0.8247,0.2598,UPI,0
2048.61,4,2,3499,2,0,0,0.5438,0.069,Ecommerce,0
2982.26,19,0,3036,2,0,0,0.7215,0.2921,UPI,0
1208.48,23,0,2509,1,0,0,0.9683,0.0282,UPI,0
466.51,14,0,3213,4,0,0,0.7742,0.2094,Card,0
677.94,8,1,982,2,1,0,0.8054,0.4292,Card,0
2140.52,1,0,1878,3,0,0,0.9855,0.0513,UPI,0
375.28,1,1,1866,0,0,0,0.7493,0.2132,Card,0
909.62,16,0,1000,2,0,0,0.8191,0.0766,NetBanking,0
731.3,15,1,3486,3,0,0,0.9104,0.2872,UPI,0
983.85,6,0,1972,2,0,1,0.6168,0.2641,NetBanking,0
380.03,4,1,3217,3,0,0,0.8276,0.1438,UPI,0
156.88,1,1,1091,1,0,1,0.7363,0.2388,UPI,0
1894.63,16,1,1737,3,0,1,0.7621,0.1333,UPI,0
3017.96,14,0,3266,1,0,0,0.5819,0.1223,UPI,0
167.04,7,2,633,4,0,0,0.8516,0.2561,UPI,0
1615.46,17,0,1905,2,1,0,0.7402,0.4634,Wallet,0
3419.82,20,0,2788,1,0,0,0.4387,0.0755,UPI,0
2050.23,12,0,2796,3,0,0,0.9244,0.0465,Card,0
708.04,6,0,2631,4,0,0,0.978,0.3984,Wallet,0
407.21,0,0,2137,3,0,1,0.793,0.25,Card,0
1193.96,19,1,30,0,1,0,0.5149,0.6656,Card,0
1422.5,13,0,1014,1,1,0,0.5946,0.275,NetBanking,0
1212.69,8,2,2784,1,0,0,0.4864,0.1963,Wallet,0
907.65,0,2,1753,3,1,0,0.8132,0.4237,Wallet,0
351.85,19,1,1260,2,1,0,0.7006,0.1464,Ecommerce,0
1709.27,22,1,3080,6,0,0,0.4835,0.3355,UPI,1
1797.94,11,0,1205,1,0,0,0.6342,0.2416,Card,0
1354.06,6,1,1344,5,0,0,0.7905,0.1923,NetBanking,0
1232.18,14,0,1419,1,0,1,0.5868,0.2779,Ecommerce,0
6394.62,20,0,1199,2,0,0,0.8226,0.3089,UPI,0
569.3,14,1,1773,1,0,0,0.6958,0.2271,Card,0
4211.22,0,1,3347,3,1,0,0.9041,0.4135,UPI,0
507.39,4,1,3490,2,0,0,0.7168,0.2449,UPI,0
3513.61,2,2,1173,4,0,0,0.7166,0.2054,Wallet,0
4003.95,9,0,1298,4,1,0,0.7327,0.2499,Card,0
806.17,10,2,3009,2,0,0,0.8301,0.3939,UPI,0
6273.01,12,0,2016,3,0,1,0.7541,0.3626,Card,0
1794.51,18,1,629,2,0,0,0.9467,0.1523,NetBanking,0
436.53,2,0,1925,5,0,0,0.4283,0.1342,Card,0
740.36,22,0,2772,1,0,0,0.6037,0.3031,UPI,0
3602.56,6,0,1416,1,0,1,0.7359,0.4748,UPI,0
2890.6,12,1,2156,0,0,0,0.6942,0.3457,NetBanking,0
361.06,5,0,2713,2,0,0,0.9253,0.4444,Card,0
947.46,8,0,426,3,0,0,0.6063,0.1582,UPI,0
1357.91,19,0,3411,1,0,0,0.7832,0.5131,UPI,0
643.56,1,0,230,3,1,0,0.3716,0.2768,Card,0
13038.86,11,2,404,2,1,1,0.5339,0.3872,Card,0
1401.57,14,0,1048,4,0,0,0.7498,0.2522,UPI,0
1027.72,13,0,76,1,0,0,0.8007,0.2578,Wallet,0
3829.13,9,1,2303,3,0,0,0.7097,0.2835,UPI,0
747.34,9,0,1841,1,0,1,0.824,0.2851,UPI,0
3158.33,21,1,1264,3,0,0,0.5979,0.0358,UPI,0
190.35,5,1,3456,1,0,1,0.5943,0.1826,UPI,0
681.07,11,0,954,2,0,1,0.8021,0.259,UPI,0
3299.49,8,2,3078,3,0,0,0.7953,0.3287,Wallet,0
5702.77,18,0,2039,0,0,0,0.5974,0.3354,Card,0
486.89,19,0,2426,2,1,0,0.9047,0.3838,UPI,0
430.82,20,0,3334,4,0,0,0.6466,0.2582,Ecommerce,0
1989.86,2,0,894,0,0,0,0.6954,0.082,Card,0
570.1,2,0,432,4,0,0,0.7756,0.3247,NetBanking,0
827.16,9,0,2775,2,0,0,0.86,0.1868,Card,0
2752.39,10,0,2258,2,0,0,0.6464,0.0237,UPI,0
619.36,1,0,696,1,0,0,0.8999,0.3325,NetBanking,0
139.25,21,0,3194,4,0,0,0.7609,0.3178,Wallet,0
279.74,21,0,2513,3,1,0,0.8136,0.047,UPI,0
1108.16,10,2,1897,0,0,0,0.7536,0.4204,Card,0
155.0,18,0,468,5,0,0,0.6289,0.1508,Card,0
802.7,13,1,3374,1,0,0,0.8955,0.1954,Card,0
254.25,15,1,1841,3,0,0,0.6368,0.0672,UPI,0
6136.05,20,0,2095,0,0,0,0.6705,0.2373,Card,0
10650.9,2,0,102,3,1,0,0.5966,0.6862,Card,0
361.01,5,1,2356,2,1,0,0.9258,0.6838,Card,1
1435.97,10,0,2924,2,0,0,0.8438,0.1282,UPI,0
400.04,21,0,2770,2,0,0,0.9082,0.1499,Card,0
792.52,14,0,1323,1,0,0,0.6627,0.2035,UPI,0
7285.51,9,1,704,2,0,0,0.9187,0.2173,Card,0
671.81,0,0,1555,4,0,0,0.5708,0.4735,UPI,0
812.13,14,0,1963,3,0,0,0.6789,0.0656,UPI,0
407.62,6,0,946,4,0,0,0.6206,0.0426,Wallet,0
3653.71,7,2,2152,0,0,0,0.5903,0.1775,Card,0
35.64,23,0,3236,3,0,0,0.4634,0.3397,UPI,0
688.88,12,0,426,4,0,1,0.5352,0.5584,UPI,0
1045.05,3,0,867,4,0,0,0.7889,0.5842,NetBanking,0
547.78,1,0,1598,1,0,0,0.8016,0.0859,Card,1
2715.48,9,0,613,1,0,0,0.9433,0.486,Ecommerce,0
3874.33,1,0,2698,1,1,0,0.8008,0.0582,Card,0
248.98,10,0,219,1,1,0,0.8823,0.3616,NetBanking,0
9878.94,9,0,149,1,0,0,0.3477,0.3915,NetBanking,0
246.06,21,1,1240,2,0,0,0.7781,0.0756,Card,0
4243.15,8,1,1451,2,0,0,0.9201,0.2556,UPI,0
1283.47,6,0,2471,2,0,0,0.705,0.2684,Card,0
646.2,14,0,515,4,0,0,0.8896,0.4624,Ecommerce,0
713.49,15,0,2744,3,0,0,0.9129,0.0996,Ecommerce,0
1058.72,0,0,620,3,0,0,0.8451,0.169,UPI,0
1364.9,2,0,3321,4,0,0,0.5063,0.4908,UPI,0
417.31,4,0,1797,2,0,0,0.6489,0.2508,Ecommerce,0
857.79,18,0,2684,0,0,0,0.6806,0.3151,Wallet,0
488.23,5,0,109,1,0,0,0.5215,0.3069,Card,0
306.19,23,0,2511,4,0,0,0.7815,0.4403,Card,0
464.9,10,0,1491,1,1,1,0.9131,0.264,NetBanking,0
327.84,22,0,1761,1,0,0,0.5564,0.3659,UPI,0
705.45,5,4,96,3,1,0,0.8826,0.3354,Card,0
1726.93,10,0,2175,4,0,0,0.9031,0.3239,Card,0
1244.82,3,0,3239,0,0,1,0.8964,0.4344,Card,0
8717.28,20,0,3483,2,0,0,0.6701,0.2042,Card,0
107.66,14,2,3091,3,0,0,0.5363,0.4045,UPI,0
1795.09,1,1,2513,3,0,0,0.7437,0.2104,UPI,0
1104.05,17,0,746,0,0,1,0.8314,0.7783,Card,0
2582.35,21,0,1296,1,0,0,0.7946,0.0765,NetBanking,0
2326.89,16,1,236,4,0,0,0.7648,0.1975,Card,0
922.2,19,0,792,3,0,0,0.8286,0.316,UPI,0
1314.59,6,0,882,2,0,0,0.5122,0.0845,Card,0
502.06,10,1,2336,5,0,1,0.6721,0.0891,Wallet,0
2088.84,20,0,106,1,0,1,0.6569,0.1906,Card,0
152.5,14,1,3253,0,0,1,0.7951,0.0878,UPI,0
2479.14,14,1,2573,3,0,0,0.5781,0.2708,UPI,0
1070.27,18,1,2356,0,0,1,0.2911,0.2318,Card,0
657.59,14,1,2011,0,1,0,0.7945,0.1663,Ecommerce,0
859.06,3,1,893,2,1,0,0.9625,0.116,UPI,0
927.83,5,0,1906,0,0,0,0.7797,0.0753,UPI,0
4281.97,18,0,2233,0,0,1,0.6531,0.036,UPI,0
32701.24,5,0,2982,3,0,0,0.6789,0.6081,Ecommerce,0
3947.61,15,0,2392,1,0,0,0.7573,0.2472,UPI,0
605.71,11,0,2833,2,0,0,0.3808,0.0992,UPI,0
2124.46,14,0,1602,3,0,0,0.9136,0.093,UPI,0
2223.85,5,0,1435,0,1,0,0.7833,0.447,UPI,0
415.13,7,1,2734,0,0,0,0.6126,0.2104,UPI,0
291.83,16,0,2138,1,1,0,0.664,0.2508,UPI,0
1026.14,4,0,1383,3,0,0,0.685,0.2844,UPI,0
2560.85,7,0,1550,5,0,0,0.2336,0.374,Card,0
201.87,23,0,1950,0,0,0,0.8725,0.3582,UPI,0
514.43,3,0,2186,2,0,1,0.7973,0.5492,Card,0
2000.76,13,2,1266,1,0,0,0.5327,0.251,UPI,0
1145.74,3,0,536,3,0,0,0.8581,0.0373,Wallet,0
4851.71,16,0,3144,2,0,0,0.8088,0.2344,UPI,0
249.15,3,0,1055,1,0,0,0.7562,0.1511,UPI,0
12961.95,13,0,572,1,0,0,0.7959,0.037,Card,0
218.13,10,0,886,1,0,1,0.8551,0.0973,UPI,1
130.24,16,0,3041,1,0,0,0.7532,0.1019,Card,0
1030.85,0,0,591,5,0,0,0.8441,0.3629,UPI,0
333.23,12,1,2442,0,0,1,0.836,0.2855,UPI,0
1052.9,13,0,1452,1,0,0,0.6515,0.4388,Ecommerce,0
1014.94,5,1,2128,1,1,0,0.4005,0.2834,UPI,0
892.87,7,0,2544,0,0,0,0.8608,0.327,Wallet,0
452.81,16,0,783,0,0,0,0.9144,0.2717,UPI,0
1727.26,13,1,1390,2,0,0,0.8215,0.2694,UPI,0
785.87,13,0,2769,4,0,0,0.7558,0.1303,Wallet,0
3494.16,22,0,3439,3,0,0,0.467,0.5316,Card,0
907.42,9,0,2986,0,0,1,0.6112,0.367,UPI,0
398.27,20,0,1062,2,0,0,0.5858,0.0928,UPI,0
186.4,23,0,835,4,0,1,0.4584,0.1119,Card,0
915.33,13,0,3318,1,0,0,0.4569,0.344,Card,0
289.26,5,0,2405,1,0,1,0.6549,0.2194,NetBanking,0
265.75,10,1,683,5,0,0,0.7638,0.1486,Card,0
1908.04,1,0,2267,2,0,0,0.6681,0.3662,UPI,0
169.6,16,0,1127,3,0,1,0.6898,0.3054,NetBanking,0
4830.97,6,0,553,1,0,0,0.4178,0.3521,Card,0
1296.86,22,0,580,0,0,1,0.3525,0.0876,Card,0
1047.29,15,0,1328,3,0,0,0.7148,0.2968,Card,0
370.0,11,1,838,0,0,0,0.7494,0.2128,UPI,0
2446.93,4,0,2749,5,0,1,0.983,0.3965,Card,0
1093.29,2,1,555,5,0,0,0.708,0.4557,Card,0
533.57,16,0,660,2,0,0,0.4521,0.1633,Card,0
1352.64,18,1,2189,5,0,0,0.6596,0.3528,Ecommerce,0
187.37,6,0,1523,4,0,0,0.915,0.0359,UPI,0
196.94,0,0,707,1,0,0,0.6817,0.1143,Ecommerce,0
338.26,7,0,248,2,1,0,0.9126,0.2077,UPI,0
1582.88,18,0,304,0,0,0,0.7444,0.3037,NetBanking,0
1092.89,13,1,1024,2,0,0,0.8214,0.1539,UPI,0
3299.18,2,0,937,5,0,1,0.6558,0.5215,Ecommerce,0
417.39,2,1,2035,4,0,0,0.7902,0.0246,UPI,0
2005.0,2,0,2376,2,0,0,0.8546,0.4581,Card,0
973.05,18,0,585,3,0,0,0.6945,0.2816,Card,0
407.4,18,0,1504,3,0,0,0.3354,0.2304,Card,0
1643.48,9,0,1636,0,0,0,0.8645,0.3607,Card,0
1023.2,16,1,552,0,0,1,0.7282,0.2476,Card,0
566.47,0,1,1714,3,0,0,0.7268,0.5498,Ecommerce,0
1146.08,13,0,228,3,0,0,0.6589,0.285,UPI,0
957.18,6,0,1095,2,0,0,0.7568,0.2417,Card,0
933.21,19,0,2554,1,0,0,0.3579,0.2283,NetBanking,0
711.07,11,0,861,1,0,0,0.7363,0.0173,Wallet,0
278.61,20,0,2466,1,0,0,0.582,0.4148,NetBanking,0
1186.19,13,0,379,2,0,0,0.7793,0.0999,Ecommerce,0
472.08,10,0,1619,7,0,0,0.5362,0.0696,Card,0
375.65,22,0,3158,3,0,0,0.7225,0.1184,Card,0
851.73,23,0,1850,0,0,0,0.7597,0.2577,UPI,0
2370.2,10,1,2858,1,0,0,0.4594,0.1422,UPI,0
1332.61,8,0,847,0,0,0,0.5617,0.6179,UPI,0
627.85,15,0,655,3,0,0,0.7474,0.4166,Card,0
601.9,4,0,1702,3,0,0,0.4656,0.3294,Wallet,0
2137.95,9,0,872,2,0,1,0.799,0.2393,NetBanking,0
88.54,20,1,2552,0,0,0,0.6824,0.5813,Card,0
2533.19,21,0,1236,1,0,1,0.4323,0.1586,Card,0
153.28,9,0,2701,2,0,0,0.6589,0.2166,Card,0
248.1,9,0,129,4,0,0,0.7499,0.0646,NetBanking,0
639.07,20,1,1196,0,0,0,0.8397,0.1517,UPI,0
10706.76,4,0,855,3,0,0,0.9333,0.2168,Card,0
6382.34,1,0,2378,3,0,0,0.9333,0.0352,Ecommerce,0
2302.64,1,0,726,2,0,1,0.7933,0.125,UPI,0
1594.59,2,0,1706,1,0,0,0.6157,0.3135,UPI,0
155.18,21,0,1265,4,0,0,0.7148,0.1987,Card,0
1292.84,0,1,2589,2,1,0,0.7896,0.2705,UPI,0
616.04,7,0,1299,5,0,0,0.8987,0.2494,NetBanking,0
465.21,14,1,2419,2,0,1,0.4911,0.3924,Ecommerce,0
1290.19,14,0,318,6,0,1,0.6583,0.2874,UPI,0
668.7,19,0,2627,3,0,0,0.9179,0.2539,UPI,0
2731.93,23,0,2238,2,1,0,0.6755,0.2656,Ecommerce,0
143.63,9,0,582,3,0,1,0.908,0.1173,UPI,0
1186.5,5,1,386,2,0,0,0.9873,0.1822,Card,0
435.7,2,0,1132,2,0,0,0.9511,0.1213,Wallet,0
713.29,21,0,3458,3,1,1,0.4524,0.1059,Ecommerce,0
1509.99,8,0,932,2,0,0,0.5992,0.2519,Ecommerce,0
339.28,21,0,1665,1,0,0,0.6246,0.3078,Card,0
1303.02,8,0,1568,1,0,0,0.9361,0.3859,Wallet,0
877.47,18,0,1037,2,0,0,0.8753,0.5043,Card,0
548.06,15,0,1630,0,0,1,0.7056,0.1999,Card,0
669.08,17,0,620,4,0,1,0.8433,0.6385,Ecommerce,0
932.36,15,0,2337,0,1,0,0.7594,0.1648,Wallet,0
489.69,7,1,565,1,0,0,0.7987,0.3567,UPI,0
1104.83,2,1,1996,1,0,0,0.441,0.3739,Card,0
818.86,0,0,1117,0,0,0,0.8778,0.4032,NetBanking,0
577.18,10,0,2032,1,0,0,0.7924,0.1807,UPI,0
5821.62,21,0,1920,2,0,0,0.7583,0.1881,NetBanking,0
1695.96,15,1,2218,1,0,1,0.5414,0.1503,Card,0
733.74,16,0,2121,0,0,0,0.7812,0.1035,Card,0
1278.13,6,0,960,2,0,0,0.6175,0.2095,Ecommerce,0
373.1,11,1,2061,2,0,0,0.7281,0.2068,Ecommerce,0
693.25,9,1,796,1,0,0,0.1891,0.2094,NetBanking,0
783.62,3,0,1362,1,0,0,0.8044,0.1817,Card,0
296.15,14,1,758,3,0,0,0.8219,0.2903,NetBanking,0
1647.02,8,0,1873,3,0,0,0.7952,0.307,NetBanking,0
644.91,9,1,2729,2,1,0,0.8419,0.3964,NetBanking,0
755.03,14,2,2120,3,0,0,0.7963,0.5058,Ecommerce,0
603.56,0,0,346,3,0,0,0.6218,0.0895,UPI,0
24515.11,22,0,275,3,0,1,0.7557,0.1663,Card,0
546.89,5,0,1111,3,0,0,0.4637,0.2411,UPI,0
124.95,16,0,2062,2,0,0,0.6322,0.1396,Card,0
204.4,18,0,985,0,0,0,0.585,0.3077,Wallet,0
2433.94,3,1,3483,4,0,0,0.618,0.3109,Card,0
4461.66,5,0,2074,1,0,0,0.7835,0.1886,NetBanking,0
535.99,9,2,3129,3,0,0,0.6881,0.4281,Ecommerce,0
4200.24,19,0,3235,1,0,0,0.9219,0.1537,Card,0
2389.09,15,0,342,3,0,0,0.8591,0.1162,Ecommerce,0
898.79,11,0,3075,0,0,1,0.8241,0.3816,Wallet,0
834.25,20,0,184,2,0,0,0.6309,0.1926,Ecommerce,0
1325.99,11,0,375,1,0,0,0.5822,0.2201,Ecommerce,0
2755.43,21,0,1894,0,0,0,0.9207,0.2496,UPI,0
1664.3,18,0,1893,1,0,0,0.6864,0.3522,UPI,0
538.8,4,2,2271,3,0,0,0.8272,0.5206,Card,0
913.32,9,0,136,2,0,0,0.8708,0.1163,UPI,0
8780.83,0,0,383,4,0,0,0.7262,0.4383,NetBanking,0
1427.63,5,0,2774,2,1,0,0.4411,0.1766,Card,0
2732.01,0,1,2072,3,0,0,0.6985,0.3333,UPI,0
1933.1,2,0,1315,4,0,0,0.5368,0.3446,Ecommerce,0
1461.22,0,0,643,0,0,0,0.5206,0.1766,UPI,0
1229.22,16,0,757,1,0,0,0.8475,0.3032,Card,0
2813.71,9,0,1079,3,0,0,0.9015,0.4756,Card,0
2332.22,11,0,1697,3,0,0,0.4516,0.2456,UPI,0
1446.77,18,0,2850,1,0,0,0.8089,0.0523,UPI,0
529.3,19,0,1526,1,0,0,0.7584,0.2343,Card,0
1643.92,12,1,1535,2,0,0,0.6827,0.1101,Wallet,0
1022.13,10,0,3301,3,0,0,0.7305,0.0801,Card,0
793.4,15,0,332,1,0,0,0.7863,0.221,Ecommerce,0
18264.5,9,1,122,3,0,0,0.9346,0.1695,Ecommerce,0
217.89,10,0,3475,0,0,0,0.6601,0.415,Card,0
3000.21,7,0,3325,4,0,0,0.8537,0.3528,Card,0
443.28,4,0,1416,0,1,0,0.7689,0.3266,Card,0
1258.6,4,1,825,2,0,0,0.602,0.1122,Card,0
16269.0,15,0,436,2,0,0,0.7225,0.1732,Card,0
399.22,19,1,513,1,0,0,0.9009,0.0913,NetBanking,0
512.82,10,0,3122,4,0,0,0.8508,0.0412,Card,0
1076.65,2,0,2598,1,0,0,0.5057,0.2752,Ecommerce,0
450.53,14,0,2957,2,0,0,0.6198,0.3491,Ecommerce,0
2774.59,21,1,1832,2,0,0,0.6021,0.1209,NetBanking,0
625.62,12,0,2304,3,0,0,0.7078,0.2361,Ecommerce,0
2179.19,0,1,3135,3,1,0,0.9034,0.0544,UPI,0
271.61,1,0,1256,2,0,0,0.6983,0.3525,UPI,0
164.49,12,0,1902,3,0,0,0.5177,0.326,NetBanking,0
862.27,20,0,1014,4,0,0,0.6846,0.3071,UPI,0
211.26,1,0,1772,1,1,1,0.6748,0.2848,Card,0
5400.15,18,0,749,0,0,0,0.8166,0.3425,Ecommerce,0
220.02,18,0,727,2,0,0,0.3706,0.0883,UPI,0
368.86,1,0,1254,2,0,0,0.471,0.3314,Ecommerce,0
1693.07,5,0,3324,4,0,0,0.8123,0.1958,UPI,0
592.48,0,0,955,1,0,0,0.8863,0.2007,Ecommerce,0
222.67,13,0,2328,4,1,0,0.6118,0.0992,UPI,0
9339.07,4,0,2003,3,0,1,0.6622,0.2702,Ecommerce,0
383.1,21,0,2108,3,0,0,0.8907,0.3772,NetBanking,0
892.41,2,0,462,2,0,0,0.6362,0.4459,NetBanking,0
880.37,15,2,2766,1,0,0,0.6605,0.0855,Ecommerce,0
2311.9,18,1,2748,3,0,0,0.7513,0.2313,NetBanking,0
1781.96,4,2,360,1,0,0,0.6784,0.3919,UPI,0
460.29,6,0,1383,0,0,1,0.7147,0.2833,UPI,0
778.9,19,0,3033,6,1,0,0.7722,0.2769,UPI,0
864.14,2,0,836,6,0,0,0.6011,0.2551,Card,0
2407.65,10,0,1755,4,0,0,0.4868,0.0834,UPI,0
321.59,6,0,2897,0,0,0,0.4106,0.5304,Card,0
9127.22,0,0,2809,2,0,0,0.4137,0.1853,UPI,0
494.16,10,2,1359,1,0,0,0.6338,0.2466,UPI,0
1086.6,11,0,2496,2,0,1,0.807,0.246,Card,1
324.41,8,1,3258,1,0,0,0.8545,0.179,Card,0
280.6,19,1,1583,4,0,0,0.6458,0.23,Card,1
437.84,2,0,3409,1,0,0,0.6426,0.4056,Wallet,0
395.82,10,0,2695,1,0,0,0.6276,0.262,Wallet,0
709.83,4,0,2269,2,0,0,0.689,0.4458,UPI,0
392.32,18,0,2524,2,0,0,0.5971,0.1982,NetBanking,0
2276.35,13,1,661,1,0,0,0.5533,0.155,Wallet,0
481.96,16,0,20,2,1,0,0.9554,0.2114,Card,0
429.02,2,0,2897,0,0,0,0.7699,0.0827,UPI,0
725.88,10,0,2484,3,0,0,0.8766,0.219,Ecommerce,0
3110.32,1,0,3283,2,0,0,0.8829,0.2996,Card,0
1374.19,7,0,1784,2,0,0,0.8465,0.4368,UPI,0
987.65,22,0,1353,7,0,0,0.343,0.2943,NetBanking,0
243.55,17,2,2939,2,0,0,0.8713,0.3387,UPI,0
330.35,1,1,3295,2,0,0,0.6174,0.0431,NetBanking,0
286.48,8,0,2835,2,0,0,0.5456,0.1013,UPI,0
4325.11,20,0,2896,0,0,0,0.5679,0.1344,UPI,0
1914.27,4,0,603,1,0,0,0.8073,0.3522,Card,0
443.77,18,0,3040,1,0,0,0.8416,0.1659,UPI,0
606.32,7,0,83,2,0,0,0.6786,0.434,UPI,0
461.02,11,0,2645,2,0,0,0.8978,0.2666,Ecommerce,0
432.61,21,0,692,1,0,0,0.8463,0.5659,Wallet,0
1778.13,16,0,150,1,0,0,0.3204,0.203,UPI,0
810.85,6,0,2595,5,0,0,0.8746,0.111,Ecommerce,0
9751.98,0,0,1192,0,0,0,0.4695,0.1775,Ecommerce,0
4076.03,5,0,3050,5,1,0,0.5332,0.5106,Card,0
4337.07,10,0,994,1,1,0,0.5296,0.0243,UPI,0
2219.25,3,0,2454,2,0,0,0.3326,0.3329,Card,0
703.6,21,0,2255,4,0,0,0.4091,0.4214,UPI,0
2054.28,1,1,2873,4,0,0,0.8676,0.3905,Card,0
760.31,12,0,3014,3,0,0,0.3086,0.3039,Ecommerce,0
6074.1,23,1,2058,1,0,0,0.9101,0.1366,Card,0
1676.55,8,0,1215,2,0,0,0.525,0.4054,UPI,0
1444.44,12,0,1776,4,0,0,0.6639,0.382,Wallet,0
1253.16,1,0,2109,2,0,0,0.8426,0.4362,Card,0
6817.72,17,1,3396,2,1,0,0.7781,0.1316,Ecommerce,0
243.36,23,0,609,2,0,0,0.6609,0.1785,Ecommerce,1
7556.79,18,0,288,3,1,0,0.811,0.0399,Ecommerce,0
901.93,3,1,1629,4,0,0,0.9393,0.1146,UPI,0
250.52,8,0,1478,0,0,0,0.7084,0.1238,UPI,0
497.79,17,1,3153,4,0,0,0.8323,0.3057,Ecommerce,0
193.77,19,2,978,2,0,0,0.8597,0.2194,Wallet,0
2178.39,9,0,525,0,0,0,0.416,0.3259,UPI,0
368.63,23,0,433,2,0,0,0.8198,0.1431,UPI,0
1309.11,4,1,3129,1,0,0,0.8982,0.1994,Wallet,0
3608.07,17,0,2122,2,1,0,0.7818,0.0791,Ecommerce,0
541.52,11,0,3416,3,0,0,0.6797,0.0879,Wallet,0
827.57,17,0,926,3,0,0,0.6946,0.2438,NetBanking,0
279.07,14,0,291,0,0,0,0.8293,0.3625,Card,0
729.4,10,1,1624,0,1,0,0.7716,0.2562,UPI,0
16362.13,19,0,610,0,0,0,0.7667,0.1142,UPI,0
2482.02,20,0,484,3,0,0,0.7922,0.2552,UPI,0
830.5,19,0,3089,3,0,0,0.7409,0.3542,Ecommerce,0
576.93,2,0,1369,1,0,0,0.6693,0.312,NetBanking,1
1048.62,10,0,251,3,0,0,0.8108,0.0368,UPI,0
1257.09,17,1,706,3,0,0,0.8941,0.1557,Card,0
706.26,20,0,1288,2,0,1,0.7574,0.2716,Card,0
1913.26,8,1,3140,0,0,1,0.6756,0.1603,Card,0
402.98,17,1,2236,2,0,0,0.8174,0.1239,Card,0
400.89,13,0,1831,3,0,0,0.724,0.1796,UPI,0
1617.61,5,0,2042,1,0,0,0.756,0.1218,NetBanking,0
321.48,21,0,2799,1,0,0,0.8226,0.0923,UPI,0
2357.76,10,2,683,0,0,0,0.5658,0.3493,UPI,0
1080.31,14,0,1703,5,1,0,0.6214,0.066,UPI,0
160.89,6,0,1356,2,0,0,0.8789,0.2937,NetBanking,0
1230.25,0,0,155,1,0,1,0.5152,0.1713,NetBanking,0
186.9,10,0,1931,1,0,0,0.91,0.0949,NetBanking,0
2271.12,17,0,2433,0,0,1,0.4897,0.184,UPI,0
844.59,7,0,2333,4,0,0,0.8795,0.1687,NetBanking,0
7659.01,22,0,174,2,0,0,0.8274,0.262,UPI,0
3377.46,18,0,1386,1,1,0,0.6655,0.0972,Card,0
360.06,15,0,1386,2,0,1,0.497,0.3442,UPI,1
131.4,19,0,550,1,0,0,0.796,0.2538,Card,0
496.28,20,0,1917,3,0,0,0.6244,0.0949,Ecommerce,0
304.2,17,0,1861,0,1,0,0.6,0.3459,UPI,0
7457.87,19,0,2730,2,0,0,0.7011,0.2959,NetBanking,0
1084.82,17,0,2674,2,0,0,0.9096,0.4707,UPI,0
2922.19,20,1,3145,5,0,0,0.6928,0.4489,Ecommerce,0
812.99,2,0,1490,6,1,0,0.9704,0.1945,UPI,0
908.1,8,0,722,3,1,0,0.5245,0.143,Ecommerce,0
1059.7,21,1,1897,0,1,1,0.7939,0.1537,Wallet,0
3504.72,11,0,2324,2,0,0,0.904,0.2428,Wallet,0
1521.13,0,0,1171,1,0,0,0.7426,0.2014,NetBanking,0
361.33,20,0,1649,6,0,0,0.7945,0.0738,Ecommerce,0
6024.8,15,1,3215,3,0,0,0.8921,0.2535,UPI,0
806.37,21,1,2687,4,0,1,0.9527,0.1308,UPI,0
679.74,0,0,2136,3,0,1,0.9109,0.2997,NetBanking,1
56.21,3,0,3289,4,0,0,0.6582,0.5462,UPI,0
2134.78,12,1,56,1,0,0,0.7672,0.222,Wallet,0
1219.34,4,0,1868,1,0,0,0.31,0.1414,Card,0
1217.95,12,2,936,2,0,0,0.6799,0.2217,Ecommerce,0
718.41,8,0,1008,2,0,0,0.6751,0.3864,Card,0
599.46,5,0,2745,1,1,1,0.3809,0.1894,Ecommerce,0
743.93,18,0,2796,2,0,1,0.836,0.4752,UPI,0
1783.47,0,0,1704,3,0,0,0.851,0.2231,UPI,0
2145.38,20,0,1846,2,1,0,0.6836,0.4023,NetBanking,0
860.42,3,0,2102,6,0,0,0.8129,0.0811,UPI,0
2970.2,13,3,3088,3,0,0,0.9205,0.3275,UPI,0
1009.37,23,0,83,1,0,1,0.8817,0.1515,Card,0
645.85,2,0,1984,5,0,0,0.325,0.1491,Ecommerce,0
1350.64,22,0,244,4,0,0,0.5345,0.0513,Card,0
263.13,7,0,3280,5,0,0,0.8915,0.209,Card,0
1400.18,17,0,840,4,0,1,0.7989,0.5287,UPI,0
217.18,20,0,68,1,0,1,0.5891,0.3124,UPI,0
372.74,5,1,2833,3,0,1,0.757,0.4076,UPI,0
131.68,8,0,2588,2,0,0,0.6106,0.1987,UPI,0
912.44,20,1,3156,3,0,1,0.9344,0.0892,Card,0
5943.87,2,0,1217,3,0,1,0.5637,0.146,UPI,0
969.78,2,0,972,1,0,1,0.6775,0.1608,Wallet,0
2155.47,7,0,2342,0,0,0,0.5585,0.2812,Ecommerce,0
12963.97,14,0,3310,1,1,0,0.6503,0.1681,NetBanking,0
1676.16,19,0,3298,1,0,0,0.5379,0.274,Card,0
491.04,13,1,1402,2,0,0,0.7267,0.4639,Ecommerce,0
567.39,11,0,2291,0,0,0,0.4748,0.119,Card,0
1097.39,20,0,2896,3,0,0,0.2868,0.0882,UPI,0
564.23,4,0,2609,2,1,0,0.8566,0.1275,UPI,0
610.34,21,1,2104,2,0,0,0.8891,0.2702,UPI,0
3085.65,7,1,559,2,0,0,0.6387,0.2688,Card,0
3221.05,6,0,2213,1,0,0,0.5215,0.7054,Wallet,0
194.56,22,3,602,0,0,0,0.9061,0.1891,Ecommerce,0
464.48,15,0,1583,5,1,0,0.8122,0.1279,Card,0
673.71,10,0,2009,1,0,0,0.2911,0.3093,Ecommerce,0
2057.08,7,0,98,1,0,0,0.8357,0.1221,Card,0
3641.79,10,0,1511,1,0,0,0.8703,0.1411,Wallet,0
18714.73,18,0,1101,3,0,0,0.7722,0.4472,Wallet,0
672.53,3,0,395,0,0,0,0.8739,0.4049,Wallet,0
708.74,4,1,2268,1,0,0,0.7101,0.2142,Card,0
2034.49,7,1,2551,0,1,0,0.7476,0.3176,Ecommerce,0
535.75,11,0,3128,3,0,0,0.8254,0.1856,UPI,0
945.76,19,1,2448,3,0,0,0.5649,0.081,UPI,0
709.25,5,0,646,0,0,0,0.595,0.2134,Wallet,0
69.91,18,3,326,2,0,0,0.5958,0.4673,Card,0
1248.12,21,0,2879,3,0,0,0.5087,0.2654,UPI,0
905.53,10,0,176,0,0,0,0.5203,0.2852,NetBanking,0
4166.34,23,0,1335,1,0,0,0.816,0.3768,Card,0
1102.97,21,1,1330,1,0,1,0.8606,0.3655,Card,0
293.69,19,1,641,1,0,0,0.6922,0.0835,UPI,0
836.31,9,0,2217,5,0,0,0.847,0.307,Wallet,0
122.04,7,0,2697,3,0,0,0.7931,0.1094,Wallet,0
307.52,20,0,3128,2,0,1,0.5657,0.1317,NetBanking,0
2137.26,10,0,1646,1,0,1,0.7566,0.5182,Ecommerce,0
845.81,0,1,1524,3,0,0,0.6616,0.3087,UPI,0
2888.91,17,0,716,1,0,0,0.6508,0.5139,UPI,0
139.04,8,0,300,2,0,0,0.6805,0.3819,UPI,0
850.15,22,1,2943,4,0,0,0.7461,0.1779,NetBanking,0
665.62,20,0,2942,2,0,0,0.5517,0.2866,Card,0
2991.83,2,0,3433,2,0,0,0.7391,0.5384,UPI,1
2222.53,21,3,443,3,0,0,0.7691,0.2325,UPI,0
2152.46,22,0,1479,0,0,1,0.75,0.0989,NetBanking,0
5532.97,18,0,2233,2,0,0,0.6648,0.1052,Card,0
745.09,6,0,3083,2,0,0,0.7292,0.3893,Ecommerce,0
4455.23,16,0,1451,1,0,0,0.8773,0.2099,Card,0
366.35,20,0,490,2,0,0,0.9248,0.1008,UPI,0
352.51,19,0,3184,5,0,0,0.7089,0.4211,Card,0
2417.25,10,0,297,4,0,0,0.6465,0.1462,Card,0
225.88,16,0,2469,1,0,1,0.57,0.1038,NetBanking,0
2001.0,9,1,1286,3,0,0,0.6847,0.1026,NetBanking,0
1219.72,6,0,7,2,1,0,0.746,0.1892,UPI,0
3379.37,16,0,1843,2,0,0,0.97,0.0461,NetBanking,0
1030.28,11,0,1309,2,0,0,0.8224,0.2678,Ecommerce,0
1163.11,5,0,1530,3,1,0,0.7189,0.1168,NetBanking,0
1871.94,15,1,636,2,0,0,0.8348,0.0268,UPI,0
546.87,7,0,2357,2,0,1,0.8955,0.0842,Card,0
522.43,14,1,997,1,0,0,0.922,0.2457,UPI,0
1804.7,8,0,539,2,0,0,0.6224,0.3582,UPI,0
1063.42,21,0,1400,3,0,0,0.5849,0.555,Ecommerce,0
715.03,20,0,662,1,0,1,0.6553,0.2269,UPI,0
1005.34,11,0,1898,2,0,0,0.8795,0.1728,Card,0
5850.53,17,0,1866,2,0,1,0.8106,0.4033,Wallet,0
688.72,4,0,2795,1,0,1,0.7286,0.2089,Card,0
668.06,23,1,3428,1,0,0,0.7246,0.0686,UPI,0
182.58,5,0,308,2,0,0,0.3559,0.042,UPI,0
1048.93,20,1,137,1,0,1,0.4717,0.3187,NetBanking,0
2185.78,20,1,1547,1,0,1,0.9258,0.1385,Wallet,0
2638.61,4,2,241,0,0,0,0.7171,0.253,Ecommerce,0
1228.6,0,0,2978,4,0,0,0.7763,0.355,Card,0
2991.78,17,0,2829,1,0,0,0.9069,0.0801,Card,0
2363.25,20,0,1516,0,0,0,0.7936,0.1567,Ecommerce,0
3528.39,17,0,3363,0,0,0,0.8901,0.1724,Wallet,0
3082.57,1,0,1820,4,0,0,0.6067,0.0305,NetBanking,0
5701.46,15,0,1912,1,0,0,0.5988,0.3957,UPI,0
917.66,9,0,2726,0,1,0,0.6468,0.1707,NetBanking,0
272.21,21,1,1932,1,0,0,0.4499,0.4104,UPI,0
2201.52,19,0,2497,4,0,0,0.9368,0.1361,NetBanking,0
2488.86,19,3,843,2,0,0,0.5143,0.3837,Wallet,0
5701.56,9,0,1788,3,0,0,0.8953,0.0653,NetBanking,0
4210.58,7,0,2836,2,1,1,0.809,0.1479,Ecommerce,0
8456.97,19,2,3385,2,0,1,0.8228,0.4479,Card,0
2102.42,2,0,678,0,1,0,0.4028,0.2332,Ecommerce,0
1394.44,2,0,133,1,0,0,0.6862,0.3469,Card,0
256.15,1,0,2080,2,0,0,0.7636,0.0601,Card,0
1515.5,12,0,197,2,0,0,0.4936,0.1571,UPI,0
613.92,1,0,2390,3,0,0,0.8333,0.0743,Ecommerce,0
1369.34,13,0,1499,2,1,0,0.8552,0.3078,NetBanking,0
1161.23,4,1,2803,1,1,0,0.697,0.1373,UPI,0
1799.6,21,1,558,1,0,0,0.6683,0.3173,Card,0
990.1,10,0,167,2,0,0,0.7841,0.2069,Card,0
2927.11,2,0,763,2,1,0,0.8067,0.0281,UPI,0
62.85,16,0,228,2,0,0,0.8126,0.3512,Card,0
1338.75,8,0,531,3,0,0,0.6838,0.2111,Ecommerce,0
3876.21,6,0,2653,0,0,0,0.8166,0.0403,NetBanking,0
7813.05,15,0,2425,2,0,0,0.7443,0.0922,UPI,0
2365.06,22,0,2179,1,0,0,0.666,0.1997,UPI,0
6432.56,23,0,1478,3,1,1,0.954,0.3864,Wallet,1
1309.48,10,1,787,1,0,0,0.3929,0.201,NetBanking,0
1099.93,20,0,2920,3,0,0,0.5035,0.1336,UPI,0
1911.96,5,0,3068,1,0,0,0.7246,0.3786,NetBanking,0
1092.96,20,0,881,2,0,0,0.9643,0.1925,NetBanking,0
482.28,22,0,3138,4,0,0,0.9401,0.294,NetBanking,0
638.42,12,1,2184,2,0,0,0.4642,0.0191,NetBanking,0
341.12,12,0,1214,2,0,0,0.6662,0.2039,UPI,0
1909.88,13,0,752,3,1,0,0.8877,0.2182,NetBanking,0
1109.83,1,0,2070,3,0,0,0.6226,0.3065,Ecommerce,0
751.22,20,1,57,5,0,0,0.4755,0.6224,NetBanking,0
604.85,17,1,1112,3,0,0,0.6937,0.4231,UPI,0
1863.68,20,0,2413,4,0,1,0.6942,0.2329,Wallet,0
2488.59,2,0,1742,4,0,0,0.9808,0.3834,Card,0
334.61,19,1,515,1,0,0,0.7111,0.4852,Ecommerce,0
283.7,8,0,563,0,0,0,0.7647,0.2015,Ecommerce,0
2987.63,19,0,2430,2,0,0,0.8851,0.1727,Card,0
258.81,23,0,2931,2,1,1,0.9128,0.2262,UPI,0
1948.59,21,0,2419,5,0,0,0.8523,0.1623,NetBanking,0
5989.45,21,0,555,3,0,0,0.9165,0.1362,Card,0
6004.09,2,0,2340,0,0,0,0.7014,0.2766,Card,0
2379.79,7,0,973,2,0,0,0.5925,0.2086,Ecommerce,0
2308.26,7,0,2074,5,0,1,0.2837,0.0401,UPI,0
11666.8,12,0,2069,3,0,0,0.5511,0.0427,Wallet,0
94.53,23,1,3098,3,0,1,0.7174,0.2204,UPI,0
673.47,16,1,2889,4,1,0,0.5288,0.2254,Card,0
2672.89,13,0,271,0,0,0,0.8154,0.3838,NetBanking,0
769.58,19,0,7,3,0,0,0.6389,0.2473,UPI,0
4030.99,4,0,3261,1,0,0,0.7584,0.0878,Wallet,0
1052.24,15,0,1074,1,0,0,0.5974,0.3126,UPI,0
1259.32,12,0,237,3,1,0,0.5471,0.4664,Card,0
821.88,4,1,674,2,0,0,0.9821,0.2066,UPI,0
633.57,15,0,1737,3,0,0,0.7509,0.2175,UPI,0
617.41,20,0,3110,2,1,0,0.8357,0.3569,Card,0
1457.86,19,1,3231,0,0,1,0.5773,0.3049,UPI,0
486.24,20,0,2300,1,0,0,0.8236,0.2968,NetBanking,0
2983.54,19,1,946,4,0,0,0.8644,0.0513,NetBanking,0
2177.4,11,0,2495,1,0,1,0.8208,0.0585,Wallet,0
3478.61,1,0,2933,3,0,0,0.8469,0.2651,UPI,0
335.17,23,0,1441,1,1,0,0.8942,0.1468,Wallet,0
184.11,10,1,2079,9,0,1,0.7214,0.241,Ecommerce,1
1091.82,15,1,1715,3,0,0,0.834,0.4298,UPI,0
23011.3,0,2,3015,1,0,0,0.7297,0.0977,Card,0
4144.42,21,1,2146,4,0,0,0.8403,0.4658,UPI,0
612.67,21,0,176,2,0,1,0.4041,0.2424,Card,1
1712.55,22,0,3051,2,0,0,0.853,0.5284,NetBanking,0
2354.22,4,0,1948,4,0,0,0.3348,0.1228,UPI,1
260.65,20,0,1511,1,0,0,0.8845,0.2808,Ecommerce,0
4619.8,14,0,665,2,0,0,0.8426,0.0901,Card,0
919.84,3,0,2446,1,0,0,0.6479,0.0864,UPI,0
997.03,13,0,70,0,0,0,0.9282,0.2775,Wallet,0
1124.37,11,0,613,0,0,0,0.7449,0.2794,Card,0
3647.39,15,0,2413,3,0,0,0.6172,0.3588,Card,0
496.24,2,1,958,1,1,0,0.6392,0.1562,UPI,0
182.67,13,0,2625,2,0,0,0.7327,0.3842,UPI,0
1539.33,16,0,922,2,0,0,0.6106,0.2659,Card,0
128.27,17,0,2578,2,0,0,0.7494,0.2795,NetBanking,0
799.38,18,0,2379,1,0,0,0.7783,0.1915,Wallet,0
3813.18,15,0,2546,0,0,0,0.7836,0.189,Ecommerce,0
2014.34,16,1,2569,5,0,0,0.7082,0.406,UPI,0
3276.31,2,0,2801,2,0,1,0.9212,0.1085,NetBanking,0
2103.52,19,0,1291,3,0,0,0.5706,0.4951,UPI,0
13778.31,8,0,1647,4,0,0,0.8932,0.1589,NetBanking,0
591.31,13,0,251,1,0,0,0.9405,0.4229,UPI,0
1665.76,13,1,1221,1,1,0,0.4088,0.2701,Ecommerce,0
692.27,23,0,1612,0,0,0,0.8782,0.2325,UPI,0
2994.83,7,1,2699,2,1,0,0.6767,0.1429,Ecommerce,0
1027.98,9,1,3160,0,0,0,0.4547,0.0543,UPI,0
6666.08,18,1,2334,1,0,1,0.9412,0.1585,Ecommerce,0
628.06,15,2,454,3,0,0,0.8284,0.2806,Ecommerce,0
4805.34,7,1,705,2,0,0,0.6429,0.4784,NetBanking,0
2044.27,8,0,1870,5,0,0,0.5502,0.6022,UPI,0
1059.89,19,0,1527,2,0,1,0.8556,0.1594,NetBanking,0
1938.3,20,0,3258,4,1,0,0.564,0.3503,NetBanking,0
1442.78,3,0,643,3,0,0,0.7656,0.2122,UPI,0
1593.6,9,0,2001,2,0,0,0.7217,0.0742,Ecommerce,0
882.52,18,0,2727,1,0,0,0.5843,0.4224,UPI,0
524.97,2,0,1535,1,0,0,0.6801,0.6975,Wallet,0
771.38,4,0,870,1,0,0,0.8704,0.2972,NetBanking,0
187.3,3,0,461,2,0,0,0.8914,0.7093,UPI,0
2654.59,12,1,2182,1,0,0,0.7017,0.0483,NetBanking,0
299.79,10,1,2210,2,0,0,0.5897,0.3322,UPI,0
872.59,7,0,2575,4,0,0,0.843,0.1756,Card,0
2165.59,3,0,2932,1,0,0,0.8492,0.2911,Card,0
2647.49,15,0,3470,2,0,0,0.6971,0.4713,Card,0
170.14,19,0,661,4,0,0,0.6406,0.2598,Wallet,0
995.81,5,0,1519,3,0,0,0.6906,0.4956,Ecommerce,0
1777.09,15,0,1138,0,0,0,0.6365,0.0593,Card,0
1158.19,19,0,3054,3,1,0,0.7369,0.023,Wallet,0
4497.51,13,1,418,2,0,0,0.6474,0.1622,Card,0
462.71,13,0,2327,1,0,0,0.8513,0.2655,UPI,0
127.55,4,0,1107,1,0,0,0.7137,0.2364,Card,0
2567.9,22,0,36,2,0,1,0.8843,0.2691,NetBanking,0
623.94,22,1,2094,1,0,0,0.7503,0.0313,Wallet,0
173.04,17,0,1373,4,0,0,0.7471,0.1386,Card,0
928.49,21,0,2419,1,0,0,0.818,0.181,UPI,0
3992.15,14,1,1383,3,1,0,0.6461,0.2691,Card,0
291.08,15,1,671,0,0,0,0.8843,0.3933,Card,0
12743.74,19,0,424,5,0,0,0.6772,0.3008,Card,0
454.97,0,1,638,6,0,0,0.8751,0.1958,Ecommerce,1
1201.54,5,0,1533,2,0,0,0.7049,0.3227,UPI,0
304.88,4,0,945,1,1,0,0.8461,0.3073,Ecommerce,0
1145.61,15,0,413,1,0,0,0.6007,0.2403,NetBanking,0
952.95,5,0,1113,1,0,1,0.8986,0.1744,UPI,0
229.53,9,1,2924,2,0,0,0.7836,0.0742,Card,0
21313.98,11,1,2940,3,0,0,0.7771,0.3465,UPI,0
651.9,17,0,1271,4,0,0,0.5819,0.358,UPI,0
652.5,12,0,1829,3,0,0,0.8388,0.2487,Ecommerce,0
3033.55,0,1,646,2,0,0,0.5706,0.1356,Ecommerce,0
7368.49,16,0,1446,1,0,0,0.8517,0.4893,Ecommerce,0
3578.71,10,0,2109,3,0,0,0.3621,0.1513,NetBanking,0
310.68,2,1,73,3,0,1,0.7183,0.1679,UPI,1
1372.8,15,0,3002,0,0,0,0.6643,0.4415,UPI,0
152.1,6,0,3166,3,0,1,0.7426,0.161,NetBanking,0
2826.49,11,1,3272,0,0,1,0.955,0.3935,Wallet,0
196.97,23,1,744,3,0,0,0.4945,0.1314,Ecommerce,0
471.84,5,0,3130,1,0,0,0.9027,0.1557,UPI,0
1092.95,21,0,404,1,0,0,0.6489,0.2368,Ecommerce,0
1749.8,11,0,3088,6,1,0,0.3563,0.3113,Ecommerce,0
833.82,22,1,480,1,0,0,0.9577,0.401,Wallet,0
5404.77,20,0,1222,1,0,0,0.6974,0.2562,NetBanking,0
2343.5,19,0,3320,1,0,1,0.5117,0.2078,NetBanking,0
2158.05,4,0,1772,2,0,1,0.8864,0.0978,Card,0
301.61,18,0,763,0,0,0,0.8106,0.2593,Ecommerce,0
6531.14,8,0,1303,1,1,0,0.8477,0.3299,Card,0
471.91,21,0,1160,6,0,0,0.856,0.1602,Wallet,0
6798.24,23,3,3228,1,0,1,0.8214,0.1404,Card,0
9166.44,14,1,1447,1,0,0,0.7545,0.365,Ecommerce,0
1878.61,21,0,331,1,0,0,0.3409,0.4416,NetBanking,0
3240.92,12,0,585,3,1,0,0.446,0.1856,Card,0
43.07,0,0,1943,2,0,0,0.7236,0.2597,UPI,0
893.59,20,1,54,3,0,0,0.2536,0.4818,NetBanking,0
3488.66,12,0,869,2,1,0,0.8612,0.4185,UPI,0
2894.99,1,0,2117,4,0,0,0.4335,0.3114,Card,0
304.69,1,0,2977,0,0,0,0.9074,0.3418,NetBanking,0
805.6,17,1,343,2,0,0,0.9671,0.3907,Ecommerce,0
76.46,22,0,1191,4,0,0,0.8449,0.2396,UPI,0
1691.96,16,1,1371,2,1,0,0.5094,0.1373,Wallet,0
151.79,10,0,3023,1,0,0,0.8153,0.0831,Ecommerce,0
3593.93,7,0,2753,2,0,0,0.8271,0.2417,Card,0
3796.6,10,1,3248,1,0,0,0.4744,0.1776,NetBanking,0
666.42,7,0,2175,1,1,0,0.6805,0.1186,Ecommerce,0
1895.69,6,0,607,1,1,0,0.8584,0.2125,NetBanking,0
873.1,3,0,3285,3,0,0,0.9737,0.2245,Card,0
1413.75,13,2,2641,5,0,0,0.9843,0.1076,Card,0
328.78,5,0,2315,4,0,0,0.6127,0.5248,NetBanking,0
2108.26,3,1,1229,3,0,0,0.7361,0.3255,NetBanking,0
195.73,6,0,2784,3,0,0,0.9753,0.3908,NetBanking,0
160.54,19,1,1415,1,0,0,0.7245,0.0479,Card,0
964.85,13,0,1139,1,0,1,0.8945,0.1873,Ecommerce,0
878.48,11,1,965,2,1,0,0.6069,0.2737,UPI,0
1459.6,14,0,2312,1,0,0,0.7313,0.3566,NetBanking,0
554.47,13,0,2161,1,0,0,0.7573,0.1742,UPI,0
7942.44,11,0,800,1,1,1,0.7294,0.4024,UPI,1
1298.07,20,0,1205,2,0,0,0.7798,0.4136,Ecommerce,0
1400.42,17,2,800,2,0,0,0.6387,0.2147,Card,0
1348.97,4,0,2593,1,0,0,0.8762,0.3743,UPI,0
3143.38,19,0,1206,4,0,0,0.921,0.4465,Ecommerce,0
2007.85,4,0,2726,2,0,0,0.7672,0.1602,UPI,1
1744.32,1,0,817,1,0,0,0.6887,0.3,Ecommerce,0
2375.07,10,0,1387,2,0,0,0.8515,0.5307,NetBanking,0
161.44,9,2,98,3,0,0,0.4991,0.3715,NetBanking,0
167.97,18,1,23,2,0,0,0.7801,0.1863,Wallet,0
1012.46,16,0,107,1,0,0,0.8772,0.101,Card,0
891.09,1,0,237,2,0,0,0.7327,0.3658,UPI,0
2015.86,11,1,3248,3,1,0,0.8793,0.2426,Wallet,0
1119.93,19,0,963,1,0,0,0.8921,0.455,Card,0
2020.21,17,0,1864,0,0,0,0.6455,0.3193,Card,0
296.52,12,0,3338,5,0,0,0.8353,0.2173,Card,0
1084.33,14,0,1708,1,0,0,0.4743,0.2893,Wallet,0
268.24,13,0,1382,3,0,1,0.7273,0.114,UPI,0
1646.16,5,1,2553,0,0,0,0.6749,0.1819,Ecommerce,0
152.6,13,0,2606,2,0,0,0.5483,0.1194,UPI,0
1580.86,16,0,358,2,0,0,0.2528,0.6224,UPI,0
234.52,1,1,3276,0,0,1,0.9145,0.3281,UPI,0
733.11,16,1,436,3,0,0,0.556,0.3189,UPI,0
2806.45,5,0,1200,2,0,0,0.7539,0.8284,Card,0
1392.35,0,1,3336,2,0,0,0.6039,0.2451,UPI,0
194.82,18,0,1967,2,0,0,0.6389,0.0939,Ecommerce,0
541.31,9,0,1992,1,0,0,0.9193,0.3143,UPI,0
226.68,9,1,2984,1,0,0,0.4879,0.3149,UPI,0
185.03,14,0,1574,2,0,0,0.8769,0.5034,Ecommerce,0
1240.84,13,0,2154,4,0,0,0.7445,0.2573,Card,0
1974.98,14,0,1912,4,0,0,0.9545,0.0667,Card,0
1741.73,22,0,398,5,0,0,0.8698,0.2121,Wallet,0
2064.74,15,0,1070,1,0,0,0.4451,0.0631,Card,0
1083.0,1,0,2695,0,0,1,0.7796,0.3128,Wallet,0
822.99,5,1,1154,2,1,0,0.9279,0.0488,UPI,0
355.41,10,0,3164,3,0,0,0.7344,0.0354,Wallet,0
690.85,11,0,3357,4,0,1,0.9016,0.134,Card,0
273.85,8,0,2692,1,0,1,0.9124,0.0201,Ecommerce,0
451.5,4,0,9,1,1,0,0.8729,0.0715,Ecommerce,0
1203.96,2,1,2635,1,0,1,0.7002,0.54,Card,0
969.04,3,1,3434,1,0,1,0.7667,0.3896,Card,0
27390.85,22,0,2646,2,0,0,0.7499,0.1645,Card,0
266.91,9,0,2233,2,0,0,0.5891,0.3015,NetBanking,0
961.65,23,0,2146,2,0,0,0.773,0.2582,NetBanking,0
245.94,8,2,1737,2,0,0,0.6863,0.1664,UPI,0
729.84,7,0,872,1,0,0,0.6432,0.459,UPI,0
761.7,11,1,1675,3,0,0,0.4552,0.3111,Card,0
2662.77,22,1,3188,3,0,0,0.926,0.3079,UPI,0
683.93,13,0,305,2,0,0,0.7869,0.3205,UPI,0
897.05,0,0,457,2,1,0,0.3551,0.222,Card,0
697.96,6,0,3063,3,0,0,0.9499,0.4647,UPI,0
251.87,23,0,2896,2,0,0,0.7678,0.4022,UPI,0
552.96,3,0,1790,4,1,0,0.7258,0.1669,NetBanking,0
734.34,20,1,1262,5,0,0,0.731,0.3337,UPI,0
1185.02,22,0,394,4,0,0,0.7152,0.1938,UPI,0
1972.18,5,0,2360,2,0,1,0.4994,0.15,Card,0
857.2,13,0,1890,1,0,0,0.539,0.2475,Ecommerce,0
841.52,14,0,2819,5,0,0,0.3396,0.4508,Card,0
180.03,19,0,1273,1,0,0,0.7526,0.1942,UPI,0
1932.79,19,1,2796,3,0,0,0.9012,0.3806,Card,0
528.11,1,1,3341,3,0,1,0.7431,0.0847,Ecommerce,0
2403.01,7,0,569,2,0,0,0.761,0.2796,UPI,0
4368.88,22,0,2678,0,0,0,0.7828,0.2761,UPI,0
900.27,8,1,2140,2,0,0,0.91,0.1516,Card,0
374.47,5,2,1431,1,0,0,0.9445,0.2476,UPI,0
1077.57,15,0,756,0,0,1,0.915,0.1355,UPI,0
1581.51,4,0,547,4,0,0,0.3212,0.1867,UPI,0
787.37,3,0,398,2,0,0,0.4926,0.1624,UPI,0
606.53,19,0,936,3,0,0,0.65,0.4506,UPI,0
1981.7,2,0,1800,3,0,0,0.8351,0.1448,UPI,0
1849.11,21,1,1886,0,1,0,0.7019,0.0189,UPI,0
762.34,5,0,3456,1,0,0,0.8898,0.109,Card,0
193.1,2,0,2596,1,0,0,0.7383,0.2566,Card,0
1770.82,17,1,3435,2,1,0,0.9511,0.6336,Card,0
489.95,4,1,2640,2,0,0,0.7261,0.3726,Card,0
1373.42,8,2,2009,3,0,0,0.718,0.1675,Card,0
1285.26,8,1,2859,4,1,0,0.9421,0.2157,Ecommerce,0
150.9,12,0,2704,0,0,0,0.8697,0.3495,NetBanking,0
1194.09,11,1,2828,3,0,1,0.8421,0.2503,UPI,0
1882.32,4,0,879,1,0,0,0.2525,0.1252,UPI,0
2140.96,5,0,2536,1,0,1,0.6909,0.056,UPI,0
1240.46,4,0,790,3,0,0,0.7599,0.3071,UPI,0
137.55,1,0,1116,4,1,1,0.5729,0.1568,Card,0
4192.01,15,0,2474,3,0,0,0.7871,0.1881,NetBanking,0
1688.46,11,0,1771,1,0,0,0.7774,0.1838,UPI,0
309.98,2,0,2752,0,0,0,0.6819,0.2363,NetBanking,0
479.55,7,1,2523,8,0,0,0.8293,0.2051,UPI,0
1397.98,16,2,2598,1,0,0,0.5745,0.2378,Ecommerce,0
2238.97,6,0,523,0,0,0,0.9564,0.5196,UPI,0
656.97,9,0,372,1,0,0,0.8003,0.4467,UPI,0
2609.21,17,1,874,3,0,0,0.591,0.1377,Card,0
166.93,16,0,1251,5,1,1,0.6019,0.1833,Card,0
367.02,16,0,2870,2,0,0,0.8062,0.2141,Card,0
125.51,9,0,161,3,1,0,0.9496,0.308,Ecommerce,0
427.4,11,0,1894,4,0,0,0.7196,0.2442,UPI,0
5342.67,20,0,2753,1,1,0,0.7185,0.0936,Card,0
9515.64,20,1,1275,3,0,0,0.8613,0.2442,NetBanking,0
1402.93,1,0,1095,4,0,0,0.5013,0.3793,Card,0
560.96,20,0,721,2,1,0,0.9458,0.3302,UPI,0
868.94,21,0,1508,0,0,0,0.9592,0.106,Wallet,0
1802.64,22,0,2157,3,0,0,0.7803,0.3012,UPI,0
212.48,6,0,2029,3,0,0,0.7474,0.4822,Card,0
601.17,12,1,2977,2,0,0,0.6547,0.34,Ecommerce,0
4947.5,1,0,8,2,0,0,0.8672,0.4666,UPI,0
365.77,2,1,1029,4,0,0,0.6814,0.0896,Card,0
499.46,13,0,1243,2,0,0,0.5116,0.3245,Ecommerce,0
1111.93,4,0,1374,1,1,0,0.7792,0.0596,Wallet,0
1476.31,5,1,2547,1,0,0,0.8386,0.2297,Ecommerce,0
568.92,7,0,359,1,0,0,0.629,0.4252,Card,0
1188.93,11,0,1006,4,0,0,0.9218,0.4075,NetBanking,0
2076.29,3,1,197,2,0,0,0.6469,0.0481,Wallet,0
8600.06,19,0,1999,2,0,0,0.7212,0.5663,Wallet,0
960.49,16,0,3374,3,0,0,0.7709,0.1105,UPI,0
1050.1,18,0,3420,2,1,0,0.9168,0.2554,UPI,0
5452.48,22,0,174,2,0,1,0.7982,0.1517,Card,0
616.08,14,0,419,1,0,1,0.6122,0.1425,UPI,0
272.99,8,0,2001,3,1,0,0.5257,0.0398,NetBanking,0
1426.19,23,0,943,5,1,0,0.9211,0.3913,NetBanking,0
3394.74,13,1,814,2,0,0,0.9419,0.0947,UPI,0
1602.15,11,0,2396,4,0,0,0.6938,0.1285,UPI,0
990.42,9,0,1081,2,1,0,0.6479,0.0327,UPI,0
239.65,0,0,2097,4,0,0,0.5225,0.2461,Card,0
1031.44,22,0,142,1,0,0,0.9596,0.4145,UPI,0
4003.05,19,0,3423,0,0,0,0.7245,0.1109,UPI,0
300.12,16,0,302,3,0,0,0.8963,0.3682,Card,0
848.11,5,0,127,3,0,0,0.8674,0.1463,UPI,0
730.07,22,1,1466,4,0,0,0.5611,0.1557,UPI,0
527.11,4,0,3073,2,0,0,0.5546,0.2254,UPI,0
1422.71,5,0,2236,3,0,0,0.7516,0.4681,UPI,0
1746.68,1,0,1713,3,0,0,0.8797,0.0708,NetBanking,0
1727.57,6,1,974,0,0,0,0.7242,0.5943,Card,0
393.21,7,0,799,5,0,0,0.8963,0.1346,NetBanking,0
194.75,19,0,2288,1,0,0,0.754,0.1375,Wallet,0
1444.48,7,0,1765,3,0,0,0.6559,0.302,UPI,0
644.7,22,0,2147,1,0,0,0.3433,0.1783,Card,0
7556.99,7,1,1446,2,0,1,0.6146,0.196,UPI,0
7932.59,12,0,1057,3,0,0,0.9376,0.5038,Wallet,0
8868.17,14,0,633,6,0,1,0.9382,0.1674,Card,0
408.66,19,1,1027,2,0,1,0.2806,0.1721,UPI,1
1993.88,18,0,773,3,0,1,0.7615,0.2785,NetBanking,0
2736.68,20,0,1711,3,1,0,0.6339,0.4411,Ecommerce,0
2431.52,22,0,1013,2,0,0,0.803,0.2137,Ecommerce,0
755.88,2,0,2786,3,0,0,0.8283,0.4222,Ecommerce,0
4201.19,2,1,1935,4,0,0,0.6479,0.1452,NetBanking,0
1097.18,10,1,1075,5,0,0,0.4673,0.4345,UPI,0
1254.52,3,1,297,0,0,0,0.7605,0.1605,Ecommerce,0
218.17,11,0,433,1,0,0,0.7438,0.1687,UPI,0
2158.14,14,1,317,1,0,0,0.7924,0.7195,UPI,0
834.28,6,0,1130,4,0,0,0.9629,0.1307,UPI,0
1786.51,2,1,1165,0,0,0,0.6047,0.193,NetBanking,0
1403.7,23,1,178,4,0,0,0.9501,0.1491,Card,0
1326.08,8,0,2477,3,0,0,0.4711,0.324,Ecommerce,0
1045.24,20,0,1854,2,0,0,0.7512,0.0705,UPI,0
2504.71,14,0,3424,3,0,0,0.7252,0.6022,Ecommerce,0
889.95,15,0,3106,2,0,0,0.9685,0.3148,Card,0
237.95,18,1,48,1,0,0,0.5786,0.3508,NetBanking,0
1993.01,6,0,2451,4,0,0,0.7115,0.628,Card,0
468.97,5,0,3403,3,0,0,0.3088,0.1208,UPI,0
273.01,23,0,2806,2,0,0,0.728,0.2959,UPI,0
374.89,16,0,2403,1,0,0,0.5876,0.3114,Card,0
1476.6,7,0,493,1,0,0,0.9435,0.237,UPI,0
990.94,15,0,3154,1,0,0,0.7023,0.3367,UPI,0
116.83,9,0,2877,5,0,0,0.8802,0.5021,Card,0
733.01,20,2,1880,0,0,0,0.4617,0.0677,UPI,0
3743.19,12,0,3225,2,1,1,0.3637,0.2866,Wallet,0
682.76,7,0,1624,1,0,0,0.7778,0.0744,UPI,0
921.73,16,0,1868,2,0,0,0.7049,0.1535,Wallet,0
3278.5,18,0,2749,0,0,0,0.4702,0.1308,Wallet,0
2528.2,8,0,2522,3,0,0,0.9122,0.0662,UPI,0
3206.19,18,1,1932,2,0,0,0.8005,0.1928,Card,0
59.67,5,0,2742,2,0,0,0.8139,0.3714,UPI,0
6769.61,5,0,3141,1,0,0,0.6449,0.2412,UPI,0
2139.27,19,0,2272,4,0,0,0.5536,0.558,UPI,0
14538.42,14,0,3126,2,0,0,0.3387,0.4335,Wallet,0
482.3,0,0,1442,2,0,0,0.7755,0.1503,UPI,0
172.15,16,0,1859,4,0,0,0.9409,0.083,Card,0
1104.98,7,0,2272,3,0,1,0.6031,0.3634,UPI,0
821.28,6,0,2011,4,0,0,0.476,0.3611,UPI,0
2178.4,10,0,630,6,0,0,0.7829,0.1181,UPI,0
3390.3,10,1,1600,5,0,0,0.7785,0.1256,UPI,0
1000.59,21,0,477,6,1,1,0.8042,0.1015,UPI,0
851.72,10,1,2415,0,0,0,0.5879,0.1446,Wallet,0
1898.57,7,0,2797,2,0,0,0.6849,0.2013,Ecommerce,0
837.86,18,0,2390,2,0,0,0.5161,0.1743,UPI,0
767.41,13,0,3028,5,0,0,0.5907,0.2798,Card,0
3258.4,0,0,2279,2,0,0,0.9438,0.2959,Wallet,0
4116.53,15,1,1331,8,0,0,0.8175,0.643,UPI,0
3422.63,12,0,224,1,0,0,0.9511,0.5194,Ecommerce,0
919.07,13,0,122,1,0,0,0.8849,0.2803,Card,0
115.96,4,1,3372,1,0,0,0.547,0.0816,NetBanking,0
938.59,11,1,2728,4,0,0,0.7342,0.1823,NetBanking,0
494.78,15,1,1179,2,0,0,0.6244,0.2443,Card,0
956.99,16,0,3344,3,0,0,0.8191,0.2743,UPI,0
542.05,16,0,867,0,0,1,0.9191,0.2044,UPI,0
1073.01,23,0,2704,1,1,0,0.9452,0.097,Ecommerce,0
368.25,12,0,744,3,1,0,0.6838,0.2211,Card,0
285.79,10,0,2486,2,0,0,0.8123,0.1564,UPI,0
3959.31,13,0,249,2,0,0,0.4361,0.4879,UPI,0
396.18,7,0,2392,0,0,0,0.6018,0.2917,UPI,0
1097.02,7,0,1603,1,0,0,0.6195,0.1245,UPI,0
2987.64,16,0,2041,2,0,1,0.7648,0.0359,UPI,0
2864.13,7,2,152,2,0,0,0.874,0.2597,UPI,0
2526.5,17,0,1298,4,0,0,0.9085,0.3916,Ecommerce,0
1507.2,17,3,569,5,1,0,0.7408,0.6797,UPI,1
2345.38,22,0,2160,3,0,1,0.7094,0.0969,UPI,0
4636.63,3,1,25,2,0,0,0.6672,0.2531,Ecommerce,0
1713.47,8,0,3167,2,0,0,0.7276,0.3029,Card,0
159.32,18,2,617,2,1,0,0.9411,0.7929,NetBanking,0
629.57,10,0,1829,2,0,0,0.698,0.4013,NetBanking,0
2278.31,15,1,3483,1,0,1,0.5299,0.1303,Ecommerce,0
567.68,17,0,1438,4,0,0,0.6095,0.507,NetBanking,0
6009.59,21,0,1898,0,0,0,0.8628,0.2965,NetBanking,0
1026.24,5,0,3359,2,0,1,0.693,0.4222,Card,0
1199.32,6,2,241,3,0,0,0.8339,0.1903,Card,0
3572.36,11,0,1971,0,0,0,0.602,0.3075,UPI,0
905.07,12,0,1977,4,0,0,0.4598,0.1525,UPI,0
